"wiI7pd"
"Tempatnya cukup luas dan bernuansa alam. Ada berbagai spot untuk berfoto, area bermain dengan kelinci, berfoto dengan binatang, kuda tunggangan,dll. Areanya luas, dengan medan naik turun, kurang cocok untuk yang sudah berusia. Lebih cocok …"
"Pertama kali ke sini lsng ke 2 wahana yaitu floating market dan kota mini. Di kota mini lumayan seru untuk anak anak bermain. Cuma setiap permainan mesti beli tiket lagi. Yang serunya naik perahu bebek dan coba jajanan yang dijual di …"
"Menurut pengalamanku terlalu banyak wahana yg mengharuskan bayar lagi ketika sudah masuk , harganya sekitar 30 sd 50k / wahana. jadi ga terlalu puas main dan menikmati semua wahana yg ada."
"tempat wisata yg baguss, skrg makin banyak yg baru baru, jd makin luas. makanannya jg masih murah lah, banyak jenis makanan sm minumannya jg, tinggal pilih mau jajan apa. sistemnya beli koin kl mau jajan makan/minum, jd keinget papaku …"
"Mengunjungi Floating Market Lembang di weekdays sore, harga tiket 35rb/orang sudah dapet minuman (kopi/cokelat/Milo)
Pas weekdays itu keadaan ga terlalu rame enak buat jajan dan foto foto. …"
"tiket masuk 35k bisa ditukar minuman, di dalam ada beberapa wahana, nyobain rainbow slide nya seru (harga 1x main 30k, ada pilihan all day juga, ada jasa foto gitu, bisa milih mau soft file atau dicetak, harganya 10k ada booth nya, kalau …"
"Datang kesini karna dapet gratisan dari naik Kereta Cepat Whoosh (lanjutan The Great Asia Africa & Farmhouse)
Tiket masuk : Rp. 35,000 (bisa dituker minuman) …"
"Tempat makan sekaligus rekreasi yang nyaman di Lembang, jika anda ke Bandung melalui Subang, wajib mampir ke sini. Tiket dapat ditukar dengan minuman di dalam tempat Wisata. Floating Market dengan banyak sekali menu dan tenan dengan harga …"
"Pas dateng weekend, kalo pagi parkiran rada sepi tapi makin siang makin full. Alhamdulillah parkiran luas, apalagi untuk sepeda motor.
Tiket masuk 35rb, parkir 5rb. Tiket bisa ditukar dengan minuman, ada coklat …"
"Floating Market ini keren banget tempatnya, lingkungan nya asri dan bersih banget, lalu fasilitas yang disediakan juga sangat memadai.
Dan di Floating Market ini banyak sekali wahana yang seru-seru banget, seperti …"
""
""
""
""
""
""
""
""
""
""
""
""
""
""
""
"Tempatnya cukup luas dan bernuansa alam. Ada berbagai spot untuk berfoto, area bermain dengan kelinci, berfoto dengan binatang, kuda tunggangan,dll. Areanya luas, dengan medan naik turun, kurang cocok untuk yang sudah berusia. Lebih cocok untuk anak muda dan yang berjiwa muda. Area tempat makan atau floating marketnya sendiri menyajikan banyak pilihan kuliner, dimana pedagangnya berjualan diatas perahu(tidak bergerak, sudah didesign sebagai booth jualan).
Minusnya tempat ini, banyak lalat beterbangan, khususnya di area floatingnya. Banyak meja dipenuhi lalat.
Aksesnya tidak ramah untuk yang menggunakan kursi roda. Akses keluar masuk ke gerbang utama melewati tangga.
Staff security ramah dan baik, mau membantu menggangkat kursi roda melewati tangga.
Harga tiket masuk 35 ribu per orang (beli di tempat, bisa lebih murah melalui aplikasi tiket), belum termasuk parkir ( dihitung perjam).
Untuk yang ingin berkunjung, sebaiknya menggunakan topi, karena area terbuka dan  cukup terik.
Oh iya satu lagi, untuk yang ingin makan, ada tempat makan yang rekomen, dibelakang bilik toilet, dekat danau. Disini harganya normal ( menurut saya), tempatnya nyaman dan cukup bersih, dan rasanya juga enak untuk ukuran tempat wisata. Saya pesan 1 porsi bakso Rp.35.000,  porsinya banyak dan sangat mengenyangkan, Es Americano Rp.15.000 (ukuran regular), es teh tawar Rp. 5.000"
"Pertama kali ke sini lsng ke 2 wahana yaitu floating market dan kota mini. Di kota mini lumayan seru untuk anak anak bermain. Cuma setiap permainan mesti beli tiket lagi. Yang serunya naik perahu bebek dan coba jajanan yang dijual di perahu. Untuk cara pembayarannya mesti menggunakan koin yg telah mereka sediakan. Jd kita tukar dl di loket pembayarannya, bisa cash maupun qris. Hanya mesti diingat saat penukaran koin ini dikenakan pajak juga. Untuk makanan banyak banget jenisnya. Dari cilok bakar, sate, tahu gejrot, dll. Ada juga wahana ala ala jepang untuk foto2. Musala juga ada baik untuk pria atau wanita. Parkiran juga lumayan luas"
"Datang kesini jam 8.30 Sabtu pagi itu best choice banget sih, belom terlalu rame, masih adem juga. kemarin kita pilih yang Floating Market dan Kota Mini Rp. 50.000 (tp utk main di Kota Mini beda lg ya, per activity itu Rp. 25.000 dan ada …"
"hanya bagus untuk gambar & main rainbow slide saja, makanan terlalu mahal & tidak enak. di sini tiap belian makan & minum harus guna koin, setiap koin yang dibeli tidak boleh di tukar uang kembali, jadi bagus kamu jalan jalan lihat harga yang dahulu kemudian tukar koin secukupnya sahaja"
"Tinggal di lembang dari 2010 dan ini pertama kalinya ane berkunjung ke floating market, wow bgt sih!!
Kesan pertama kesini kurang bagus guys, karena pas bgt turun hujan. Maybe next time i will visit again. See you floating market"
"Tempat yang cocok untuk liburan bersama keluarga, HTM 25k yang bisa ditukar dengan minuman, boleh pilih kopi, milo atau es jeruk. Banyak wahana yg bisa dipilih jg, seperti naik perahu di danau, memberi makan kelinci dll, tentu saja bayar …"
"Tempat wisata paling populer dan favorit di daerah lembang, dengan pemandangan yang indah dan suasana yang syahdu. Tarif tiket sesuai dengan kualitas tempat wisata, Full fasilitas yang memadai, perunjuk arah dan rute informatif, Terdapat …"
"Beberapa kali datang ke sini... tetep masih OK 😊. Akses jalan nya mantap.
Parkiran nya sangat luas, bisa untuk puluhan mobil dan belasan Bus.
Di dalam area kita bisa menikmati bermacamw wahana. Kolam, naik perahu, bermain …"
"Tempat wisata yang cocok juga untuk wisata keluarga bersama anak2. Selain menjual konsep floating market yg bisa dinikmati dengan sistem penjualan menggunakan koin. Pilihan menu makanan juga banyak. Selain itu kita juga bisa menikmati …"
"Tempat yang seru, didalamnya kita bisa memilih kegiatan apa yang ingin kita jelajahi, mulai dari jajanan kuliner, rainbow slide yang agak thrilling, ATV offroad, kota kecil, kolam renang, go kart. Untuk tiket masuk cukup murah hanya 50k seorang udah free naik rainbow slide. Untuk tiket permainan lainnya berbayar lagi."
"Tiket masuk sekitar Rp 35rb per orang, sudah termasuk free minum. Area wisatanya cukup luas dan instagramable. Kami tidak sempat eksplor semuanya karena saking capeknya jalan kaki. Banyak spot wisata yang ramah anak seperti perosotan …"
"Luas banget.. siapkan fisik untuk jalan-jalan mengeliling tempat ini, banyak spot-spot foto cantik,    permainan rainbow slide harga 30K per orang per 1 kali main.. wahana ini setinggi 25 meter dengan panjang 125 meter.. bikin jantung …"
"Woaah super seru! Bayar masuknya itu 35 ribu per orang, parkirannya luas, tempatnya bersih, asri, dan ramee bgt kalo weekend.
Cobain naik rainbow slide harganya 30ribu, nanti foto bs dicetak atau dikirim by …"
"Aku suka kesini
tiket murah bisa tuker minuman
banyak spot foto, taneman , penyegaran penghijauan. …"
"Enak untuk ajak anak anak dan keluarga , ada berbagai jajanan di dalam, kalo masuk tiket dapat di tukar dengan minuman, parkir luar, terdapat pusat oleh2 di area parkirnya"
"Saya berkunjung kesini waktu sore dihari minggu , lumayan ramai pengunjung , saya pesan tiket masuk yg sepaket dgn rainbow slide 50k , tiket msuk bisa ditukar dgn minuman ,  kalau mau beli makanan harus menggunakan koin yg sudah disediakan …"
"Floating market lembang ada banyak spot tempat, bukan hanya floating market yang bisa ditemui tetapi banyak spot foto menarik, salah satunya spot foto ala jejepangan. Untuk foto di booth yang di sediakan membayar harga 15-25 ribu. …"
"Menurut saya Floating Market Lembang termasuk destinasi wisata yang cocok untuk keluarga maupun yang pasangan. Khusus untuk keluarga, suasana dan fasilitasnya dapat dinikmati oleh orang dewasa dan anak-anak, lansia pun bisa. Saat saya ke …"
"Areanya cukup luas. Ada kolam di tengah-tengah. Dipinggiran ada tempat jualan terapung. Beberapa spot foto, bayar tersendiri. Cocok bila melakukan kunjungan bersama keluarga atau rombongan."
"Floating market lembang salah satu tempat rekreasi yang wajib di kunjungi jika kedaerah lembang, di sini tempatnya sejuk, teduh dan pemandangannya juga bagus karna ada banyak pohon dan danau yg tenang dan bersih"
"kalo kebandung selalu sempetin kesini, walaupun udah afal bgt rute dan apa aja yg ada didalem sini..rasanya ke lembang ga afdol kalo ga kesini 🤍 anw, makanan di floating termasuk makanan dgn harga standart loh, ga ngetok kok harganya..kayanya ini alasan jg deh bikin ketagihan kesini... …"
"Kesini pas banget lagi dapet free htm karena pake Whoosh (KCIC) lumayan hemat htm 35rb. Tempatnya nyaman, wahananya juga banyak pilihan bayar lagi ya tapi ada ATV,Rainbow Slide (30rb 1x), speedway dll. Danaunya bersih tempatnya sejuk.. kalo mau jajan di Floating Marketnya harus beli koin uang dulu ada ppn 10rb. Makanannya bervariasi."
"Sebenarnya ini taman rekreasi yg pas untuk keluarga dan anak anak cuman saya aga ribet dgn cara jual beli makanan di floating marketnya yg harus ditukar koin"
"Tempat ny luas bangett,sangat kids friendly.
Banyak wahana permainan buat anak dan kluarga d sini.
Spot fhoto ny juga banyak. …"
"Tiketnya murah, parkirnya luas. Banyak wahana lg di dalemnya. Sejuk dan adem bgt.. dapet kopi jg. Mnta air panas jg dksh baik bgt abangnya."
"Tempat wisata yg cocok untuk kulineran utuk kulineran ada berbagai macam makanan dengan kisaran harga 10K-30K, dan untuk membeli makanannya harus menukarkan uang  terlebih dahulu menjadi koin. Kemudian banyak tempat duduk untuk bersantai …"
"so far oke untuk jalan2 bersama temen, sodara, pacar (kalo punya 🤣). tempatnya masi asri bnyk hijau2 buat healing. Tiket masuk 35rb per orang, di dalem kalau mau naik perahu, wahana lainnya, beli makan masi perlu bayar lagi tp masi sangat terjangkau …"
"Tempatnya bagus, pemandangannya juga bagus karna ada banyak pohon dan danau yg tenang dan bersih dan banyak wahana juga."
"The place is so good to bring your kids here.
Tapi nyari jalan masuknya susah banget. Dn kalo lagi high season macet. …"
"So far, paling menarik minat : rainbow slide nya. Yg lain, spot foto2 & naik perahu. Warung2 perahunya menarik sih tapi nggak nyobain"
"Beragam kuliner dan wahana permainan tersedia di sini. Tempatnya juga cukup bagus. Salah satu yang wajib dicoba adalah seluncurannya!!"
"sudah beberapa kali kesini, dan anak anak tetap suka. Tantangannya hanya perjalanan menuju lembang nya, harus pagi pagi sekali agar tidak terkena macet. Parkirnya banyak, hanya gak ada pohonnya jadi panas. Didalam ada restorannya juga jadi …"
"Tempatnya nyaman, suasananya adem. Naik perahunya seru, pemandangannya juga cantik. Di saranin datengnya pagi, karena kalau siang mataharinya terik sekali."
"Udah yang ke 5 kalinya kesini,.. untuk tiket masuknya cukup murah 35rb, namun harus bawa uang lebih karna di dalam untuk masuk ke kota mini, rainbow slide, outbond, dll masih harus bayar lagi. Ditambah banyak jajanan kuliner di dalamnya.. …"
"Viewnya bagus sih tapi harganya ngerampok. Makan harus pakai koin non-refundable, transaksi QRIS minimum Rp. 50 ribu, makanan over-rated. Sekedar bagus buat view dan activity aja. Kalo gak butuh-butuh amat, mending jajan di luar."
"Tempat wisata yg bagus. Pemandangannya sanggat menyejukkan. Beragam jenis jajanan ada di sini. Byk tempat² permainan buat anak2  dan ada juga hewan kecil2  yg lucu cocok sekali buat anak2 dan org dewasa yg inggin melepas kejenuhan 👍👍 …"
"Dgn harga tiket masuk perorang 50 rb,mobil 5 rb ( blm biaya parkir) worthy lah krn banyak tempat keren buat foto foto.cuman sayang kursi & meja tempat makan kecil sekali jd org dewasa susah duduk."
"Seneng bangettttttt dapet kesempatan untuk ketempat iniiii. Tempatnya indah, sejuk, bersih dan keren bgttt. Disana saya main rainbow slide yang sangat seru dan menegangkan. Tempatnya nyaman dan toiletnya bersih"
"Tempat wisata tujuan klo kebandung bareng keluarga besar, krn luas jd sehari kesana g cukup untuk eksplor smua spotnya, tempatnya adem, byk tempat teduh untuk istrht pas kaki mulai pegel ngikutin anak2 kesana kemari 😊 varian makannya …"
"Alhamdulillah bisa kesini lagi, tempatnya bagus, udaranya segar, tidak jauh dari pusat kota, pemandangannya sangat indah banyak bunga dan tanaman lainnya, banyak tmp makan yg relatif terjangkau, saat ke tmp ini (hari kamis) jalanan tidak macet dan di floating market juga tidak ramai. Tersedia juga permainan untuk anak”."
"Masuk 50rb/orang. Parkir 10rb/3jam pertama. Tiket yang didapat bisa dituker minuman, bisa lemon, kopi, atau susu. Disana mau makan pakai koin plastik, uang kita ditukar dengan koin untuk bayar makanan. Harga makanan dimulai dari 10rb untuk …"
"Tempat wisata nya bagus dan cocok untuk keluarga, menyediakan berbagai pilihan seperti floating market, wahana bermain dll. Harga tiket 35 K di weekend dan pasti rame kalau pada saat weekend/hari libur"
"Kawasan wisata ini bagus karena tertata dengan rapi. Banyak tempat pilihan untuk berfoto dan menikmati pemandangan.
Di sini ada kolam renang, perahu, floating market yang menjual makanan dan …"
"Banyak sekali makanan nya
Baso aci nya enak, sate maranggi enak, mie kocok nya juga lumayan
Mesti tukar uang dulu buat di ganti koin biar bisa beli jajan jajan yg ada …"
"Tempatnya sangat rekomen untuk liburan keluarga, teruma untuk wisata kuliner. Makanan enak. Pemandangan dan wahana yang disediakan pun cukup banyak. Untuk harga tiket masuk yang di kenakan seharga Rp. 35.000/orang."
"Ngga salah liburan kesini, tempatnya sejuk banget, bersih dan terawat. Yang suka tantangan boleh coba rainbow slide, untuk tiketnya 30rb sekali meluncur. Kalau mau ambil foto dokumentasi saat meluncur bisa ke area snack & drink dekat penjualan tiket, per fotonya 10rb."
"Wah ini sih jangan ditanya... seru bgt disiniiii udara sejuk sambil bengong doang juga asik banget.. kesini pas weekday rame karena ketemu anak2 study tour sih.."
"Lumayan ramai  mungkin karena weekend dan utk pembelian makanannya harus ditukar dulu dengan koin.. ini lebih cocok buat liburan bareng keluarga besar 😁 …"
"Kemari karena kemauan anak istri n' gank nya, emang udah pada rencana mau ke mari. …"
"Salah satu tempat wisata di Lembang Bandung yang menjadi salah satu wisata yang dikenal turis didalam maupun diluar bandung...Tempat wisatanya enak, ada danaunya...Disini masyarakat bisa menikmati jajanan yang ada di sekitar danau.. …"
"Tempat wisata ini cukup nyaman sebagai tempat wisata keluarga. Berbagai wahana disediakan oleh pengelola. Dari mulai wahana air, becak mini, taman kelinci, rainbow garden hingga wisata kota mini. Fasilitas yang tersedia bagi para pengunjung …"
"Cukup nyaman untuk jadi tempat wisata bersama keluarga. Makanan B aja si."
"Datang ke sini dari pagi ga kena macet...
Makan di sana juga ga padat banget karena belum terlalu ramai.. …"
"Pengalaman perpisahan anak-anak kelas VI SDIT AS SHOF Depok menjadi sangat berkesan karena berkunjung ke Floating market atau Pasar Terapung Lembang …"
"Tempat yg asyik untuk melepas penat dan juga puas-puasin pepotoan karena sebanyak itu spot2 foto estetiknya. Banyak wahana bermain, banyak jajanan, banyak tema2 yg makin bikin tempat ini memberi kesan one stop healing ... Nice ... cocok utk wisata keluarga, arisan, reunian, jamu tamu luar kota"
"Setiap pengunjung akan mendapatkanArea refreshing yg menyenangkan. Seru banget naik rainbow slides nya. Untuk jajanan di dalam area bisa menggunakan cash atau coin."
"Seru juga ternyata makan di pinggir danau, sambil menikmati pemandangan dan perahu2 kecil yang lalu lalang.. menurutku inti dari floating market ini adalah jajanannya. Jajannya lucu pake koin gitu yang kita tuker ke penjualnya, banyak …"
"Makan makan jajanan .......... Rekreasi yang selalu penuh ketika weekend dari penjuru jawa.... Nah ga tau jawa nya mana yang penting yang tinggal di pulau jawa aja hehehe...... Atau dari luar ......lumayan harga nya harga tempat …"
"Sudah lama gak kesini
Sekarang lebih luas. Taman bunganya keren banget
Ada rainbow slide nya juga keren …"
"Suka banget tempat ini, gak nyesel jauh² bawa anak² liburan kesini. Banyak wahana menarik, recommended untuk wisata keluarga."
"Masuk dengan tiket 35.000 trmasuk wahana didalamnya.. Tiket masuk bisa ditukar dengan minuman..
Wahana nya ada atv, kuda, naik perahu,, …"
"Sudah berkali-kali tiap ke bandung slalu kesini suka tempat nya adem ada saung2 buat istirahat dan itu freee alias gratis stand2 makanan cukup beragam dan harga nya menurut saya lumayan agak sedikit mahal ada ppn nya juga jangan lupa kalau mau jajan2 harus tuker koin dahulu"
"Perdana kesini di Bulan Maret dan ga nyesel, meski setengah hari hujan-hujanan.

Berangkat pagi dari hotel di weekday, jalanan tidak macet. Tiket masuk bisa …"
"Tempat ramah anak.. banyak wahana.. saking luasnya gk sempet masuk semua, tapi perwahana berbayar kisaran 30 sd 60K"
"Sangat nyaman buat dikunjungi keluarga, pedagangnya petugasnya sgt ramah! Terus pilihan spotnya juga beragam seperti Rainbow garden, mini world, kyotoku, semuanya spotnya keren, harga makanan di sini juga cukup terjangkau, tp jgn lupa buat transaksi di sini harus pakai koin floating market ya"
"Tempatnya bersih, cukup rindang, akses mudah, hanya sering macet di Lembang."
"Tempat nya adeeemmm, toilet nya banyak, ada tempat belanja oleh-oleh, Mushola.... Pokoknya betah deh nongkrong seharian"
"Tempatnya adem cuma kudu kuat jalan aja kalo pengen semua di jelajahi. Makanan nya enak enak, lebih bijak aja belinya karena suhu dingin cepet lapar mending beli yang makanan berat jadi gak boncoss."
"Tempat wisata dan sekaligus tmpt makan tg banyak pilihannya ud cemal cemil,Disini paling seru main rainbow slide nya....."
"sebuah opsi tempat wisata ramah semua umur bagi yang akan berlibur ke Lembang bersama keluarga. Mulai dari masuk ke area, kita akan mendapatkan voucher minuman hangat gratis yang bisa kita redeem sewaktu-waktu. Area lainpun tak kalah …"
"The best amusement park in Lembang, paling lengkap wahana dan hiburannya, perlu 1 hari penuh untuk bisa maksimal menikmati wahana2 👍👍👍 …"
"Udah ke 3x nya kesini. Tempatnya luas, adem dan banyak spot foto. Cocok untuk wisata keluarga. Recomend🥰 …"
"Harga tiket 35k di weekend, dan dapat minuman di pintu masuk. Berbagai macam kuliner ada disini sistemnya pakai koin yg sudah disediakan. Banyak spot foto yang bagus, dan ada kawasan jepang gitu, dan bisa sewa kimono"
"Tiket masuk perorangan 35k.
Tempatnya luas, banyak spot buat poto.
Banyak jajanan juga diperahu apung. Jajanan enak2 . …"
"nyobain rainbow slide...
untuk market floatingnya sistem coin ditukarin dengan uang.
harga 35k per 1 org buat masuk"
"Tempat wisata yang nyaman, asri, sejuk.. Banyak wahana yg juga tersedia ditempat tersebut. Berhubung berkunjung di hari biasa bukan akhir pekan jdi lebih sepi untuk bisa nikmati setiap wahana yang mau dinikmati."
"Seruuu sihh... Anak anak happy banget kesini. Datangnya weekday, tp lumayan ngantri juga. Rainbow slide nya anak anakku suka banget"
"Tempat wisata yang berada di Lembang. Harga tiket masuk 35rb/orang saat weekend. Didalam floating market terdapat banyak destinasi wisata yg lain seperti kota mini yg berbayar seharga 25rb/orang. Jika beli diawal dengan tiket masuk floating …"
"Tempat yg sangat nyaman untuk bersantai dengan keluarga banyak spot"" Foto yg keren, food court banyak pilihan harga bersahabat untuk bisa berbelanja harus menukarkan uang kita dengan mata uang mainan yg berlaku d floating market + PPN pastinya dan ada juga rainbow slide lumayan buat meningkatkan adrenalin sebentar"
"The best 👍
Bawa rombongan skalian booking lunch disini.
Disediakan jogjlo untuk makan rombongan, makanan prasmanan dengan menu & rasa yg …"
"Tempat berlibur keluarga yang lengkap fasilitasnya. Banyak pilihan bisa kita nikmati. Dari macam² kuliner ringan sampai berat. Arena bermain anak² sampai dewasa. Parkir luas bisa untuk kendaraan besar seperti Bis. Cuma akses jalan masuk kendaraan yg agak sempit."
"Sudah beberapa kali kesini, dari jakarta rela macet2an, menikmati suasana yang tenang dan sejuk. Selalu jd destinasi wisata yang recommended."
"Tiket masuk 35k bisa dituker minuman. Banyak tenant makanan di perahu terapung. Cobain sate maranggi lumayan enak 35k. Minusnya di wahana yang race mobil 60k 5menit kurang worth it. Tapi secara keseluruhan lumayan lah"
"Tempat wisata kelurga ternyaman sebandung,akses mudah prkiran luas,kolam renang ada,kolam ikan ada,danau ada,perahu ada,mushola sama wc bersih dimana mana,sebelum masuk tukar tiket sama minuman dulu,banyak wahana bermain anak anak,tapi …"
"Tiket : Rp.35.000/orang
anak 3 th sudah bayar tiket full..
suasana : sejuk, walau keliatan panas terik tp udaranya sejuk jd ga sumuk …"
"Beberapa kali kesini udaranya masih enak banget langitnya biru, tanaman masih bagus semua, anak anak juga suka main disini, jajanan banyak 🤍🤍🤍 …"
"Tempatnya ok banget buat liburan keluarga, banyak wahana dan ada jajanan yang rasanya enak-enak, jadi pengen beli semua jajanannya 😁, cuma waktu itu pas kesini habis lebaran rame bangettttt …"
"Berbagai makanan tersedia disini dijual dengan perahu perahu kecil. Banyak juga spot main untuk anak-anak, salah satunya adalah mini train yang cukup menarik. …"
"Makin bagus tempat nya....tapi kurang tempat buat berteduh. Sabtu tgl 25 November 2023 kemarin datang dan baru sampai kandang kelinci malah hujan deras......dan susah mencari tempat berteduh...."
"Keren deh bagus dan luas bgt tempatnya. Htm 50rb/orang bundling tiket floating market + kota mini beli di pintu masuk. Anak 2 tahun sudah kena htm ya …"
"makanan di floating market was so yummy. harga nya juga murah banget, tempat nya bagus buat dijadiin taman rekreasi keluarga."
"Wisata yg ok. Tiket 35k free minuman (cofee, coklat panas, teh) didalam bayar lg ya bagi yg beli"""
"Tempatnya nyaman buat jalan keluarga, harga jg terjangkau, bnyak saungnya, free lagi. Tips hemat, beli tiket online, lebih murah Dr on the spot"
"Tempat liburan menarik, untuk liburan bersama keluarga cocok banget. Ada berbagai spot untuk foto Dan permainan seru juga menarik. Liburan jadi seruuu"
"Lembang selalu ramai ya, akhirnya kesampaian main kesini karena tempatnya tidak jauh dari tempat menginap. Biaya masuk Rp 35,000,-. Bisa ditukar minuman kopi, coklat atau es jeruk. Tapi sayang kekuranganya untuk jajan di area floating …"
"Nggak nyesel ke sini. Banyak spot foto, wahana permainannya lumayan banyak untuk anak-anak ataupun orang dewasa ada (bebek gowes, naik kapal, main virtual reality, rainbow slide, ATV, dll), kolam renang gratis (nggak udah bayar lg) dan yg …"
"Tempat wisata yg berupa pasar terapung Letaknya berada di Lembang Bandung, tiket masuk terjangkau dan bisa ditukar dg welcome drink, untuk anak2 dibawah 80 cm masuk gratis. Suasana sejuk, banyak tempat duduk dan saung nyaman kalau kita bawa …"
"tempatnya sangat Bagus, Bnyak Spot photo
Ada Wahana Buat anak Kecil juga
Cocok Untuk Liburan Keluarga"
"Tempat nya bagus, sejuk. Banyak spot foto dan wahana. Seru, tiketnya murah bisa ditukar dengan minuman"
"Tempat cukup luas, ada beberapa wahana untuk anak, bagus untuk jalan jalan bersama keluarga, nyobain rainbow slide nya"
"Masuk weekday 35rb/orang diluar parkir (bayar saat keluar sesuai jam parkir).

Lumayan bnyk spot foto & permainan tp syg utk permainan semua nya berbayar spt …"
"Tempat bagus untuk menikmati waktu bersama keluarga dan suasana pedesaan juga bagus di sini, ada banyak permainan juga yang bisa di coba"
"Sebelum masuk ke parkiran langsung di suruh bayar 35k/orang
Semua wahana di sini berbayar
••Atv 50k 2xputaran …"
"Tempatnya cocok buat kuliner n tempat main anak2..."
"Suasananya oke, ada banyak spot foto baru yang sayangnya beberapa diantaranya berbayar. Sekarang kalo tuker koin di pasar apungnya dikenain biaya 10%, jadi kalo kita tuker 50rb jad 55rb"
"Tempatnya nyaman dan sejuk karena banyak pohon juga akses ke Toilet juga tempat makan tersedia cukup banyak.
Untuk makanannya cukup beragam dan rasanya lumayan, harga  berkisar 10rb-40rban …"
"salah satu tempat wajib bagi para wisatawan yang jauh2 datang ke bandung.."
"Salah satu tempat wisata yang recomended untuk liburan keluarga. Baru tiba dipintu masuk sudah dapat wellcome drink dengan menukar tiket. Transaksi disana menggunakan coin yang bisa didapat ditempat penukaran coin ditambah pajak 10%."
"Manteeph....harga makanan dan minuman juga ga terlalu mahal..variasi makanan banyak 👍
Yang jadi makin oke itu adalah welcome drinknya ga main-main yees, segeeer..... …"
"Tempatnya luas dan bagus banget. Spot fotonya banyak, wahana bermain juga ada. Rekomen banget ke sini"
"Salah satu spot wisata di lembang bandung yang banyak pilihan kuliner masakan tradisional yg lengkap enak dan menarik..cocok untuk wisata keluarga sambil kuliner..makanan nya enak2 dan banyak makanan tradisional disini.."
"Floating Market Lembang cocok untuk Liburan keluarga. Pemandangan asri dan bersih, ada wahan Perahu, sepeda air, ATV dan Rainbow Slide. Banyak makanan yg di jual di perahu kecil dan untuk pembayarannya kita harus menggunakan coin yg sudah …"
"Lokasi floating market yang berada dibandung barat, menjadi pilihan yang tepat sebagai wahana rekreasi keluarga,,,
Tempat ini menyediakan banyak pilihan spot berfoto dan edukasi untuk anak,,, …"
"Kl kesini, wkt byr tiket masuk, mintalah tiket ke petugas, krn kl sdh di dlm tnp tiket, tdk bs ditukarkan minuman dan jwb an petugas di konter penukaran tiket sgt mengecewakan, katanya “gak mungkin gak dikasih tiket” woo lah petugas asal jeplak omongannya. Kejadian sabtu 5 agustus jam9.45👎🏽👎🏽👎🏽👎🏽 …"
"Tempat bagus
Banyak pilihan wahana
Cocok untuk liburan keluarga"
"Tempat asik buat healing bersma keluarga terutama buat yg punya anak kecil balita s/d 15thn..banyak wahan permainan seru yang bisa dicoba..makananya juga seru2..tinggal beli koin yg bisa ditukarkan di tiap perahu..murah meriah dr harga 20rb …"
"Makanannya gada yg enak nyobain sekian banyak mana nunggunya lama"" :( rameee bgt pas ksni, desak""an, aplg tempat dah, susah bgt dptnya. Lmyn sejuk krn di bandung, tempatnya luas lmyn oke, ada binatang""nya jg, ada soang""nya juga lucu."
"Kesini pas bgt udah capek keliling jd gak sempet coba raimbow slide sama rainbow gardennya. Tiket masuk 35k. Jajannya lumayan, ada yg mahal ada yg ngga"
"Worth the family trip. Ada beberapa wahana yang mesti bayar lagi tapi harganya ga termasuk mahal kok. Banyak pilihan kuliner juga"
"Konsep pasar apung yang berada ditepian telaga dan permainan telusuran seperti yang ada di taman Celosia Semarang dan di taman Santera de lafonte Pujon Malang"
"Seruu tempatnya luas banget.. puas banget kelilingin dan naik beberapa permainan.. udaranya sejuk, dingin.. tiket masuk murah meriah.. banyak spot foto.."
"Nyobain sate maranggi, enak tp lemaknya banyak harganya 35rb per porsi, untuk makanan sih biasa aja ya menunya. Ini yg kedua kali kesini, kalau dibandingkan dengan tahun 2019 lalu menurun sih. Dulu ikannya banyak banget dan kelihatan dari atas, sekarang enggak."
"Bagus bangeeet tempat nyaa... cocok buat acara keluarga ghedering dll lhooo"
"Klau yang tidak naik kendaraan bisa naik angkot L300 warna cream. Turun langsung di depan floating nya."
"Tempatnya nyaman, banyak juga yang jual aksesoris dan kenang-kenangan
Spot foto-foto juga banyak"
"Tempatnya luas banget , di dalem bisa nikmatin sensasi belanja di pasar terapung , memutari danau dengan perahu bebek , human claw machine ( mesin capit manusia ) , dan beberapa spot foto dengan berbagai pilihan kostum. …"
"Sudah berkali² kesini tetap suka krn alami. Tempat berwisata sekaligus olahraga krn harus jalan sambil menikmati pemandangan taman² dan kolam buatan. Banyak kebun bunga, pohon dan ikan² mas di danau. …"
"Untuk masuk area kota mini   dikenakan biaya 50rb/kepala (sdh termasuk akses ke area floating market dan tiket juga bisa ditukar minuman). Untuk bermain di dalam area kota mini diharuskan membeli tiket bermain seharga 25rb/permainan. Di …"
"Destinasi wisata terkenal di Lembang Bandung, ramah anak tersedia banyak spot wisata mulai dari jajanan, games, rumah kelinci, perosotan raksasa dan sewa kostum. Parkiran luas, area wisata rapi, pembelian stand makanan dan minuman menggunakan coins di loket coins."
"Liburan weekend rekomen bagi yg punya anak kecil byk wahana dgn tiket yg terjangkau dan kuliner juga byk pilihan sesuai selera."
"Sangat beragam fasilitas hiburan yang bisa dinikmati. Tempatnya sangat luas dan cocok dinikmati saat liburan bersama keluarga."
"Sekarang tempatnya lebih enak ga kayak dulu, cocok buat liburan dengan keluarga"
"Tempatnya bagus cm sayang kami kemari sudah kesiangan ...jd panas bgt...tp rekomen buat yg ksini ajak family tempatnya bener2 nice sih"
"Kalau datang kesini saat musim liburan, walau pun tempat parkirnya luas, jangan datang lewat dari jam 1 karena kemungkinan besar ga bisa masuk karena udah padat pengunjung. Udah, itu aja 😅😅 …"
"So far so good so nice..
Permainannya lumayan banyak, banyak spot foto juga, pemandangannya bagus, ngenakeun lah pokoq na mah.. …"
"Tempatnya luas dan baguss banget🥰 dari awal pintu masuk sampai ke ujung lagi semuanya seru-seru. best recommend buat ajak keluarga bermain💗 …"
"Cocok untuk liburan keluarga atau bersama teman. Harga tiket 35 ribu per orang.

Konsepnya unik sekali. Di sini kita bisa membeli makanan di perahu yang …"
"First time kesini ajak anak. Senang banget bisa naik kapal pirates. Banyak jajanan. Banyak spot photo dan rapi. Recommend untuk bawa keluarga kesini"
"namanya floating matket, yg terkenal adalah pasar apungnya.. yg membayar dengan koin yg sudah ditukarkan di ksir. …"
"Tempatnya enak buat food hunter, yg suka makan cocok kesini nih, banyak permainan juga, dan fasilitas nya lengkap"
"Nuansa wahananya cukup rekomendasi buat acara keluarga dan group, cukup segar udaranya jauh dari polusi udara kendaraan. Wahana air, hewan dan resto lumayan memenuhi kebutuhan keluarga."
"Masuknya bayar 35rb perorang, dan nanti parkir mobil ada lagi..
Banyak hiburannya sih.. rainbow slidenya mantapp harganya 40rb perorang (dewasa). …"