"wiI7pd"
"Masih enak, cuma agak berubah rasanya kali ini. Tetep akan kesini karena dapat ambiencenya. Untuk datang kesini, harus jalan kaki, mobil parkir sebelum Jl. Alkateri... Nah sekalian aja jalan dari Braga kemari, dapat olah raganya, dapat …"
"Rekomendasi menu di restoran bersejarah (1930) ini:
Roti gulung keju 🤤
Rasanya sedikit lagi sama dengan cafe dairy di Hongkong …"
"Dikasih rekomendasi teman utk kesini nyobain srikayanya, rotinya enak wangi cuma kurang anget aja. Srikayanya enak ga giung, kita kesini jam 4 sore dan sepi jadi bisa lebih nikmatin tempatnya. Harga affordable, kopi itemnya juga enak beda gitu sama kopitiam-kopitiam lain."
"Kembali datang ke warung kopi Purnama pas hari kerja saat jam sarapan. Ternyata pas kondisinya sedang tidak ramai banget. Jadi suasanya benaran santai. Tidak ngerasa dikejar-kejar para pengantri. …"
"Tempat sarapan terlegendaris dan terfavorit di bandung. 🥰

Saya paling suka kopi susu dan roti kaya toastnya plussss jgn lupaa telur 1/2 …"
"Old but gold. Kopinya enak, teh tariknya enak, pisang bakar cokelatnya juga enak. Konsep restonya classic dan tersedia ruang no smoking. Datang kesini sekitar jam 6.30an masih enak bisa milih tempat. Cocok bgt buat sarapan sambil seruput …"
"tempat yang sangat unik, dan mengingatkan pada rumah jaman dulu, penuh kehangatan. saran, bagi pecinta kopi pesannya pisah gula, karena kalau racikan asli, terlalu manis. bagi saya yg ga pecinta kopi saja merasa itu terlalu manis. pisang aroma keju sangat enak. well recommended, bagi yang mau mengobrol santai sembari menikmati kopi"
"Salah satu rekomendasi tempat sarapan kalo di Bandung. Kalo pagi agak lumayan antri tapi pelayanannya cepet dan teratur. Makanan & minumannya worth it semua (dalam foto ada lontomg cap gomeh, tahu telur, dan roti kukus srikaya). Kopi susu panasnya cocok banget sama roti srikayanya 👍🏻👍🏻 …"
"Datang di hari sabtu jam 9 an, alhamdulillah lgsg masuk tanpa waiting list. Bubur (8/10) enak, porsi pas, lontong cap gomeh (8/10) enak, porsi super ngenyangin, roti sarikaya (7/10) menurutku selai nya agak terasa burnt, bukan selera ku, Kopi (9/10) standar enak. Staff ramah, makanan cepat tersedia"
"Baru pertama kali kesini, buka dari pagi, dateng di hari minggu dan pastinya di tempat legend begini ada antrian, tapi nunggunya ga lama, staffnya super ramah dan helpfull. Makanannya enak, aku dateng berdua sm teman, dia pesan tahu telur …"
""
""
""
""
""
""
""
""
""
""
""
""
""
""
""
"Salah satu warung kopi legendaris di Bandung. Kualitas kopi dan makanan dipertahankan dengan cukup baik. Sayang bila memesan bubur atau kembang tahu dari depan harga menjadi naik jauh dibandingkan jika membeli langsung di gerobak depan. …"
"dateng ke warung kopi legendaris se bandung jam 7 pagi belum ada antrian langsung pilih tempat duduk.
pelayanannya cepet. porsi nasi goreng nya banyak banget. pesan roti pindakaas …"
"Tidak terencana kesini awalnya cuma mau cari sarapan bubur dekat hotel.

Authentic old style warung kopi, suasananya bagus banget. …"
"Kalo kesini, beli kopi nya aja deh....
Kopi nya enak, ga ekspektasi bakalan se-enak itu.... Iyalah ya, secara ini legend banget, kalo kopi nya ga enak ya ga bakalan bertahan. …"
"Cocok untuk sarapan sembari menikmati kopi. Tempat tidak terlalu luas tapi masih cukup nyaman untuk makan dan minum. Pelayanan cukup cepat dan ramah. Harga standar, rasa lumayan tetapi parkir agak susah jika menggunakan mobil."
"Pelayanan mantap ramah dan cepat. Makanan enakkkk. Nice ambience di dalamnya kyknya masih mempertahankan bentuk asli ya yang bagian depan? Lumayan ngopi enak sambil menunggu waktu jam kereta balik hehe."
"Warung kopi otentik tempo dulu,. Untuk makanan yang disajikan comfort food dan untuk  kopinya sendiri, terlalu light dan cenderung kemanisan, suasana nya dibuat seperti swperti dirumah nenek, foto dari generasi ke generasi, tempat ini minus tempat parkir, jadi sebaiknya datang mengunakan mengunakan angkutan online"
"Salah 1 rekomendasi sarapan di bandung. Tempatnya sudah lama, tp cukup luas di dalamnya. Ada menu berat, camilan/snack dan beraneka minuman yang enak2. Harganya masih standart. Kalau weekend ramai sekali&agak sulit parkir mobilnya"
"Semua yang dipesan enak!!! Cuma untuk nasi gorengnya mungkin agak overrated ya, cuma overall semua yummy🤤 …"
"Yang istimewa dari tempat ini adalah suasananya. Vibes tempoe doeloe berasa banget. Jarang2 ada tempat makan yang bisa bertahan 4 generasi. Untuk tau nilai sejarahnya bisa langsung berkunjung kesini dan baca di menunya. …"
"Jujur aja nih gak tahu saya salah beli menu atau memang begini.
Coba beberapa menu di sini buat saya rasanya standar saja 7/10 semuanya.
Gado gado 7/10 banyak yg lebih enak di jakarta. …"
"Menyantap minuman dan makanan dengan suasana kopitiam tempo dulu…sayang klo ke bandung gak mampir kemari …"
"Roti selai srikaya emang cocok si breakfast comfort food roti empuk dan srikaya nya so so lah... …"
"Berkunjung pada Agustus 2023

One of legendary coffee shop in Bandung. …"
"""Selamat Mencicipi Hidangan Kami""
Seperti kalimat terakhir yang ada ditulisan berita mengenai profil Warung Kopi Purnama yang dipajang ditembok, memang patut untuk dicicipi, karena seenak itu …"
"Buat yang suka suasana tempo dulu alias jadoel, ini pas...Datang sekitar jam 4 sore, ngga terlalu ramai.
Yang da best adalah Kopi susu panas nya 👍
Racikannya pas banget.. …"
"Datang di hari weekend sebelum jam 7 udah antri. Bubur ayam alkateri pas di depan warung kopi purnama, jd ada antrian bubur di sisi depan yg juga sama banyaknya. Kopi enak, roti kukus selai srikaya jg enak, tp a bit manis utk lidahku. …"
"Kesini waktu sarapan, pesen bubur ayam, roti srikayanya dan es coklat susu. Rasa buburnya gurih dan enak, toppingnya banyak jadi tiap nyendok pasti ada toppingnya. Untuk roti srikayanya lembut, tipe roti jadul, dengan selai srikaya yang …"
"Wah ini tempat wajib tiap ke bandung, buat breakfast cocok banget, cuma emang agak ngantri kalau sabtu, jangan lupa pesan kopi susu nya, sama roti bakarnya.. theee bessstt"
"Nyobain roti srikayanya dan rasanya menurutku memang enak👍🏻

Dateng kesini untuk sekedar sarapan, yang lokasinya juga gak jauh dari alun-alun …"
"Berkunjung kesini serasa datang ke rumah nenek di tahun 80an. Seolah-olah waktu terhenti disini. Suasana jalan, kedai, menu makanan, kopi, furniture semua mengingatkan kita akan romantisme masa lalu... 🥰. …"
"Buka jam 7 pagi, jam jam segitu juga udah mulai antre. Vibesnya emang asik banget buat sarapan. Pilihan menunya juga banyak."
"Dateng kesini 3 menit sebelum buka dan udah banyak pengunjung. Untuk bagian Roti, tiap weekend hanya sedia Roti kukus. Pesan Roti kukus palm sugar (8/10), telor 3/4 mateng (8/10), es kopi susu (9/10). Rotinya lembut, palm sugar gak bikin …"
"Warung kopi purnama. Tempatnya enak, nyaman dan makanannya juga enak. Sayangnya kalau kesini kadang bingung parkir dimana karena lumayan padat lalu lintas dan parkirannya disamping jalan ☺️"
"Roti bakar srikayanya enak. tempatnya nyaman, datang ksana pas hujan jd adem banget.
Awalnya bingung mau parkir motor dimana, karena awalnya kirain ga ada tukang …"
"Kopinya enak, sepertinya dicampur dengan santan, recommended. Tempatnya nyaman. Makanannya biasa saja seperti makanan pada umumnya. Roti coklat tapi tepatnya roti meses. Pelayannya harus lebih ramah dan telaten dalam menjawab pertanyaan pembeli terkait menunya."
"Legend.... 👌👌👌 enak roti srikaya homemade-nya
Blm sempet coba menu yg lain.. …"
"Ambiencenya vintage banget, tempatnya nyaman n bersih. Bestnya yg di cobain roti srikaya, roti pindakas, bubur ayam, kopi susu. Harganya bersahabat banget roti 18rban aja."
"Kalau datang pagi-pagi antrean tidak panjang. Lebih cepat dapat meja kalau cuma berdua. Roti bakar sarikaya nya yang paling enak. Harga biasa aja, ga mahal. Teh susunya enak."
"Kayaknya kalau dateng buat breakfast di sini cocok banget siii.. kopi susu dan kaya toastnya.. perfect match. Tempatnya juga jadul gitu, seperti toko kopi jadul pada umumnya tapi lebih gaul krn gak ada kalender harian! Yang bikin gemes, dia pajang foto pemilik dari generasi ke generasi 😍❤️ …"
"Salah satu kopi legend di Bandung yang harus masuk list. Sudah buka dari jam 7 pagi dan kalau weekend pasti anti. But worth it to wait."
"Kopitiam Bandung!

Find out kalau pemilik nya orang medan, engga heran kalau konsep nya kopitiam. …"
"Nyari breakfast di jalan asia afrika warung kopi purnama ini bisa jadi salah satu opsi. Tempatnya jadul dan pelayanannya super fast. Roti srikaya dan kopi susu panas nya enak tapi terlalu manis untk lidahku😄😁 …"
"Roti sarikaya nya enak, buat nostalgia dengan selai sarikaya Sumatra Utara yg warnanya lebih gelap dan rasa kelapanya strong. Lontong cap go meh nya enakk, ada serbuk udang (seperti koya), potongan daging dan suwiran ayam, kuahnya kaya rasa …"
"overall rasanya (both food & drink) terlalu basic utk sebuah tempat legendaris warung kopi / semacam kopitiam, nothing's special... so sorry for the rating based on my personal taste & preferences🙏🏻 …"
"Warung kopi yang legend, crowded sekali saat weekend. Parkir terbatas karena berada di area ruko. …"
"Makananya enak, ketika kita sampe sudah disambut dengan antrian panjang. Sepertinya ini warung kopi populer banget.saya mencoba order signature foodnya dan kopi susu panas. Atmosfernya seperti warung kopi di belitung long djie atau bangka tung tao. Recommended deh sarapan disini"
"Warung kopi legendaris. Saya sering banget kerja pagi disini. Menu andalan saya adalah bubur ( yang diluar tapi boleh pesan dari dalam ) lalu kopi susunya enak. Kopi item juga enak. Lalu kadang kalau belon kenyang suka pesan roti kukus …"
"Sukaaaa bgt makan disini. Enak², murah, suasana oldschool. Dtg utk breakfast, sedikit antri jd dpt di smooking area. Pesan Roti selai srikaya, Keju aroma, Cireng dan Tahu telur. Dtg pagi² pas jam buka jd gak antri. Klo ke Bandung, mau Breakfast disini lagi 😊 …"
"Salah satu warung kopi legend di Bandung.
Kopinya enak.
Banyak pilihan makanan seperti roti kukus dan roti bakar. Srikaya nya juara. …"
"Makanan bisa dibilang okay tapi tidak spesial. Tempat  nyaman tetapi harus mengantri jika weekend. Boleh dicoba"
"Termasuk warung kopi legend di Bandung. Lokasinya di jalan asia afrika masuk lagi ke dalam jalan alkateri.
Kesini kemaren sudah dari pagi banget, pas sampe jam 6.30 wib masih tutup, udah …"
"Warung kopi legend di Bandung yang super banyak pelanggannya.. Buka jam stengah 6.30 pagi, tapi ketika datang skitar jam 6.45 antriannya udah banyak.. Setelah berdiri skitar 20 menit, akhirnya diijinkan masuk.. …"
"Rasanya lezat gak heran banyak yang rela antri… rasanya mengingatkan suasana rumah orang tua dulu"
"Cafe legend di bandung. Di pusat kota dekat dengan jl asia afrika dan alun alun. Kopi dan coklat nya enak dan yang paling enak roti srikayanya. Suasana jaman dulu nya terasa dengan meja bangku dan bangunan yg masih
Asli. Enak dan nyaman buat nongkrong dan bernostalgia."
"Nyaman tempatnya, makanannya enak dan porsinya banyak, untuk kopinya menurut saya biasa saja."
"Tempatnya bagus dan ala ala retro gitu. Antriannya panjang banget apalagi pas jam sarapan. Ada penjual bubur di depannya. …"
"suasana kopitiam model dulu sangat kental, ruangan asli dengan kondisi yg terjaga membuat pelanggan merasakan suasana jadul yg memang dicari. datang ketika baru buka membuat kami cepat mendapatkan meja yg biasanya harus mengantri bahkan …"
"Serasa di Kopitiam jaman old. Salah satu warung kopi legendaris di Bandung. Lokasinya samping hotel Golden Flower di jl. Asia Afrika. Waktu kesini sedang lumayan ramai jadi masuknya ngantri sampai ada meja yang kosong. Warkop ini kalau dari …"
"Warung kopi yang cukup menarik di Bandung.
Bangunannya berupa bangunan ruko Belanda. Ada area indoor dan semi-outdoor di belakang. Menu yang ditawarkan adalah menu sarapan dengan varian beragam. Saat …"
"Mampir makan siang, nuansa jadoel, perlu inovasi penataan tempat duduk agar lebih nyaman. Pesan tahu telur dan susu murni hangat."
"Ini Warung Kopi legend dari jaman baheula. Jadoelnya natural, berasa turn back time ala warung kopi chinese peranakan jaman baheula. Wajib coba ambience dan crowdnya, roti srikaya simpel tapi otentik. Maknyuss"
"SaBar (SArapan BAreng) ceritanya, antre kurleb 30 menitan sebelum akhirnya dapet kursi. Pelayanannya cepet, makanannya variatif, kalo bingung pesen aja yang ada gambar jempolnya di menu, oiya jalan masuknya kecil dan parkirnya agak jauh dari warungnya"
"Kesini pas antriannya tdk terlalu ramai, kopi susu nya enak, rotinya jg enak"
"Suka sekali sama kopi susunya, dan roti bakar srikaya nya juga enak banget. Lokasi mudah ditemukan, tempat duduk juga banyak, atmosfir nyaman tenang"
"Suasananya klasik, kopinya klasik
Kalo cari yg klasik2 di sini ok
Menu andalannya roti sarikaya
Enak yg bakar"
"Makanan enak, perlu datang awal supaya gak antri, vibes nya klasik"
"Tempat ngopi legend. Kuat banget rasa kopinya buat yang ga kuat ngopi kaya aku bikin susah tidur malem 😁 overall suka banget kesini 🫶 …"
"My ""must go to place"" kalo ke Bandung, karena semua makannya enak-enaaak. Tahu telor is the best, sederhana tapi enaaak. …"
"Kedai kopi legendaris sejak 1930,kopi susu dan roti srikayanya enak,  banyak menu makanan dan minuman lainnya,kedai kopi lengkap dengan menu makan berat dan ringan."
"kopi tubruk nya mantab, roti srikaya nya manis khas gula aren
datang ke sini saat ada perbaikan, jadi agak mengganggu suasana, semoga pekerjaannya lebih cepat"
"Kopi & makanan nya cocok
Harga terjangkau
Pelayanan ramah …"
"Tempatnya vintage, udah ada dari taun 1930. Makanannya standar. Harganya standar. Kalau pagi lumayan penuh. Ga pake AC, masih pake kipas angin. Cuma banyak barang jadul yg masih ada, cocok buat wisata sejarah kota Bandung. Overall cocok buat sarapan, makan roti sambil ngopi."
"Tempat ngopi yang vibesnya jaman dulu, kopi dan rotinya enak."
"Biasa aja. Kopi nya standar cenderung burnt. Nasi goreng hongkong nya kebanyakan mentega hingga mengendap di dasar piring, oily!. The worst part, waiter mengambil roti srikaya yg masih ada di piring tanpa ijin! Hilarious. Suggest the resto to have better quality control."
"klo mw makan dine in hrs antri, ga pake catet nama. aga aneh sih. masa hrs berdiri di dpn pintu. ga disediakan tmpt duduk dan panas jg. ud gt ga ad parkir mobil dan di dlm gang yg cukup padat lalu lalang mbl. antri jg panjang bgt. pdhl tiba …"
"Makananya cukup ok untuk harga per rotian emang lumayan mahal, tapi rotinya sangat lembut. Selai srikaya nya terlalu manis untuk aku pribadi tapi wajib dicoba. kopinya sih best bikin jreeeng sampe malem (untuk aku yg biasa beli kopsu), …"
"Warung Kopi yang sudah ada sejak 1930, lokasinya di jl. Alketeri tidak jauh dari Alun-Alun Kota Bandung.
Area makan terdiri dari smoking room di area depan dan non smoking room di area …"
"Kalo ke Bandung selalu disempatkan ke sini. Kopi susunya legendaris, bukan cafe coffe shop gitu tapi kalo suka kopi susu yang tradisional mirip kopi Kong Djie Belitung, wajib ke sini. Roti kukus srikayanya juga lembut. Love it!"
"Tempatnya nostalgik sekali, menunya juga banyak pelayanannya juga baik dan ramah 🙏👍 …"
"Roti Sarikaya nya enak, tipe sarikaya medan melayu gitu, buat yg suka sarikaya enak sih ini. Mie Tektek goreng nya manis jadi better minta pedes. Kopi susu enak tipe kopi susu kopitiam, manis"
"Kopinya enak...lokasi bagus..tp better drop off aja bwt parkirnya biar nyaman"
"Pagi itu lagi pengen sarapan di luar, googling nemulah si WARUNG KOPI PURNAMA ini, legend Bandung katanya. …"
"Roti kukus Srikaya & Pindakaasnya terbaik sih! Kalau Kopi hitam dan kopi tubruk menurut saya kurang bold kopinya.. tapi not bad lah. Pass dateng lagi sepi, minum kopi diiringi lagu² jadul yang menyenangkan."
"Perihal pelayanan perlu di tingkatkan lagi.
Harga makanan dan minuman udah oke. Rasa tetap terjaga , namun pelayanan mesti bisa di jaga lebih baik lagi, karena persaingan makin ketat. …"
"Selalu antri, tapi rela aja nunggunya.
Kopinya enak, makanan enak 👍👍
Wajib cobain kl ke Bandung. …"
"Datang jam 6.30 masi sepi. Datang jam 7an udah antri panjang. Makanannya enak2 semua disini.
Wajib dipesan : kopi hitam, kopi susu, roti kukus srikaya. Dan bubur ayam depan …"
"Restoran yang sudah melegenda di bangun pada 1930 ini menawarkan hidangan dan nuansa heritage yang menawan, terlebih oleh menikmat sejarah. …"
"Tempatnya nyaman dan pas untuk nongkrong..
Pelayanannya juga baik..
Konsepnya seperti dirumah klasik.. …"
"Cafe dg suasana Tempo Doeloe , sejak jaman Belanda (1930), Letaknya di seputaran PS Baru. Interior vintage dan menu pun masih tetap dipertahankan sejak dulu.
Kopi susu nya enak , cuma kalau yg ga suka manis mungkin ini agak kemanisan. …"
"Salah satu Warung Kopi tertua di Bandung :)

Akhirnya mampir lagi setelah 2 tahun kesini.. …"
"Legendary warung kopi in Bandung!

Vibes nya kaya old town china gitu, lokasinya di daerah pecinan pasar baru, …"
"Masih belom mengerti kenapa masih bertahan sampai saat ini, Padahal kopinya pun tidak ada Special specialnya, rasa kopinya tidak punya ciri khas, rotinya juga ada rasa khas, Harganya terlalu mahal, setara dengan makanan di hotel bintang 5 pelayanannya juga gak banget."
"Ajaib banget sih tempat ini tetep adem ya walau di luar panas, di area teras belakang anginnya semilir sejuk.
Cobain roti srikaya, lumayan lah. Rotinya empuk dan manis. Tapi kalau nggak …"
"Nostalgia roti jaman sd es kopi susu nya enak kalo suka sama kopi susu jadul"
"Tempat ngopi legend di Bandung, suasana seperti zaman baheula, rasa makanan dan coklat susunya cukup enak, rekomendasi roti selai srikayanya enak pake banget. Plus sarapan pagi telor ayam kampung 1/2 matengnya mantab. Jangan kaget kalo …"
"Tempatnya unik karena masih berkesan dengan design bangunan lamanya. Rasa bakmi (kwetiau) kuahnya enak, lontong cap go meh nya juga enak tapi kuahnya agak cair. Roti bakarnya agak biasa aja. Untuk kopi susu tubruknya enak, tidak manis. Tapi …"
"Ambience nya berasa di pecinan, interiornya foto-foto jadul tapi mempunyai nilai seni, tempatnya ternyata luas juga,
Pelayanannya overall 👍, kita  datang sekitar jam 20.00, pengunjung ngga terlalu …"
"Tempat ngopi paling nyaman. Paling suka pesan roti bakar atau roti kukusnya varian Sarikaya, Gula Aren dan Gula Mentega buat nemani minum Kopi Susu. Jangan lupa cobain bubur ayam di depan warung ini, enak rasanya."
"Enakkkkk. Tempat nostalgic gitu. Harga sama kyk Jakarta sih."
"Udah lah namanya juga legend.. all kopi dan makanan disini juara... dibalik enaknya menu ada sejarah pendirinya"
"Kopinya enak banget, bubur oke, tapi sayang telur setengah matangnya failed, jadi telur mateng, keliatan dari kuning telur yg udah keras dan putih telurnya yg udah terbentum, kecewa ama telur setengah matengnya"
"(+) bangunan otentik, khas jaman dulu. Kopi susu enak, baiknya gula dipisah. Roti srikaya juara. Lontong cap gomeh jg wajib coba. Bubur ayam jg boleh jd pilihan. Pegawai cekatan mencatat pesanan sebelum masuk tempat makan. …"
"Setiap ke Bandung ga pernah melewatkan makan di tempat ini. Terletak di jl. Alkateri Bandung. Yang favorit buat saya adalah roti kukus, roti bakar dan buburnya"
"Cita rasa asli sejak 1930. Tempat favorit untuk sarapan di kota Bandung. Meskipun ramai dan antri, tapi pelayanan teratur dan cepat. Ketika makan juga tidak diburu2. Buka dari jam 5.30 pagi, paling enak kalau kesini pagi2 untuk sarapan …"
"Wajib singgah disini untuk sarapan, makan siang atau makan malam, tempatnya vintage, kopinya enak, recommended deh.."
"NYAMAN - dari awal masuk ke dalam cafe suasana nya sangat berbeda, tempatnya nyaman betah untuk berlama lama di dalam untuk sekedar berbincang dengan kawan ditemani dengan kopi dan juga roti, bersih dan juga terawat, ditambah dengan ornamen …"
"Warung kopi sejak tahun 80an, banyak pilihan makanan untuk sarapan, suasana seperti kembali ke masa kecil.
nyobain beberapa menu …"
"Makanannya enak hanya porsi sedikit bagi saya. Yang paling terkenal adalah menu roti bakar cuma tidak berkesempatan untuk mencoba. Menu cepat tersaji hanya saja untuk reservasi perlu untuk lebih jelas karena ada dua menu yang terlewat sehingga ada dua menu yang terlewat."
"Warung kopi yg legend di bandung sejak th 1930 sampai sekarang. Sudah tiga generasi yg mengelola tempat ini. Kopi, roti srikaya, roti gulung telur, gado- gado, lontong cap gomeh dan bubur ayam diantara yg favorit di sini. Buka dari pagi hari...tempat sarapan yg asyik di bdg. Harus coba gaaeesss...recomended bangeuddd...👍👍😁 …"
"Tempatnya kurang nyaman untuk bukan perokok karena walaupun ada tempat untuk no smoking tidak ada pemisah yg menutup rapat, hanya dipisah space saja, jadi masih sangat terbau rokoknya. Untuk kopinya standar saja"
"Rasanya B aja malah overall makanan standard dan tidak ada yang saya sukai secara pribadi.. Mungkin karna histori tempatnya dan ""the power of social media"" . …"
"Ga sengaja nemu warung kopi ini, tapi rekomended buat yang nyari tempat makan atau kongkow di daerah Bandung. Nilai plusnya, pengunjung bisa beli jajan juga dari penjual2 yang di depan warung kopi meskipun ada tambahan charge its okay. Definisi simbiosis mutualisme antara warkop Purnama dan para penjual di depan"
"nunggu lama karena pesen roti smoked beef, eh dateng-dateng malah dingin. roti srikaya nya juga dingin jadi yang panas cuma keju aroma, nasi goreng purnama, & pisang srikaya aja. hoping next time ngga berulang lagi yaa😁🙏 …"
"menurut gue rasa authentic dari roti & kopi nya standar sih, kurang berasa ciri khas nya. kalo dari segi tempat emang sangat authentic bgt"
"Tempat nya nyaman, suasana jadul nya masih dipertahankan mulai dari kursi meja dan beberapa pajangan tempo dulu nya. Ada area smoking & non smoking. Dried plum jeruk nipis nya recomended. Untuk harga minuman dan cemilan standar. Harga di menu belum termasuk pajak 10% dan service 5%"
"Tempatnya besih, nyaman banget, picky bgt sama bakmie, tp mie disini approved!!!! Servicenya lumayan, meskipun lumayan lama nunggu bakmienya, sama rotinsrijaya jhara bangetttt ga bikin eneg. Tapi rotikukusnya ga anget jd kurang nampolll. …"
"Semua enak.
Roti panggang kacangnya enak bgt"
"Pagi biasanya rame dan ngantri tapi terbayarkan ketika kamu mencicipi  makanannya yang enak. Bisa makan bubur juga yg ada di gerobak depan toko nya."
"Parkirnya susah sekali kalau mau ke sini. Harus beruntung kalau mau dapat dekat ataupun jauh. Tempatnya ga terlalu besar. Kopi susunya lumayan. Roti pandikasnya enak terutama kalau pakai selai kacang. Untuk grup besar kalau beda kendaraan tidak disarankan. Lebih mudah kalau naik umum, gojek, atau motor."
"Kalau jalan-jalan ke sekitaran braga, tempat Ini layak untuk dicoba. Buka pukul 06.30 dan saya sarankan untuk datang pagi-pagi sebelum ramai. Jika agak siang, apalagi saat weekend, maka akan lebih ramai. …"
"Tempat kopi yang sudah ada sejak 1930. Tempatnya asik banget buat nongkrong dan ngobrol. Bisa duduk di bagian dalam dan luar juga. Enak banget deh suasananya. Pas ke sini coba kopi susunya, enak si secara saya bukan penikmat kopi. Roti …"
"Rasa kopinya enak, otentik banget, rada beda sama kopi yang lain. Roti kaya nya enak. Vibes klasiknya ngena bgt. Cuma disini rada panas udaranya, dan parkirnya juga susah. Saran kesini pas weekday"
"Warung kopi legend di Bandung, berada di kawasan Alkateri. Buka dari pagi sekali, tempatnya nyaman, pelayanan cukup baik. Harga masih wajar, apalagi tempat legendaris seperti ini. Areanya luas dengan banyak tempat duduk dan meja, tempatnya bagus untuk berswafoto. Menu rekomendasi disini roti serikaya yang selainya homemade."
"Baru sekali kesini, krn cerita kalo ini kopi yg legendaris, katanya sejak 1930.

Jalan kaki dr masjid Raya Bandung, deket. Cuma 7 menit. …"
"Suka banget sama tempatnya khususnya breakfast. Tempatnya rumahan tua dan seni dan outdoor ditengah belum lagi udara sejuk di pagi hari. Kopi susunya mantap. Bubur ayam di grobak depan juga mantap rasanya. Ada kue ape juga. Harga terjangkau."
"Pelayanan baik, rasa kopi biasa saja, cemilan nya enak. Jumlah Pesanan yg sdh diberi catatan bisa kelebihan. Tempatnya mungkin legenda tapi rasa sdh tdk legenda.."
"1st time masuk, keliatan kecil.. ternyata luas banget smp bagian belakang.. (area depan, smooking area. area belakang, non smooking)..
berasa pulang kerumah nenek. tempatnya enak, pegawainya ramah2.. …"
"Warung Kopi yang legend sejak 1930 dan masih mempertahankan bentuk gedung lamanya. Terletak di jalan Alkateri yang agak sempit, jadi emang lebih enak naik motor atau jalan kaki dari alun-alun Bandung. …"
"Tempat ngopi legendaris yang sudah ada dari tahun 1980, rasa kopi susunya agak kemanisan untuk saya, roti srikayanya enak. Tapi susah sekali untuk cari parkir disini."
"Sarapan yg the best, roti srikayanya enak banget selain kopi tehnya juga enak, disaran kan agak pagi atau siang skalian dtgnya karna sering full tempatnya hehe"
"seperti kopitiam pada umumnya, tapi entah kenapa rasanya enak banget. padahal makanannya biasa 😂 suka nasgor hongkong dan kopi susunya. pagi2 sudah rame sampai ada waiting list. tapi di depannya banyak penjual makanan spt kue ape & rangin …"
"Warung kopi sejak 1930, ternyata minggu pagi rame sekali,, antri sekitar 30 menit.. dan tunggu pesanan dihidangkan sekitar 30 menit juga.. harga cukup tersangka, dan rasanya bisa diterima... hanya waktu tunggu nya cukup lama, bagi yg sdh lapar jgn lsg ke sini dulu."
"Serasa kembali ke masa lalu , suasana sangat mendukung untuk bernostalgia, banyak varian minuman dan makanan, cukup susah mendapatkan tempat parkir"
"Tempat yg nyaman buat sarapan ringan maupun berat 👍 …"
"Kopitiam tertua di Bandung yang tetap mempertahankan bangunan tua dengan design vintage dan jadul. Menu-menunya khas kopitiam seperti kopi susu, roti selai srikaya, dan tak lupa best seller keju aroma. Di depan kopitiam terdapat pedagang …"
"Makanannya ngga istimewa sih, tidak sebanding dgn harga, hype-nya, dan antri masuk sampai setengah jam nya. Nyobain lontong, nasi lengko, Yamin, dan bacang telur.  Rasanya OK aja sih, tidak sampai wow. Bacang telur nya yg agak lumayan. …"
"Tempat enak, makanan enak, pelayanannya baik

Waktu 2 kali berkunjung ke bandung, teman"" dari bandung sering merekomendasikan …"
"Ke sini jam 7 an antrinya lumayan panjang, kayaknya mending ke sini sebelum jam 7 atau jam 9 kalau gak mau ngantri lama. Harga menu relatif mahal sih tapi rasa enak, tempatnya juga bagus, kerasa vibe jadulnya."
"Legend! Kopi Tiam legend di Bandung, menyajikan makanan tradisional seperti gado gado, mie yamin, kwetiau, roti bakar/kukus. …"
"warung kopi purnama
salah satu warung kopi legend dan tertua di Bandung, sudah ada sejak th 1830, dan tidak buka cabang dimanapun. …"
"Kopi yang legendaris, nyobain yang kopi susu anget dijamin nagih bagi pecinta kopi. Kami pesan juga roti bakar selai srikaya homemade, ini rekomen juga buat dicoba"
"Tempat kopitiam jadoel, roti bakarnya enak, telornya mau pilih 1/2 matang,3/4 atau matang …"
"Tempat sarapan yang legendaris di Bandung nih, tempat nya kecil namun ramai pas banget buat sarapan keluarga atau ngobrol dengan teman, tempat nya asik, menunya cukup beragam dan lengkap, bubur ayam menu yang cukup pavorite di sini, coba …"
"Untuk saya suasana jadul yang membuat berbeda. Sarapan sambil bernostalgia.
Saran kalau mau kesana pas jam buka pagi 6.30 supaya mudah parkir."
"Warkop legendaris di Bandung yg udah ada sejak 1930an. Mayan rame kalau di weekend. Saya sempet antre, cuman ga lama sekitar 5 menitan sudah masuk. …"
"Ke sini bawa keluarga, 1 baby 1 toddler, alhamdulillah ada 2 kursi bayi yg bisa dipakai, utk makanannya good, kami pesan mie tektek, lontong capgomeh, dan paling suka rotinya, yg varian daging telor enak banget, aslinya mah lumer gt, …"
"Tempatnya sangat otentik, cocok bagi yang suka tempat temoat bersejarah. Makanannya juga enak, rasanya sangat ciri khas, rasanya seperti rasa masa kecil. …"
"Letaknya tidak susah dicari.

Menyediakan tempat dengan smoking dan non smoking. …"
"Sudah sangat lama saya tidak pernah ke tempat ini dan punya memori yang dalam.  Sayang sekali saat datang kembali, tercoreng oleh pelayanan dari waitress dimana setelah menunggu lama untuk sepiring roti dan kopi, saya.menuggu lama dan orang …"
"Roti Bakar nya juaraaa.... Rasa Kopi nya tetap bertahan alami,"
"Harapannya panas2 pas di sajikan gitu ya ternyata pas kesana B aja cendrung makanannya aga dingin. Tahu jg berasa tahu yg udah lama kuah gado2 jg berasa  ga banyak bumbu td jagung jg berasa aga basi, harga lumayan pricey, nasi goreng jg spt nasi kmrn aga bau..
mmmm😵‍💫 …"
"Suasananya enak. Adem banget. Ada lantunan musik yg kalem gitu
Lokasinya rumah tua yang vintage banget.
Roti srikayanya enak paten! …"
"Kedai kopi klasik yang sudah ada dari tahun 1930, tidak jauh dari Jalan Braga.

Buka dari jam 06.30 pagi, dan biasanya sudah ada antrian karena saat ini hanya …"
"Setelah sekian lama akhirnya cobain kesini, karena sebelum2nya tuh males gitu takut rame dan susah parkir.
Dari tempatnya memang gak luas tp berasa banget aura jadul2nya, sebenernya bakal …"
"Aku kesini pas baru buka dan langsung rame dong tempatnya. Gila sih keren banget tapi emang nyaman gitu tempatnya, pelayannya baik, makanannya sama kopinya debestt"
"Otentik food with great atmosphere. Kesini harus pagi jam 6.30 krn after jam segitu antrian panjang sekali. Servicenya juga excellent cepet bgt waiters nya menanggapi semua permintaan customer. Good job bgt deh."
"Warung Kopi Purnama sudah berdiri sejak tahun 1930. Berlokasi di jalan Alkateri No. 22 (Dekat alun-alun Kota Bandung & Pasar Baru). Toko buka setiap hari bahkan di hari libur dari jam 6.30 - 22.00 WIB. Tidak hanya kopi yg tersedia di sini, …"
"enak2. roti srikaya + kopi tubruknya pas  bgt. susu coklat + roti kukus gulung smoked beef nya mantap"
"Salah satu warung kopi legend yang ada di kota bandung, roti selai srikaya nya enak banget, rotinya juga lembut. Minumannya saya pesan teh tarik juga enak"
"Parkir didepannya agak susah.

Servicenya teliti & cepet, walaupun rame. …"
"Suasana tempo dulu. Bangunan dari rumah jadi berasa di rumah. Klo siang suasanya redup karna hanya pakai cahaya matahari dari tangga di tengah rumah. Teh susu ny enak. Harga standar 25rb keatas. Ada menu makanan juga, kopi tersedia."
"Suka dengan suasana jadulnya. Kopi susu,  roti sarikaya, dan lontong cap go meh nya juaraa...di saat weekend orang rela antre sampe ke luar2 utk dapet tempat. Ya jabanin aja. Ntar juga kebagian. Saran kalo weekend, mending pake motor atau di drop taxi online krn susah parkirnya."
"Kopi-nya enak, tempatnya nyaman, heritage, suasana jaman dulu yg cocok utk makan dan minum atau breakfast dgn santai. Semoga tetap dipertahankan."
"Vibesnya old but nice place , makanan nya lumayan aja tapi not bad kok"
"roti selai enak, kopi lumayan, suasana tema old & cozy"
"Tempat nya enak old vintage gtu
Nasi goreng nya enak si khas gitu kyknya
Buat Gado Gado nya lebih cenderung ke salad sih
Overall okee harga nya juga terjangkau"
"Warung kopi yang didirikan oleh generasi ke-1 Bp Alm Jong A Tong di Jl Alketeri sejak tahun 1930. Awalnya bernama Qîng Cháng Shì Chá Shí yang artikan ""Silakan  Mencicipi Kedai Teh (Kopi) Ini."" Potongan papan nama tsb tetap dipajang di area …"
"Penuh banget kalo udah jam 8an, sampe pada booking dulu. Tempatnya rada susah kalo buat rombongan karena kursinya rata2 cm buat 2-4an. Toiletnya cukup bersih. Mie tek-teknya enak, bisa pesen kembanh tahu juga katanya enak tp blm coba🙏🏻 …"
"the most memorable is the friendly staffs! untuk ukuran makanan dengan porsi segitu termasuk murah, 20 ribuan aja, dan rasanya juga decent. tempatnya luas, hawanya adem. i suggest to visit it in the afternoon (jam 4-5an sore). will go back here when i visit bandung in the future👍🏻 …"
"kedai kopi ala vintage tahun 1970an mungkin, kopi dan makanannya enak dengan harga yg pas. didepan kedai kopi terbilang cukup sepi pada malam hari dan bisa menjadi spot foto pada malam hari."
"Karena lahan parkir mobil cukup sedikit (sisi jalan) disarankan parkir di hotel atau di gedung parkir, pelayanan staff sangat baik, kenyamanan sangat baik, kualitas makanan sangat baik, selalu bertemu public figure di PURNAMA, sangat …"
"Must visit this if you are in Bandung.

Lontong cap gomeh is a must. Roti dadar kejunya juga lumayan enak, mungkin …"
"Warung kopi legend dengan suasana pecinan klasik yang agak hidden gems di Bandung.
Suasananya klasik, nyaman untuk tempat sarapan dan tempat ngopi. …"
"Tempatnya sangat keren, unsur keaslian dan keklasikan bangunan sejak era kolonialnya masih awet terjaga hingga kini. Dipadukan dengan suasana Bandung di malam hari yang gerimis, lampu yang temaram, menjadikan suasana nostalgia Bandoeng Tempo Doeloe-nya sangat asyik. Sajian makanan dan minumannya juga oke."
"Asli sih nemu tempat ini happy banget, walaupun antri tapi makanannya nagih banget. Roti selai srikaya nya juara"
"Setiap ke Bandung, warung Purnama selalu on the list! Tahu Telur mengingatkan sarapan yang sering ibu saya bikin ketika saya kecil"
"Untuk rasanya unik, cita rasa tradisional, untuk kopinya enak banget seperti warung kopi zaman dulu, humble place banget but a good place, harga dan kualitas oke bakal ajak orang tua saya kesini juga"
"Tempatnya enak buat santai dan bercakap. Setelah alun2 belok kanan, ke jalan kecil. Pesen kopi susu tubruk, roti kukus srikaya, pisang goreng palm suiker. Pisangnya best menurut saya. Roti kukus srikayanya juga enak tapi kl orang jawa pasti ngrasa selai srikayanya mirip sm madu mongso krn manis sekali, cocok sm kopi tubruknya yg pahit"
"Kopi susunya juwara, tempatnya klasik bgt dr 1930,dulu namanya rumah kopi Tjhiang Shong. Ngupi disini serasa balik ke jaman belanda"
"breakfast di Kopi Purnama emang bisa jadi pilihan klo kamu ke Bandung. jangan lupa pesan kopi susu dan roti srikayanya. rasanya, aduhhh nikmat banget. kamu juga harus cobain bubur ayam didepan Kopi Purnama. buburnya gurih, sederhana tapi …"
"The nuance would take me here over and over. Nggak pernah skip ke sini tiap kali ke Bdg.
Reco makanan versi aku: Nasi timbel lengkap, pisang aroma dan kopi susu panas. Love ittttt most"
"Salah 1 Tempat makan yang sudah ""legend"" di bandung,dari sejak jaman belanda,nuansa nya masih rumah jadul walaupun sudah ada renovasi,untuk rasa nya ada beberapa menu yg enak,terutama untuk menu roti nya cukup enak,untuk makanan berat nya …"
"Pertama kali kesini karena direkomendasikan teman. Warung kopi purnama sudah lama berdiri di Bandung, letaknya tidak terlalu jauh dari Gedung Merdeka. Untuk patokkannya, warung kopi ini ada di jalan sebelah hotel golden flower. …"
"Tempat santai,nyaman a la suasana tempo dulu. Roti srikaya selalu ga berubah rasanya, selainya yg bikin istimewa! mudah-mudahan bisa lebih tebel lagi rotinya. Area non-smoking berharap sih ga nyium n ngisep asap rokok sebelah, tapi yaa mudah2an kedepan bisa lebih nyaman area non-smokingnya"
"untuk yg suka kopi"" an dan berjadul ria cocok nih tempat. Kl weekend atau musim liburan harap bersabar ya"
"Salah satu Warung kopi yg legend di Bandung, bangunan lama model kayak downtown di kota2 besar Indonesia, masih mempertahankan style furniture lawas …"
"Kopinya nomer 1...suasana heritagenya tetep terjaga, berasa kembali ke masa lalu. …"
"Tempat kopi favorit di Bandung yang selalu dikunjungin tiap ke Bandung. Kopi susu tubruknya dan coklatnya favorit! Mie tektek dan roti kukusnya juga enak. Tempatnya selalu rame, dan kalo dateng kesiangan pasti waiting list. Karena tempatnya juga kecil dan nyempil gitu, cari parkir suka agak susah. Interiornya jadul tapi terasa nyaman."
"One of the oldest cafes in town. A must visit!

Warung kopi Purnama adalah kedai kopi tertua yang masih berioperasi dari 1930 …"
"Salah 1 destinasi kuliner otentik di bandung. Harus masuk destinasi kuliner kalian guys. Pokoknya tastenya jadul banget...bukan seperti tempat"" sekarang yang hanya di buat jadul tp makanan & minumannya kekinian. Kalau ini sich uda TOPBGT …"
"Warung kopi legend di Bdg, suasana seperti zaman baheula, rasa makanan dan kopinya cukup enak, rekomendasi nasi goreng dan kopi susu panas."
"Warung kopi legend dg citarasa klasik, kopinya mantap, roti srikaya nya luar biasa enak, bisa nemu root beer made in local a.k.a sarsaparilla serasa kembali ke jaman 90an. Tapi bitterbalen nya ukurannya super mini 😅. …"
"Legendary Kopi Purnama, est 1930 is located at Jalan Alkateri no 22, close to Braga Bandung. Its popular menu is kopi susu purnama and roti selai. Kopi Purnama also has traditional Indonesia Menu likes; tahu telor, lontong cap gomeh, mie goreng and many more"
"Tempat cukup luaa dan ada outdoornya
Kalau kesini sih harus banget cobain roti srikayanya dan minum kopinya …. Perpaduannya pas banget
Harganya ga terlalu mahal  /pas"
"Vibesnya enak adem dan tenang gitu. Makanannya mungkin emang ngga begitu wow tapi masih oke ko. Agak susah parkirnya jadi harus sabar cari parkir"
"tempatnya super classic, ini masih bangunan aslinya sejak tahun 1930. yang dateng kesini di dominasi oleh orang tua tapi beberapa wisatawan juga ada yang masih muda-muda. …"
"Kopitiam legend. Sudah ada sejak 1930. Pengunjung-nya rata2 kebanyakan orang dari luar Bandung. Pagi2 datang dah antri 😄. …"
"Warung kopi yang layak Anda kunjungi bila ke Bandung. Letaknya tidak jauh dari alun-alun kota Bandung.
Favorit makanan disini adalah roti srikaya, dipadukan dengan es kopi susu bikin …"
"Ke 3 kalinya ke tempat ini, selalu nyaman dengan pelayanannya, makanan minumannya enak, dan suasananya luar bisa. Setiap ke Bandung selalu sempetin kesini."
"Suasana nya enak, kopi nya lumayan.. tempatnya bagus, rumahnya model kuno 👍👍 …"
"Jauh2 hari sebelum berangkat ke Bandung, kopi purnama jd list pertama yg langsung keinget. Kopi susu nya mantap, tp paling the best roti selai srikaya nya sih. Sengaja dateng pagi2 biar gak antri, sekitar jam 7. Pas selesai makan, keluar antrian udah panjang."
"Mantep sih. Sempet jadi waiting list karena emang makanannya enak-enak. Porsinya juga mengenyangkan."
"Nyaman dan iconic warkop nya, menyajikan kopi dan sarapan yang nikmat serta menampilkan nilai2 sejarah bandung tempo dulu"
"Yang tentunya harus dicoba adalah Roti Bakar (atau kukus) Srikaya!! Semua menu disini rata-rata enak, kaya mie tek tek atau kwetiaunya. …"
"Suka sama ambience-nya ☀️
Ke sini paling enak pagi-pagi sambil ngopi sama makan roti srikaya yg jadi signaturenya. Suasana tempo dulu jadi makin berasa di Bandung."
"Pengalaman pertama dan akan terakhir karena ternyata ada hidangan non halal, ragu apakah dapur dan peralatan masakannya dicampur atau tidak. Suasana kesana bising dan agak rapat antara letak meja satu dengan yg lainnya. Pengaturan area …"
"Kunjungan ke-3 ke sini, tempatnya sederhana namun yang disajikan melegenda, kopi susu panas dan roti srikaya merupakan produk yang paling direkomendasi dan memang rasanya luar biasa. …"
"Tempatnya enak,,suasana jadul tapi keren buat nongkrong. Minuman nya enak banget,,kopi susu nya beda dari yg lain,,wenakkk.. cemilannya aroma keju best banget,, pelayanannya okee sih,,semua helpful. Harga worth it banget"
"Tempat kopi legend. Dalamnya antik, yg bikin nuansa jadi unik. Pembuatan kopinya masih manual. Jadi rasa kopinya berasa."
"Overall enak, nyaman, hanya saja ngantri kalo sedikit kesiangan.tapi ngantrinya juga gak lama.antri menandakan warung kopi purnama ini,reccomended👍🏻 …"
"Karena aku penikmat tempat-tempat lawas bagiku kopi purnama menjadi agenda wajib kalo berkunjung ke Bandung. …"
"Roti srikayanya enak banget!"
"Warung kopi klasik dr th 1930"
"Buka jam set 7 pagi dan aku sampe sana jam 8 udah rame bgt antri panjang. Karena weekend juga mungkin.
Kalo untuk makanan & minumannya hmm standar sih kaya warkop biasa. Aku disana …"
"Alhamdulillah ga ada lagi babi nya halal semua sekarang, menu nya juga kekinian jd komunitas anak.muda bisa masuk kesinih"
"saya jarang banget kasih review jelek tbh, tapi disini agak mengecewakan... pesan nasi goreng yang rasanya belum 5 menit pesan tapi sudah siap... yang saya pesan nasi goreng hongkong rasanya standar. teman pesan nasi goreng purnama, nasinya …"
"Bangunan bergaya Tionghoa Melayu, firniture dan pajangan yang antik, serasa ngopi di jaman dahulu hehe. Klasik banget tempatnya, cocok buat yg suka ngopi sambil foto-foto. Kabarnya tempat ini sudah ada sejak tahun 1930-an, tempatnya berada di Jl. Alkateri No. 22, Braga, Kec. Sumur Bandung, Kota Bandung, Jawa Barat 40111"
"Warung kopi legendaris. Selalu ramai pengunjung sehingga sering harus menunggu untuk dapat tempat duduk (terutama saat baru buka sampai waktu makan siang). Sayang kalau agak siang, susah cari tempat parkir. Pelayanan cukup cepat. Rasa …"
"Warung kopi legend... enakkkk kopinya.. apalagi roti srikaya..  kalo pagi ngantri, sore nyantai aja... 🤩 …"
"Tokonya kecill, tapi rameee. Tempatnya masuk masuk di dalam gang aesthetic gitu hehe. Suasananya kayak toko jadoel. Rotinya empuuukk banget. Well, yang kurang kayaknya ada di jumlah servernya aja sih. Karena jadi nunggu terlalu lama buat …"
"Suka suasana kedai kopi jadul ini. Kendalanya hanya satu, susah parkir. Bisa disiasati dengan parkir agak jauh sekaligus menikmati jalan kaki di Bandung. Kalau saya sih malah senang. Di luar tertera kedai kopi ini berdiri sejak 1930, di …"
"Seperti biasa, setiap kali masuk ke sini, suasananya serasa terbawa ke masa kecil. Roti Bakar Srikaya, Kopi Susu, Telor 1/2 mateng, selalu jadi menu sarapan andalan. Sedap!"
"Warung kopi yang khas di daerah bandung, dengan beragam menu dari menu kopi serta makanan yang cukup variatif. …"
"Warung kopi paling tua di bandung. Tidak pernah sepi pengunjung. Tersedia makanan ringan sampai berat. Enak dan harga bersahabat. Rekomen banget"
"Warung kopi tertua di Bandung! Buka pukul 06.30 dan dalam 30 menit, meja-meja di sini sudah terisi penuh! Kopinya enak, roti dengan selai srikaya juga enak (saya pilih roti kukus), dan di sini juga menjual berbagai macam makanan legendaris …"
"Warung Kopi legendaris di Bandung. Menempati bangunan tua yang terawat dengan baik. Menggunakan meja dan kursi kuno yang masih kokoh. Menyajikan makanan dan minuman dengan resep turun temurun, menjadikan tempat ini masih eksis hingga sekarang. Menerima pembayaran non tunai."
"Rasa kopi nya benar2 mantab dan ""nampol"". Rasa roti panggang sarikaya, nasi goreng purnama dan hongkong, lontong cap go me biasa aja. Pelayanan staf nya sangat ramah dan sopan. Tersedia pembayaran tunai dan non tunai. Banyak foto jaman dulu …"
"warung kopi Yang udah Ada sejak jaman dahulu kala, Hauce yummy Yang bisa diucapkan 😁. Buat pencinta kopi mungkin bisa coba kopi disini, kalo Saya Lebih suka roti bakar gula palm, Tapi enak2 sih disini makanannya, harga juga ga terlalu Mahal, sesuai lah …"
"Kunjungan kedua kalinya. Pertama order kopi susu, telor 1/2 matang dan roti bakar. Kunjungan kedua order es kopi, pisang goreng dan telor 1/2 matang
Tempat cukup nyaman dgn kursi² kayunya"
"Lokasi cukup mudah dicari, tempatnya enak serasa di tempo dulu, rasa makanan dan snacknya juaraaaa. Wajib coba roti kukus selai srikayanya. Really loved it"
"Cocok banget buat wisatawan yang suka mingle with locals, variatif menu nya, ambience vintage nya suka banget, kayak flashback ke era 1930an, tadi order es kopi susu nya otentik, pure kopi sama skm kayak nya. Back again atmosphere nya juara sih"
"Kopi susunya enak.
Pesan pisang bakar keju tapi porsinya cimit banget (gak ke foto)
Terus roti bakar srikaya, roti lembut tapi ternyata kita kurang suka selai …"
"Menemukan tempat ini berdasarkan rekomendasi dari gugel dan yutub . Tempatnya keren peninggalan jaman belanda , lokasinya juga mudah dicari , pengunjung tidak pernah sepi . Harga bisa dibilang murah sih untuk tempat ngopi yg lumayan cozy , …"
"enak, boleh pesan bubur dari kang bubur depan kedai. roti kukus dan nasi goreng nya juga enak katanya anggota keluarga yang lain"
"Rotinya empuk, tebel dan gurih. Khas roti klasik. Kopinya enak, agak pahit dan ga bikin enek. Harga juga murah, pesen roti asin telur ham sapi cuma 19ribuu"
"Makanannya enak, favoritku tahu telur. Ambiencenya juga good.cocok untuk sarapan sama keluarga atau temen, tempatnha lumayan luas cuma kalau ramai parkirnya agak pr.harga standar lahh msh worth"
"Warkop yang legendaris katanya di Bandung
Sekilas dari luar terlihat biasa
Ternyata di dalamnya lumayan luas …"
"Sukaaa banget.. ga sengaja nemu Hidden Gem ini..

Dekor klasik tapi bersih, pegawai2nya super ramah, roti bakar nya lembut …"
"Blm ngupi di bandung klo belum ke sni..kopi susunya dan roti selai srikayanya enak banget..buburnya juga..harga relatif bersahabatlah..bangunnanya heritage banget iyalah berdiri sejak tahun 1930an..cobain deh sensasinya.."
"Harus ngantri lumayan pajang jika mau sarapan pagi disini terutama Sabtu minggu,  makananannya  enak, tersedia menu menu sarapan pagi, mulai dari bubur, roti. Pisang, nasi goreng , teh tarik, kopi, telor 1/2 matang dll."
"Cek2 review tentang kopi dan roti srikaya disini ternyata memang beneran seenak itu. Selai srikaya nya asli dan homemade, gak bikin enek, manisnya pas. Kopi nya juga juara. Recommended pokoknya!"
"Tempatnya di era pandemi mengikuti protokol kesehatan secara ketat. Lontong cap go meh nya masih enak dan kombinasi roti srikaya serta kopinya sangat enak sekali. Minusnya kalau bawa kendaraan agak susah parkirannya karena padat dan selalu rame di sini."
"Tempatnya vintage banget, beneran vintage yaa karena emang tempat ini udah ada sejak lama. Harganya murah dan rasanya juga enak-enak. Kalau kesini sekalian cobain sarsaparilla deh, minuman jadul yang rasanya enak."
"Ga sekedar warung kopi untuk nongkrong tp juga tempat makan dengan pilihan menu yang enak untuk sarapan dan makan siang. Tempatnya nyaman dengan bangunan tempo dulu, menyediakan meja dan tempat duduk cukup banyak. Hanya saja blm menyediakan …"
"Recommended kopi susu and srikaya steam bread"
"Tempat ngopi dari jaman belanda..bangunan nya pun jadul..tapi enakeun buat nongki. Harga terjakau..aku pesen roti bakar sama eskopisusu..lumayan enak"
"Awalnya tau tempat ini dari teman karena mengunggah foto roti srikaya yg tampak sangat lezat. Esoknya saya kesini dan ternyata benar saja, rasanya enak sekali! Tekstur roti yang lembut dan padat, dikombinasikan dengan selai srikaya yang …"
"Salah satu warung kopi bersejarah dikota Bandung, tempat yang nyaman dan bersih. Hanya tidak ada lahan parkir untuk mobil dan motor, para pelanggan hanya bisa memarkir kendaraan dibahu jalan. …"
"Mantep sih nasi goreng purnamanya enak, ayamnya juicy, bumbunya enak banget. Susu cokelatnya juga. Soto Betawi juga enak walaupun bukan yang terbaik dari segi rasa."
"Para pecinta suasana zaman belanda harus banget mampir kesini nih..coklatnya enak ! Ada roti srikaya juga ☺️"
"Wajib ke sini setiap ke Bandung. Teh susunya terbaik. Gulainya juga enak banget. Kalau mau light juga bisa pesen roti selai sriyakaya atau tahu telor. Semua enak sih makanan / minumannya."
"Selalu suka ke sini setiap ke Bandung pasti mampir. Favoritku roti sarikaya sama kopi susu. Cireng bumbu paling the best."
"tempat ngopi tertua di kota kembang , bangunannya jadul tapi nyaman . Nasi goreng purnamanya enak dan es susu cokelatnya enak 😍apalagi roti telur keju nya ditambah saus nya yg enak pokoknya enak banget sausnya 👍🏻 …"
"Pantes, koq ngantri rame...
Memang enak, the best lah pokoknya..."
"Tempat yang cocok untuk berkumpul bersama sanak sodara, merasakan nuansa tempo dulu dan menu yg disajikan nikmat harga standar, abang gojek juga mampu. Kopi tubruknya mantab, denger2 pake kopi aroma di jalan sebelah."
"salah satu tempat legend di Bandung, tepatnya di Jl. Alkateri , yg jadi ciri khas disini kopi dan roti dengan selai sarikaya , menunya cukup beragam disini, cocok untuk wiskul jadul"
"Perdana kesini di jam sarapan, antri. Tp enak, menu makanan dan minumannya byk pilihan. Suasananya jadul. Rekomen saya, kopi susu dan roti srikaya."
"THE LEGEND !!! (LOCALITY)
.
Bisnis makanan dan minuman merupakan bisnis yang masih akan terus bertumbuh …"
"Suka dengan suasana dan makanan disini. Bubur mang lili yang mangkal di depan jadi favorit. Roti srikaya favorit dari jaman dulu. Sama roti telur nya juga mantab"
"Protokol kesehatannya bener-bener diperhatiin. Kalo mau masuk sama yang jaga disuruh cuci tangan dulu. Di dalem kurang lengang sih penataan meja dan kursinya. Jadi kalo bisa pilih yang outdoor aja duduknya. Lebih aman menurutku. …"
"Datang hari sabtu pagi jam 8 harus antre sekitar 10 menit karena ramai pengunjung. Signaturenya roti kaya (19k), ditambah menu sarapan telur rebus 1 porsi isi 2 butir (14k) dan minumnya teh susu panas (18k). …"
"Jujur ""benar2 biasa"" aja makanan yang di menu,, benar2 hanya menjual tempat dan pelayanan. contoh Lontong Cap Gomeh yang benar2 cair rasa nanggung, dan telurnya setengah, saya cukup oh saja (kalah ""jauh"" dengan lontong sayur biasa harga 12 …"
"Classic bgt tempatnya tempo dulu...nyaman buat bercengkerama dengan keluarga.rasa kopinya mantap bgt,roti lapis srikayanya juga lembut bgt harga juga terjangkau"
"Pecinta kopi wajib datang kesini. Roti nya selai srikaya enak banget dan juga kopinya khas mantap. Cocok buat tempat nongkrong sambil menikmati dingin nya kota bandung"
"- So far, lokasi diantara toko2 gordyn, toko kacamata dll area rame agak susah parkir
- menunya banyak tp menurutku B aja sih..katanya roti srikayanya enak tp b aja …"
"Kesini coba signature coffee tubruknya, well the taste good, buat yang gak suka coffee ada pilihan minuman lainnya.. untuk makanan sy coba roti coklat dengan selai kacang home-made, selai kacangnya enak ❤️ harga emang agak pricey sih"
"Warung kopi legendaris di daerah pusat kota Bandung, tempatnya agak sembunyi, tapi selalu penuh, sajian yg khas dan membuat lidah anda bergoyang nikmat, harga yg bersahabat ditambah suasana kota tua Bandung, membuat anda akan betah berlama lama di sini"
"The oldest kopitiam in Bandung since 1930. Warung Kopi Purnama adalah sebuah kedai kopi yang sudah berdiri sejak tahun 1930 di Jalan Alkateri No. 22 di pusat kota Bandung, Jawa Barat, Indonesia. Kedai ini awalnya didirikan oleh Jong A Thong …"
"Di saat banyak coffee shop bermunculan, Warung Kopi Purnama tetap hadir dan tentu punya banyak fans garis kerasnya. Kalau pagi-pagi nih, kita bisa banyak nemuin cici – koko pada sarapan atau ngopi-ngopi di sini. Bahkan kalau kalian mau …"
"Atmosfirnya beda banget, legendaris, banyak foto2 jaman dulu, dan ga terlalu terang jadi nyaman. Tutupnya bener-bener jam 9, harganya standar warung kopi. Coklat dan roti srikaya beneran deh enak banget."
"Suasana dan menu klasik, kopi klasik"
"Suasananya nyaman dan klasik, taste makanan juga enak, jus stroberinya seger banget"
"Kesini karna penasaran liat di tv terkenal bgt kynya dan pagi2 kesini jam stg 8 udh waiting list. Tempatnya yg masih hangat dgn suasana jaman dulu nya menjadi hal yg unik di warung kopi ini. Saya pesen byk untuk sharing dgn keluarga kaya …"
"Kopi, roti srikaya steam, keju aroma, bubur Ayam, telor Ayam kampung setengah matang, singkong goreng enak."
"Juara banget deh makanan dan minumannya. Cobain Lontong Cap Gomeh recommended banget, dan santannya ringan... trus minum Dried Plum Jeruk Nipisss lekeerrr (buat yg suka asam2 kiambo)"
"Pas kesini pesen roti srikaya homemade, pisang pake palm sugar gitu, sarsaparilla, es cincau selasih (kalo gasalah), sama kopi susu panas. Rasa makanannya lumayan, gaada yang spesial tapi worth it sih. Es cincau selasihnya biasa aja tapi …"
"Pesen minum es coklat datengnya 30 menit kemudian, pesen kopi susu panas datang 20 menit kemudian dan kopinya tdk panas, menyandang gelar legendaris seharusnya memberikan kualitas legend, cari parkir nya susah dan antri"
"Baru mencicipi Kopi, Tahu Telor, Roti Srikaya.
Sangat menghargai Kopi Thiam nya, begitu luar biasa..."
"Roti srikaya, es moca , es kopi enakkk bener2 jaman doeloe, kwetiaunya katanya enak tapi pas saya coba ya standar ya kebanyakan kol 😂 …"
"Tempat cozy untuk nongkrong di daerah Bandung. Setelah belanja di Pasar Baru, boleh mampir kesini. Menu makanan yg ada di sini porsinya cocok untuk sharing. Pelayanan ramah dan tertib memperhatikan protokol kesehatan di era new normal saat …"
"waktu dateng akhir tahun 2022..sebenernya semua sudah ok cuma waktu itu agak Lebay sih..dijagain didepan pake tali ky mau antri masuk dufan.. …"
"Kedai kopi yang menjadi saksi sejarah kota Bandung. Tempatnya masih dipertahankan. Masuk ke sana seperti masuk ke era dimana kedai kopi tak melulu harus ada espresso dan turunannya. ""Kopi susu panas"" dan ""roti selai srikayanya"" memang khas, sekaligus sebuah jawaban dari pertanyaan kenapa kedai kopi ini tetap bertahan sampai sekarang (?)."
"Tempat minum kopi yang seru. tempatnya luas, cocok buat kumpul bareng sama teman- teman. di sini nggak hanya ada kopi tapi ada makanan berat lainnya. kopinya enak buat pecinta kopi, buat saya yang kurang suka kopi tapi ikut kumpul- kumpul di sana sama teman saya memilih es cincau, segar. es kopinya juga recommended."
"Makanan: selain menu kopi tempat ini menyediakan aneka makanan dari yg ringan  sampai berat. harganya cukup terjangkau. untuk pencinta kopi harus kesini. …"
"Tempat ngopi yg sdh melegenda di kota bandung, bisa pesan bubur ayam anglo nya mang lili pula yg rasanya endessss"
"Tempat nya demen banget .. ala ala jadul gitu ..
Menu makanan pun jadul juga memang .. kalo harga dibilang murah sih ya ga juga .. so so lah .. …"
"Pelayanan mantap, karyawan ok dan welcome serta informatif banget. Rasa makanan mantap. Kopi susu sedikit encer namun masih enak, tidak terlalu manis namun susunya terasa. Untuk lokasi mudah di temukan. Selama psbb, buka dari jam 06.38-20.00. Rekomendasi buat yang mau nongkrong dn ngobrol2."
"Baru pertama kali makan disini, tp sudah betah dengan suasananya dan sajiannya pun enak-enak. Menunya beragam, mulai dari menu sarapan pagi sampai makan malam. Buka mulai pukul 06.30-22.00 setiap hari. Saranku, bawa partner saat kesini untuk saling sharing makanan karena pastinya ""ingin ini ingin itu banyak sekali 🎶"" …"
"Akhirnya bisa merasakan kenikmatan kopi susu di warkop yg legend di Bandung..
kopi susunya juara. Roti kukus srikaya enaknya dicelup ke kopi susu, jadi lebih berasa, ga lupa telor ayam kampung 1/2 mateng... Joss.. plus semangkok bubur …"
"Ketika saya mendengar warung kopi oldschool ini, saya agak pesimis. Saya pikir hanya kedai kopi hipster yang hanya ala ala. Ternyata …"
"Pertama kesini, sukak! Roti srikayanya otentik, tekstur roti lembut bgt, bubur ayam lumayan, teh tarik enak, duduk dibagian dalam tengah lebij seru pemandangan ijo2 outdoor"
"Tempat yang cocok buat kumpul bareng keluarga besar atau temen2. Bisa rombongan, bisa juga sama pacar atau ttm sih. Hehe. Bangunannya oldish tapi itu yang buat tempat ini berasa kayak rumah nenek. Nasi goreng puranamnya enak. Ada ebi sama …"
"Terletak di Jln Alkateri dekat Hotel Golden Flower, Warung Kopi Purnama adalah kedai kopi legendaris yang ada di Bandung. Memiliki interior khas ""Jadoel"" sehingga pelanggan akan mendapatkan kesan retro dan vintage sambil menikmati secangkir …"
"Tempatnya nyaman. Pilihan menunya pun cukup lengkap.  Dari kopi,  susu,  coklat,  bahkan cincau pun ada. …"
"Warung kopi purnama ini sudah berdiri cukup lama di kota bandung. Kabarnya sejak tahun 30-an. …"
"Tempat legendaris yang menjadi favorit sarapan saat liburan di Bandung untuk booster pagi-pagi sebelum kukuriling Bandung sekitarnya."
"Kedai kopi legendarisnya Bandung, tapi ke sini pesennya bandrek 😅. Bandreknya enak banget. Roti srikayanya juga cukup match bersanding dengan bandrek. Harga cukup terjangkaulah, cuma tempatnya agak sempit …"
"Rumah makan jadul, bisa pesan makanan dari luar seperti bubur ayam dan kembang tahu, datang 8.30 sudah mulai antre, makanan dari resto lama datangnya dan rasa B aja, parkir agak sulit"
"Suasana warung kopi jadoel dengan rasa minuman dan kudapan yang enak 😇 …"
"Lokasi bersejarah, kerja sama bagus dengan pedagang gerobak sekitar. Rasa lumayan oke."
"Tempatnya model kuno, pelayanan nya cepat, makanan saya pesan nasi lengko, porsinya lumayan besar. Rasanya biasa. Roti bakar keju susu,,, kejunya melimpah ruah.. mantab."
"Jauh jauh cari tempat nongkrong , sampai ke lokasi hampir satu jam karena PSBB dibandung s, maklum ikutin map
Lokasi pasti nya classic dan legend …"
"Update: ⭐️⭐️
Entah karena semakin terkenal, justru semakin kurang baik pelayanannya. So overrated! …"
"Warung ternyaman untuk nongki no pokonya luar biasa.. indah banget serasa di mana gitu.. rekomendasi. Yo para pecinta kopi ke tempat ini .. yoyoyy.."
"Antrian panjang, makanan so so, hanya nuansa nya bangunan Tionghoa lama.. Pesanan lama keluar sampai ingetin berkali2"
"Rotinya empuk, enak disajikan manis atau asin. Campur kopi hitam atauoun kopi susu, lebih nikmat."
"Seperti di rumah nenek. Untuk nasi goreng sosisnya keasinan kayaknya butternya kebanyakan. But overall semuanya enaaaaa"
"Soto bandung rasanya oke
Roti bakar kay dan kopi susunya juara
Datang saat pagi jadi belum terlalu antre."
"Asyiknya minum kopi dan roti🍞 bakar jadul di warung kopi purnama ini, suasana nyaman, bersih dan karyawan ramah.. Ayo kita ngobrol bareng di sini. …"
"Semua menunya saya suka, mantap, favorit saya roti srikaya sama kopi susu panas, sedap 👍👍👍 …"
"warung kopi tempo dulu.. design ruangannya masih seperti dulu, hanya bagian belakang yang sudah direnovasi. menu kopi dan roti srikaya patut dicoba, saat ini sudah ditambhak makanan kekinian yakni cireng hehehe.. lumayanlah untuk tempat …"
"Kesini jam 8 udah penuh dan antri. Makannya enak-enak, tp harga standar lah namun untuk yang pas-pasan cukup mahal  dikit sih dengan menu simple dan sederhana 🤭 tapi after all....delicious ko 🤩👍 …"
"salah satu warung kopi terbaik di kota Bandung, di sini anda akan mendengarkan musik musik yg jarang di dengar namun sudah anda hafal (lagu lama - tahun 2000an)"
"Salah satu tempat terbaik untuk mengisi perut anda di pagi hari. Telur rebus, 1/2, 3/4. Roti sarikaya, tahu telur. Rasanya uenakk"
"Lokasi di pusat kota Bandung, dekat alun2, jalannya kecil, parkir agak suffer klu rame..hehe....tempatnya indoor ga terlalu luas juga dengan suasana retro yang kental dengam foto2 jadoel di dindingnya.. rasa makanan lumayan ya...enak banget sih engga tapi tidak ada keluhan soal rasa...jadi okelahh...ada toilet, pelayanan baik dan cepat"
"nyaman dan homy banget, tenang aja rasanya kalo ngopi disini. pelayannya juga humble dan super gercep sat set sat set layananinnya. good job!"
"Waktu ke sini pas bulan puasa jadi terpaksa di bawa pulang makanannya. Rasa rotinya enak dan pelayanan juga cepat."
"Warung Kopi legend, rasa ny never failed paling suka sm tahu telorny juga, Kalian harus cobaa dari 1930 soalny😋❤ …"
"Saya pesen 2roti srikaya sama 2 susu coklat,susu coklatny ditungguin smpe nanya ke pelayanya cuman jwb “iya sebentar” trs dtng lg satu org trnyata blm d tulis,ada kali nanya ke 5 pelayn yg bner bner cuman bilang “sebentar”"
"kopi susu panas superb 👌 …"
"Ini legend bgt sih.di menu ada informasi mengenai sejarahnya kopi purnama.suasananya jadul bgt.berasa lagi ngopi bersama ngkong"" di tahun 70an.buat pecinta kopi wajib kesini. …"
"Tersedia berbagai macam menu selain kopi, kalo pagi bisa sarapan bubur yang jual didepan"
"Kwetiawnya enak, bumbunya berasa. Kopi susunya pun nikmat bukan main, komposisi kopi dan susunya pas. Pelayanannya cepat. Dekorasinya keren karna emang mempertahankan gaya vintage. Oh iya disini ada menu B2nya tapi kata pelayannya sih masaknya dipisah, jadi aman buat yg muslim."
"Warung kopi purnama memang unik salah satunya adalah keberadaanya sejak Jaman Tempo Doeloe yang dikelola secara turun temurun tetapi tidak mengurangi rasa dan ciri khas nya malahan kini bertambah dengan menu yang sesuaikan Jaman Now seperti …"
"Info yg diperoleh bahwa t4 ini sdh cukup lama beroperasi. Hanya sempat membeli bubur ayam. Infonya kopinya + makanan nya cukup baik.
Suasana cenderung ramai karena banyak pembeli bubur yg berjualan di depannya ngantri ikut makan di tempat Warung kopi purnama"
"superrrr cozy bagi pecinta tempat2 heritage seperti saya. heheee
makanan dan minumannya juga klasik bangeett, nyambung sm theme tempatnya. pinter2 aja cari waktu tepat buat kesana, krn di waktu2 tertentu biasanya rame dan antri 👍🏻 …"
"suasana enak, makanan enak, pelayanan ramah2 semua. sempat antri namun tidak lama"
"Suasana pertama yang di rasa waktu masuk adalah mendapati banyak pengunjung, datang sekitar jam 9 pagi. Kebagian duduk di area belakang. Banyak pengunjung yang sengaja sarapan disini. …"
"Kopi susunya biasa aja, suasana jalan menuju ke sana pada saat malam agak serem gitu, tp yg sy suka suasananya aja yg tempoe doeloe banget, harga kopi jg cocok, tp karena ga ada label halal jadi pikir pikir pesan makanan"
"Warung kopi jadoel yg patut untuk dicoba.. banyak menu nya.. dari roti2an telor 1/2mateng sampe lontong, mie bihun tek2 ato nasi goreng... rasa boleh diadu..penyajian roti dadar smoke beef dengan caranya yg unik.. enak.. dan bihun kuah tek2 …"
"Buat saya yang kurang suka manis, kadar manis dalam kopi susunya pas banget, gak giung. Roti kukus srikayanya bikin jatuh hati. Lembuttt, manisnya pun unik. Pelayan2nya efisien dan cekatan."
"Enaknya pagi buat ke sini, bisa minum kopi susu nya yang enak dan juga pesan bubur ayam nya yang lezat. Tersedia area smoking dan non smoking juga. Hahaha"
"Menyenangkan jadi turis di kota sendiri.
Makan roti srikaya yang lembut, manis, enaaaak.
Minumnya kopi susu tubruk, ah sedap, memori sekali."
"Kedai kopi legendaris di kota Bandung. Menunya banyak. Harga reasonable. Ambiencenya asik dengan arsitektur zaman dulu. Roti sarikaya wajib dicoba kalo sedang main kesini"
"Warung kopi jadul banget. Suasananya penuh dgn nostalgia. Es kopi susu + roti kaya toast nya wajib dicoba. Amazing"
"Pas kesini lumayan nyasar.
Letaknya di dalam jalan kecil.
Venuenya rumah jadul tapi terawat dan luas. …"
"Ga afdoll kalo ga ngopi disini!

Bubur alkateri bisa disorder disini, paling suka roti srikaya Dan kopi susunya, pasangan paling cucok buat mengawali hari."
"Warung kopi yg legend.
Kopinya enak roti jg ok,
tapi kalo makanan lainnya ya so so"
"Tempat tertua kedai kopi sejak 1930...Sebagai pencinta kopi harus coba di kedai ini... Harga sangat bersahabat dibawah 50k cocok untuk budget menengah kebawah... Untuk parkir di pinggir jalan kecil lewat satu mobil... Saat pandemi lantai 2 …"
"Biasa aja makanan dan kopi nya, udah 2x ke sana,kopi hitam kayak kopi Nescafe clasic Lampung aja,roti srikaya juga roti 🍞 biasa,gado gado juga standar …"
"Vintage banget, cozy, pelayanan ramah walaupun sempat antri..
And the food is classic!!"
"Kalau ke Bandung dan ingin nongkrong ngopi2 mampir kesini bosss. Banyak pilihan menu makanan juga. Tempatnya juga sangat nyaman. Lokasi di tengah kota."
"Salah satu warung kopi yang sangat melegenda di Bandung.Berdiri sejak 1930,dan sudah diliput sama beberapa media nasional.Sampai sekarang masih sangat eksis dan selalu ramai pengunjung"
"Suasananya bikin nostalgia. Kopi tubruk nya mantap, clean rasanya. Dipadukan dengan roti srikaya nya yang manis, enak banget.
Lokasinya juga mudah di akses. Kalo ke Bandung boleh deh dimasukin list untuk tempat sarapan."
"pertama kesini 03 februari 2021 with besties Gowes Cari Sarapan. pesen menu roti srikaya (enak lumayan porsinya pas) sama pesen minuman susu ovaltine. tempatnya nyaman buat nongki kalian bakal disuguhin suasana jadoel aka vintage abeees hahay :D you wanna try?"
"tempat yang tepat untuk merasakan vibes bandung tempo doeloe karena udah berdiri seja 1930, dengan sajian makanan-makanan tempo doeloe yang pas jadi teman minum kopi selain snack ada juga beberapa varian makanan berat lainya.. recomended banget buat yang pengen nyari sarapan"
"Like this place.. tempat ngobrol sambil bfast... semua menu enak. Buryam gerobak enak bisa bayar di dlm.. semacam kopitiam versi indonesia... cuma satu. Jalan sempit. Parkir susah..  sabar2 aja.."
"Salah satu tempat ngopi yang legend di Bandung, buat yang mau nostalgia suasana ngopi jadul mesti coba"
"Minuman kopi hitam hanya 1 jenis, makanan bervariasi. Rasa kopi nikmat"
"Tempatnya klasik dan nyaman, disini menyediakna banyak menu, semua menunya saya nilai enak dan murah, tempatnya mudah dijangkau karena terletak di tengah kota. Disediakan ruangan non smoking buat temen temen yang ga mau terganggu sama asap rokok."
"Pelayanan ramah, bagus. Menu kumplit + lezat semua. Harga sangat rasional. Tempat sungguh nyaman.
Sangat recommended✔️unt tempat ngumpul + ngopi bareng klrg/tmn/sahabat/kerabat. Percayalah.💯%. …"
"Salah satu warung kopi tertua di kota Bandung. Kopi susunya yummy, campuran kopi dan susu murni, tanpa dicampur susu kental manis, mungkin ini yang memberikan rasa yang khas dari kopi susu lainnya. Suasananya jadul banget kayak masuk lorong …"
"Warung coffe yang ter_legend, dari jaman kecil ampe skrng bawa anak ku kesini👍 masih tetap samaa …"
"Restonya nyaman untuk makan, bersih... Hanya untuk parkiran aga sulit dan terbatas.."
"Gado-gadonya selalu enaaaak! Roti srikayanya juga enak. Rekomen~"
"Rasa kopi dan roti bakarnya maknyus. Kedai kopi ini sudah berdiri sejak 1930. Sangat cocok utk tenoat nostalgia krn masih ada perabotan, peralatan dapur dan photo photo lama"
"Sekarang rasa makanan nya tak seenak dulu apa yang masak ganti?"
"Suka bangettt dengan segala menu makanan dan suasana jadoelnya. Kopi tubruķ dan roti selai srikaya nya yg the best👍👍👍 …"
"kedai kopi atau kopi tiam dengan menu otentik dan rasa yang enak yang sudah jarang di indonesia... mirip kedai kopi di malaysia dan singapore."