"wiI7pd"
"Bila ke Lembang jangan lupa mampir membeli tahu susu atau oleh2 yang beraneka ragam pilihannya. Bila anda lapar atau haus bisa sekalian melepas penat karena disini seperti foodcourt baik makanan berat atau sekedar makan cemilan kembang tahu,tahu goreng,pisang goreng & minum kopi. Tahu susu yang dijual ada yg berwarna putih & tahu kuning yang dihasilkan dari kunyit. Biasa ramai di weekend karena banyak rombongan wisatawan yang berlibur di Bandung. Tempat parkir luas dengan lokasi yang luas pula."
"Pusat oleh oleh bandung. Tempat nya luas dan ga terlalu ramai padahal aku kesana weekend. Terdapat pabrik bolu susu lembang dan pabrik tahu susu lembang. Harga nya lumayan mahal. Ada permainan anak juga"
"Pernah kesini sekitar tujuh tahun yang lalu, dan waktunya selalu ramai. Hari ini pergi tapikondisi sepi, tidak ada perubahan signifikan terhadap tata letak dan macam makanan nya. Tahu susu nya lembut dan kita jajan aneka jajanan yang …"
"review 5 buat bjo banana crispy doang, sama sblhnya lupa apa krn ga foto, lainnya yg dicobain gaada yg enak 🥲 jd yg difoto cmn ini jg spy inget. tahu susunya ga cocok bgt saya, byk makanan lain jg disana. pas ksana super rame gadapat tempat jd cmn nyoba""in makanan"" ginian ga yg berat …"
"Tempatnya oke, di jelasin sama kakanya banyak.
Cocok untuk anak-anak.
Tiket masuknya di wonderland lumayan murah, cuma emg panas banget. Jadi harus siap topi sii. Enak mainnya sore-malem deh kayanya lebih adem"
"Drive thru beli tahu susu lbang, harga oer box 25rb. Langsung di goreng waktu pesan biar enak dan bisa kondisi dingin dan goreng sendiri nanti. Di dalam lokasi ada seperti food court dan juga penjelasan proses oembuatan tahu susu lembang"
"Pusat oleh-oleh yang sangat komplit dengan aneka makanan khas Bandung, dengan harga yang terjangkau. Ada aneka bolu, tahu susu, aneka snack ringan, basreng, sosis, pia susu lembang, pisang goreng, dan lain-lain. Di sana terdapat juga food …"
"Penasaran sama tahu susu Lembang.. akhirnya kesini.. kelihatannya luas sekali.. dari parkirannya juga luas.. tapi sepi banget.. gak terlalu banyak pengunjung.. apa karena pas bulan puasa mungkin yaa.. …"
"Baru tau kalo lagi di Tahu Susu ada tempat main anak... Gak luas seh tapi cukuplah buat ngasuh anak... Tiket masuknya agak mahal harusnya sdh dpt naik kuda itu soalnya buat kami yang dewasa tanpa anak ya cuma duduk aja alias ngejedog🤣🤣🤣... …"
"Pusat kuliner khas Bandung terbesar di Lembang. Tempat yg wajib dikunjungi tiap ke Bandung.
Semua kuliner khas Bandung ada di sini, dgn harga yg cukup terjangkau dan …"
""
""
""
""
""
""
""
""
""
""
""
""
""
""
""
"Udh beli 2x dsni selalu enak tiramisunya, eh yg ke 3x di kasih yg udh mau basi, pdhal di perjalanan ga sampe 12 jam lgsg masukin kulkas"
"One stop destination kalau pergi sama anak pas bgt. Ada Lembang Wonderland yang cantikkk bgt utk tempat main anak2, ada food court, ada pusat oleh2, parkiran luas, toilet gratis. Kereen."
"Kenapa sekarang sepi ya padahal dulu pusat kemacetan
Padahal sudah ada semua fasilitas dan lainya dan makin beragam , mudah2 an team marketingnya bisa mendapatkan ide2 baru untuk promosikan tempat ini ,dan dijadikan tujuan utama wisata di lembang"
"sudah 3x kesini...

(+) letaknya strategis tepat di jalan raya lembang gk jauh dr asep strawberry …"
"Tempat yang cocok untuk pergi bersama keluarga, tempatnya lumayan bagus, yah gak jauh beda seperti pujasera. Dulu tempat ini lebih bagus. Mungkin krn pandemi jd kurang perawatan. Sejauh ini masih bisa untuk dijadikan tujuan wisata di kota bandung."
"Kalo ke bandung jangan lupa mampir kesini. Pas kesini pas lagi promo pake debit BRI beli 2 gratis 1. …"
"Disini makananya relatif enak-enak, terutama khas tahu susu, susu kedele dan tempe kejunya …"
"Tempatnya luas, dan dapat menjadi tempat wisata edukasi pembuatan tahu, faslitas nya juga sudah memadai ada area parkir yang luas, toilet, mushola, playground, restaurant, tempat oleh-oleh, area pembuatan tahu, dan masi banyak lagi. dan tempat ini juga sangat cocok bagi pelajar untuk melakukan Lintas Kurikulum"
"Tahunya enak, recommended.
Di pojok ada otak-otak enak juga.
Ada bisa naik kuda, 35ribu kalau tidak salah untuk sekali putar. …"
"Beberapa kali kesini, tempat tetap nyaman, hanya saja kalo bisa posisi kasirnya ditambah 1 lagi, biar lebih nyaman."
"Ada berbagai tahu mentah / matang, batagor, kembang tahu + jahe."
"Tempat jajan khas Lembang super lengkap..tahu Bandungnya top, banana crispy, batagor, pie susu lembang sampai pabrik sambelnya sudah kucoba semua...ada wonderland juga untuk anak2 dengan beli tiket masuk  Rp. 35 rb per anak..para ibu penggemar tanaman hias juga ada"
"Banyak jajanan yg enak dan bervariasi, tapi akan sangat membuat pengunjung betah jika tempat makannya lebih dijaga kebersihannya, terutama LALAT yg super banyak dan sangat mengganggu org utk menikmati makanan di tempat. Sudah 5x lebih ke sana, tapi tetap saja kendalanya sama."
"Tempatnya luas, terdapat cukup meja lesehan.

Isinya food court/kumpulan pedagang kaki lima …"
"Iseng sih kesini, pagi2 biar ga kena macet. Tapi ternyata biar pagi sudah cukup ramai juga. Ke sini itu one stop shopping utk kuliner khas Bandung. Dengan sistem pesan, bayar di kasir yg menyebar di beberapa tempat trus baru terima orderan …"
"Tahu Susu Lembang

Merupakan komplek atau pusat oleh oleh yang berada di daerah Lembang dengan …"
"Banyak makanan, parkiran luas..jajanan juga banyak."
"Kalo mau leluasa belanja memang enak pilih weekdays...but kalo mau sekalian liburan dengan keluarga emang enak di weekend sih, tp kudu siap2 mamacetan weh...secara kalo bawa anak2 tuh ya,enak banget kalo kesini, bs main2 dan makan2 juga. …"
"Seperti ini :

Lokasi: …"
"Tahu susu lembang selalu berimprovisasi untuk mengembangkan usahanya, selain menjual product unggulannya berbagai macam jenis tahu susu dan tahu mentega baik yg masih mentah maupun yg sdh siap saji, saat ini sdh menyediakan berbagai macam …"
"Tempatnya sangat luas dan tersedia banyak pilihan restoran dan toko oleh oleh khas Lembang yang beragam seperti produk tahu susu yang lembut ketika dimakan walaupun sudah digoreng kering."
"Tempat beli oleh - oleh kalo ke lembang
Beli aneka tahu, pie susu, susu kedelai, dan banyak lagi oleh - oleh lainnya
Tempatnya luas. Tersedia lahan parkir dan toilet …"
"Tempat beli tahu susu favorit.segala macam makanan tersedia di foodcourtnya.ada mesin ATM BCA jg jdi gak takut kehabisan uang.paling nikmat kesana pas lagi hujan trs beli tahu susu goreng sama susu kedelai panasnya.👍 …"
"Tempat wisata dan oleh oleh tahu susu Pusatnya di lembang Bandung,
Insyaallah bikin happy untuk keluarga yang mampir di tempat nya
Smoga kita semua slalu dlm keadaan sehat wal afiat
Senantiasa selalu dlm perlindungan allah swt.."
"Jatuh cinta sm kopi baso goreng syomay, 😍😍😍 …"
"Tempat beli oleh-oleh khas Lembang khususnya tahu susu Lembang, rasa tahunya emng beda setelah dibandingkan dengan beli bukan disini, disini lebih lembut dan halus. tapi kalau laper bisa makan makanan yang lain dulu disini. Makanan khas …"
"Sepanjang Lembang ini banyak pusat oleh-oleh khas Bandung. Dari bolu khas Lembang sampe tahu susu. Memang dari Lembang terkenal dengan hasil ternak susu sapi yang bisa diolah jadi berbagai jenis makanan atau minuman. …"
"Tahu yang sudah melegenda, ada tempat kulinernya, ada pabrik pembuatannya dalam satu komplek. Parkir dan pelataran luas."
"Tempat luas, kulineran di dalam jg ada selain tahu men tahu, mushola ada,tempat bermain anak jg ada,sewa kuda ada.sip ok lah"
"Pusatnya tahu susu. Ada yang dijual mentah dan ada yang sudah digoreng siap saji. Selain itu banyak pillihan oleh-oleh Bandung bisa dibeli di sini. Penggemar tahu jangan lupa mampir di sini."
"Makanannya enak2 dengan suasana yang tradisional"
"Pertama kali ke tempat ini langsung menuju kupat tahu karena sudah saatnya Makan siang, pilihan jatuh ke kupat tahu susu, bumbunya kerasa, kupat tahunya lembut, yang belum pernah coba silahkan menjadi pilihan 😊 …"
"Namanya Tahu susu lembang..disini banyak oleh2, sistemnya kayak food court, kebun strawberry ada, sate ada, rumah sosis, yg penting tahu susu ada..harga nggak mahal standar, nyaman parkir luas"
"Lapangan parkir luas. Bisa drive thru kalo mau beli tahu. Ada mushola yang bersih dan luas juaga. Selain tahu susu banyak produk lain seperti telur puyuh, susu kedelai, susu murni. Dan aneka stamd2 makanan seperti seblak, tahu gejrot, ayams …"
"Tempat bermain anak2 dan keluarga, banyak mainan dan spot photo, cocok buat acara keluarga besar"
"Tahu susu lembang ada 2 macam bentuk (kotak&panjang) dan 2 macam warna (putih&kuning) utk ketahanan produk diluar ruangan hanya bertahan 2hari, d dalam kulkas 3hari, tanpa bahan pengawet dan menggunakan pewarna alami (kunyit)"
"kalau pagi masih banyak mobil mobil masuk keluar kasih stok huru-hara tapi gak ganggu banget kok, stand stand nya masih lengkap fresh from the oven!"
"Tempatnya luas, ada area bermain untuk anak2, tempat parkir ada d dalam dan di depan, bus pariwisata bisa masuk. Banyak oleh2 yg bisa dibawa pulang, mushola didepan"
"kecewa beli tahu drivethru ternyata tdk fresh, baru 1 hr msk kulkas ud lendir jamuran, kalo beli di dlm aman sampe 2-3hr msh bagus fresh."
"Lokasi cukup nyaman, makanannya biasa saja"
"Tahu, banana crispy, kembang tahu enaaaaaakkkk......"
"Yang wajib kalo lewatin Lembang. Sistemnya Drive thru, dan karena beli pas weekday jadi ngga ngantri tapi tahunya udah dingin."
"Lokasi Rumah Tahu Susu Lembang bertebaran disini. Ada juga beraneka oleh2 cemilan lain: yoghurt, bollen, banana crispy, susu murni, sambel. …"
"Ada 3 tempat di lokasi ini, yg paling belakang tempat jual beli produksi tahu, yg 2 di depan ada bolu susu & bika ambon. Tapi varian rasa bolu susuny sedikit dan ga ada tanggal exp di kotaknya jd hanya bisa mengira-ngira saja. Harganya 55rbu/kotak bolu susu."
"Terletak berdekatan dengan Floating Market Lembang, tahu lembang cukup enak menurut  selera saya cukup lembut texture tahunya, bangunan toko tahu lembang dibuat unik seperti pom bensin namun ternyata merupakan drive thru untuk pembelian …"
"Tempat yang cocok buat cari oleh2 lembang. Lumayan lengkap. Hanya saja harga relatif lbh mahal."
"Tempat buat beli oleh² olahan tahu dan susu. Ada berbagai macam oleh² yg disajikan, salah satunya tahu susu goreng. Dari luar seperti tahu sumedang, tapi isinya padat dan lembut layaknya susu."
"Lokasi di jl raya lembang tepatnya diaebelah kiri jl dari arah bandung. Tempatnya luas. Asik utk kuliner sambil jalan jalan. Tersedia berbagai macam makanan dan minuman khususnya tahu susu. Bagi pencinta binatang juga bisa bermain bersama kelinci"
"One stop shopping

Dari pabriknya,alias langsung keluar dari oven. …"
"Tidak cuma menikmati Tahu tapi sekaligus juga melihat cara pembuatannya secara langsung. Parkiran luas, tempatnya nyaman, ada fasilitas drive thru yang memfasilitasi pengunjung yang malas turun mobil, banyak juga fasilitas lain seperti ATM dll."
"Untuk ukuran saya yang sedikit tahu harga, di sini cukup pricy ya. Mungkin memang target market nya bukan orang-orang seperti saya 😁. Jadilah sy lebih memilih oleh-oleh khas bandung di store yang malah ada di kota sendiri. Saran kalau mau …"
"Lokasi di pusat Lembang jalan utama,  banyak camilan camilan buat ganjal perut, tempat main anak juga tersedia ada wonderland, ada naik kuda, parkir cukup luas dan masuk gratis, meja tempat makan masih kurang selain yang lesehan."
"Aneka ragam oleh2 khas lembang,,,tempatnya nyaman ada area untuk liburan keluarga juga, lokasi strategis di jalur lembang - bandung"
"Nyaman , tempat yang enak banyak tumbuhan apalagi tahu susu bikin nagih enak mantap lah pokona kalau ke Lembang Bandung belum lengkap rasana lamun teu nyicipin makanan tahu susu mantap jiwa 👍 …"
"Tempatnya luas dengan berbagai variasi menu makanan. Tahu susu nya enak, serabinya juga top. Cocok buat santai setelah muter2 lembang dan sekitarnya. Yang paling saya suka pisang goreng keju nya... mantap."
"Tahu Susu nya enak, mantap, lembut banget..
Agak ketipu beli tahu Susu isi, tp isi nya ternyata isinya dikit banget,, enakan beli tahu susu sekalian, …"
"Tahu susunya enak, lembut, ada juga yg jual batagor, enak juga, suasananya lumayan ramai saat liburan"
"Ukuran tahunya kecil, harganya 2500/pc (mahal). Kecap utk cocolannya pun krg enak."
"Pabrik Tahu & bolu susu Lembang
Tempat nya nyaman, meskipun ini berada di area lembang tapi hangat cocok untuk tempat istirahat setelah berlibur di kota bandung, untuk masuk ke tempat ini …"
"Tak hanya menjual tahu susu juga ada aneka oleh-oleh lain. Harhganya standar sih. Karena memang ada kualitas. Di sini juga menerima pembayaran menggunakan ovo dan juga ada atm. Bca di dalamnnya. Selain itu ada layanan drive thru bagi yang punya waktu terbatas."
"Salah satu alternatif tempat oleh-oleh di Lembang. Produknya tidak hanya tahu saja, ada juga susu murni, yoghurt, batagor, aneka cemilan, bahkan ada brownies tahu susu. …"
"Dari tiga makanan yg saya beli (seperti di foto) hanya tahu susu nya saja yg mantap dan ngangenin. Saran sih, kalau beli tahu susu yg langsung matang di tambahi saus atau kecap cocol gitu biar makin mantap. …"
"Tempat utk kulineran khususnya makanan khas Bandung seperti Kue molen aneka makanan berbahan tahu,aneka gorengan dll"
"Adem, indah banyak jajanan kue"" yg endol"" 😊 …"
"Mantap tuk ajak kel berlibur...tmpt yg santai...permainan tuk anak"" ada... Mesjid bersih... Toilet lumayan bersih... Parkir luas n murah... Aneka makanan enak yg bnyk memanjakan perut...top bgt deh"
"Kalau di Banten namanya Leumeung. Kalo rasa seperti leuput. Enak dan saat mau beli bisa menikmati proses pembakarannya. Harga cukup bersahabat (menggargai prosea) Rp. 20.000. …"
"Pusat oleh-oleh dan foodcourt di area Lembang dengan makanan dan jajanan yg bervariasi. Yg rekomended disini ya tahu susu dan pisang crispy, kalo jalan2 area Lembang sepertinya wajib mampir. Apr 2019."
"Tahunya enak tempatnya luas, cocok untuk main keluarga ataupun bersama teman. Terdapat makanan lainnya. Yougurt, bulu susu, dan makanan makanan ciri khas lainnya. Harga kompetitip"
"Tahu Lembang makan wajib kalau ke sini,untuk yang senang jajan,di sini banyak makanan lainnya,juga bolu susu Lembang banyak varian nya d sini,jangan lupa beli susu strawberry 😁 …"
"Tempatnya bagus, tahunya juga enak tapi harganya gak ramah di kantong, sedangkan rasa tahunya hampir sama kayak yg biasa 😁😁 …"
"Tempatnya luas, parkiran luas juga. Toiletnya bersih. Penjual ramah. Aq paling suka banana crispy nya. Mantapks 👍 …"
"Tahunya enak lembut..
Cocok buat oleh-oleh..
Bisa nyicipin langsung yang panas biar tambah greget.. …"
"Ini yg jualan tahu goreng sama susu kacang kurang ajar banget.... Gaya dan kata katanya ga cocok buat kerja... Masalahnya orang ini uda lama kerja di sini... Masalah minyak juga uda kotor banget ga di ganti... Aduh pokoknya dari semua stand …"
"Parkirannya cukup luas, dibelakang ada semacam foodcort apabila ingin makan berat ataupun ringan"
"selalu jd tempat favorit buat beli oleh"" kalau ke lembang. tahu susu nya juara, rasanya lembut & gurih. bs beli yg uda mateng atau mentah. banyak pilihan oleh"" .. spt pie susu, banana crispy, bolu lembang maupun cemilan. rekomen buat pie …"
"Satu area sama oleh2nya. Jadi bisa beli tahu plus yang lain"
"Tempat menginap yang nyaman setelah berendam air panas di ciater, lokasi strategis pinggir jalan, dekat dengan beberapa tempat wisata di lembang, kamar sangat luas, dpt free breakfast, udara dingin dan sejuk, harga lumayan dpt promo dari traveloka"
"Tempatnya dipinggir jalan utama. Untuk tahunya 15K isi 10, rasanya enak, tahuny juga aluuus banget, ada susu kedelai juga. 7,5K. Bisa juga beli tahu mentahnya untuk dibawa pulang. Dsebelahnya juga banyak makanan. Kaya foodcourt."
"Buat pecinta tahu, recommended, harga normal menuju tinggi. Suasana bisa enjoy. pelayanan cukup baik. Rekomendasi buat tahu lovers, pencari oleh - oleh, dll. Parkir luas, suasana baik, ramai, pastinya dapat beraneka macam tahu , menurut saya patut dicoba."
"Jaman dulu ini tuh ada tmpt flying fox, atv dll skrg brubah jd wonderland, keren sih anaku bahagia bgt kesini juga lebih bnyak kuliner dan tmpt oleh2 ."
"Tahu Susu Lembang adalah salah satu spot wisata kuliner di lembang - bandung.
Di Tahu Susu Lembang kita dapat memesan hidangan yg khas disini, apalagi kalau bukan Tahu Susu dan Susu Kedelai. …"
"Tempatnya strategis dilembang kota,parkir luas, variasi jajanannya bnyak, harganya masih worth it."
"Makanan khas Lembang dengan menyediakan tahu susu debgan berbagai variant. Menyediakan makanan khas bandung dan pusat oleh oleh yang bisa anda beli, lengkap tersedia disini."
"Selain berbagai produk tahu, ada juga jajanan lain seperti crispy banana, oleh-oleh snack, baso ikan goreng dan konter Primarasa. Di bagian depan juga ada toko oleh-oleh Pagerwangi yang menjual banyak sekali cemilan kering khas Bandung. Oh …"
"I LOVE TAHU SUSU LEMBANG SEJAK TAHUN 2008.

Makan pas lagi panas panas, enak banget. Rasanya lembuuuuut banget. Tahu terenak …"
"Saya tinggal dibandung sering kelembang,tahu rasanya makin hari makin kurang,tapi ini masukan aja ya kalau bisa dadakan aja dan tingkatkan lagi pelayananya"
"Tahu susu dan rumah sosis, ada spot foto dengan latar taman bunga, tempat bermain, mini flying fox, variasi penjual makanan dan oleh oleh khas susu kedelai, ada tempat wisata edukasi proses pembuatan tahu (pabrik tahu), bisa juga melihat …"
"Tahunya enak banget, tapi somaynya terlalu mahal"
"Banyak makanan enak. Lebih baik datang pagi pas baru buka."
"Nunggunya super lama.. ngantri panjang kerjaannya lambat ..
tahunya enak bgt meleleh. Cuma dikasih cabe ijo ga dapat sambal lain , tisu atau apapun ga ada .. 15rb dapat 10 biji"
"Tempat yg lengkap buat cari oleh2 di bandung
Lokasi nya strategis dan harga nya juga masih terjangkau"
"pertama, tempatnya kurang rambu ya..ini kali pertama kesini dan saya naik bus rombongan.. jujur, sy bingung, krn turun di parkir gatau kemana tempat beli tahu susunya, malah masuk tempat main anak.. dikira lobby atau tempat belinya.. …"
"Jangan lupa mampir beli cilok gerobak di gerbang keluar. Enak banget! Paling enak tahu isi nya"
"Beli tiramisusu tapi rasanya agak asem pdhap beli sebelumnya ga pernah asem yg original"
"Tempat parkir luas, makanan enak"" dan lengkap"
"Makanannya untuk rasanya standar 🌟 🌟 🌟 bintang 3.
Kalau makan di tempat yang lesehan kena asap dari sate …"
"Ini merupakan tempat yang tepat untuk membeli oleh-oleh dari Lembang. Tahu susunya lembut banget dan bener-bemer recomended lahh.
Selain tahu susu, disini juga ada rumah sosis, permen susu, yogurt, kripik, ada …"
"Suasana sore yg adem .. enak buat nongkrong ditambah tahu susu anget"" .. bnyak macem"" oleh"
"Tahu lembang sama tempenya enak,kalian harus coba deh. Banyak oleh2 yg bisa dibeli disini,parkir luas."
"Suasana nyaman enak ada tempat kuliner jajanan selain olahan kuliner Tahu Susu Lembang
Dan ada juga wahana bermain anak & tempat foto2 (Wonderland Lembang)"
"Tahu nya enak banget, 1 pack harga 15rb dpt beberapa tahu yang udh matang, tp ada juga kok yang masih mentah untuk oleh oleh"
"salah satu tempat di lembang bandung untuk mencari buah tangan , atau sejenak istirahat dan menikmati makanan ada tempat kuliner yg berbahan utamanya adalah :  TAHU 😁 …"
"tahu susu lembang ceunah 30rb / 10 biji. srkarng tahu ukurannya lebih kecil dan tidak ada rasa asin …"
"Ada lokasi anak-anak bermain.
Ortu belanja anak-bermain"
"Tahu Lembang.Tahu Susu.Sosis dan aneka Camilan oleh"" khas Bandung seperti Tempe,Tahu,Sosis Bika ambon,Bolu susu dll bisa anda beli disini"
"Berkali-kali ke sini hanya utk makan tahu, tahunya enak, worth walaupun perjalanan jauh dan macet. Anak-anak juga menyukainya. Selain tahu banyak makanan lain, tapi tetep signaturenya ya tahu itu. Tahunya bisa dibawa pulang beli mentah"
"Tahu nya enak..ga cuma jual tahu sekarang makin banyak jajaki dgn bisnis lain sepeeti sewa kuda..becak..dll"
"Utk tahu mentah, abis liburan ke Lembang, pasti ke sini...beli di sini...memang beda rasanya dgn tahu yg kita beli sehari-hari"
"Jual susu basi anak"" saya kena penyakit disentri. Tahu sangat kecil dengan harga overprice."
"Lokasi bagus dan produk lengkap kuliner , fashion outlet, garden n play ground. Hanya sistim bayar dg kupon/1 cashier agak merepotkan"
"Enak tahu crispy nya
Cuma sayang tahu bulat sudah ga produksi padahal kangen banget rasanya tahu bulat"
"Enak rasanya teksturnya lembut banget beda ama tahu biasa. dan yg paling penting ini recommends banget dengan harga 25 ribu rupiah untuk yang mentah perbungkus dan 15 ribu rupiah untuk yang sudah digoreng (lupa isi berapa potong.😅) sorry …"
"Parkiran luas ..., milihan makan dan jajanan juga banyak dari yv tradisional szmpe yang modern inovatif ada, jarena disini merupakan kawasan pujasera. …"
"Selain makan dan belanja oleh oleh, tidak byk yg bisa di explore"
"Parkir lumayan luas, bisa drive thru. Tahu susunya enak, ada susu kedelai dan yoghurt juga. Disediakan juga tempat untuk makan berat disini. Pelayanan bagus dan ramah. Pilihan olahan susu cukup banyak"
"Baru pertama kesini, well,tempatnya nyaman sih mgkn karena kami dtg bukan hari libur jadi ga rame. Cuma ternyata kami ga terlalu suka, susunya enak, tapi tahunya keasinan sih. Yg favorit makanan lain ada banana crispy sama Pie Susunya malah hehe"
"Tahu susu Lembang 25 ribu buat oleh-oleh, tempat nyaman dan bisa cicip makanan khas Bandung"
"Tahu nya enak, masih anget jugaa, untuk harga tahu mentah nya 28rb tahu yang mateng nya lupa, untuk kecap nya 3000rb"
"Mau jajan segala yg namanya tahu ya disini tempatnya. Tahu susu memang mantap"
"Bawa keluarga enak nih suasananya..kalo boleh saran masuk liat tanaman free kan saja"
"Tahu Susu Lembang menawarkan kuliner khas Lembang yaitu Tahu Susu Lembang. Di sini terdapat rumah produksi atau pabrik untuk tahu susu tersebut. Lokasinya strategis di pinggir jalan raya. Tersedia tahu susu mentah, tahu susu goreng, susu …"
"NANGMUDJANG PANCURBATU MANGAN RAKUZZZZZZ ABIZZZZZZZ UNTUNGGGG , BANGZATTTT!!!!😃👍 …"
"Tempat cari makan yang komplit banget..Harga dan Rasa yang Oke banget..pass...
Fasilitas komplit..,Toilet..,Mushola..,tempat hunting foto..dll"
"Wisata selfie di lembang yg keren bgt ,di malam hari jg bagus full colors,htm nya terjangkau"
"Tempat nya luas, menjual olahan dari bahan tahu & susu. Mulai dari bolu tahu sampe tahu susu goreng"
"Sabar menunggu demi tahu crispy harga 25rb tapi ternyata ga dapet cabai, adanya sambal itupun harus bayar extra 2.500
Lah kalo posisi udah ngantri males lah ngantri lagi demi sambel.. kapitalisnya totalitas banget sih kenapa ga jual 30rb aja udah lengkap cabai + sambal.."
"Tahu susunya tidak seperti biasanya. Tahu seperti sudah digoreng 2x. Jadi kapok untuk membelinya kembali. Harga sudah cukup mahal tapi ga fresh."
"ada layanan drive thru selama masa covid 19 ini...memang berasa sepi walaupun weekend"
"Saya beli baso malangnya, harganya 27.500 dan siomay yg ada di mangkoknya basi.. utk menu lainnya ga ada masalah, pie susu nya enak, banana crispy nya enak, tahu crispy nya enak. Wastafel dan toilet perlu di bersihkan dgn baik dan benar. Kebersihan itu penting utk tempat makan.."
"Makan tahu goreng pas dingin dinginan di Lembang..pas banget pastinya.. sekarang ada Wonderland nya buat anak anak naik kuda berbayar.."
"Tempat makan yg enak. Menu lengkap dan cocok buat makan bersama keluarga"
"klo ke lembang slalu mampir sini utk istirahat sambil nyemil tahu sumedang panas.  sedap."
"1 potong rp 2.500. It's not worth it. Ada banyak pilihan lain di Lembang dgn harga segitu yg lebih enak. Pilihan lain : makan sate ayam atau kelinci di Lembang. Atau makan di reatoran Mandarin Palembang yg terkenal  super  enak di Lembang"
"Ssdh melalui macet, ternyata nyampe sana terbilang sepi, harga trmsk mahal tuk porsi sangat sedikit n rasa standar (mis:tahu crispy)"
"Tempatnya bagus, bersih, nyaman buat beli oleh"" recommended banget
Parkir mobil cuma 4000 (mobil pribadi)
Harga tahu susu mentahnya 1 kotak Rp. 25,000 …"
"Lokasinya deket sama rumah sosis. Tahu susu favorit jadi kalo ke Bandung wajib beli ini. Harga tahu putih dan kuning per pack nya Rp. 25.000, tahu bulat juga ada harga per bungkusnya Rp 20.000. Ukuran tahunya cukup besar jadi harganya …"
"Tahu Susu Lembang, lembut dan enak tidak berasa asem seperti tahu pada umumnya.
Disyarankan bawa baskom kalau mau beli tahu susu lembang, jikalau mobil anda tdk akan basah oleh tetesan air tahu tsb"
"Tempat yg nyaman tuk menikmati aneka kulinerkhas jawa barat , d tambah lg adanya aneka bermain yg cocok tuk keluarga
Harganya cukup terjangkau meski d tempat liburan"
"Pabrik bolu susu, ada bnyk tempat wisata di sini, seru ada tempat bermain ank2. Dll"
"Biasa saja. Disini saya makan ulen dan nungguin istri membeli Alpukat. Karena malam2 maka sy tak zempat menikmati Tahunya dan mngambil foto di sini (sdh pada tutup sih)."
"Udaranya sejuk cocok untuk makan yang anget-anget, tempat ini cukup ramai dikunjungi terutama saat hari libur dan weekend."
"Tempat oleh-oleh khas lembang trutama tahu susu lembang yg enak dan halus itu. Ada berbagai macam camilan seperti tempe kering, kicimpring,  rengginang,  youghert permen susu,  susu murni dan banyak lagi. Ada tempat makan,tempat bermain …"
"Di sini adalah pusat pembuatan tahu susu Lembang yang terkenal. Pengunjung bisa menyaksikan proses pembuatan tahu. Kalau penasaran ingin mencoba tahunya, ada food court yang menyediakan. Tiket masuk gratis. Tempat ini satu komplek dengan Lembang Wonderland, Rumah Sosis  dan Bolu Susu Lembang."
"ada wahana baru disini, lembang wonderland.. bagus jg kalo kesananya malam... cuma di tahu susunya setengah 8 malam sdh close penjualan.. jd gak sempet beli buat oleh2"
"Tempat nya luas, banyak jajanan dan harga nya terjangkau"
"Lokasi strategis parkiran luas , tahunya enak  rasanya dan lembut teksturnya...maknyuuuss"
"Enjoy for relax! Udara sejuk, disuguhi dengan banyak makanan sunda dan bandung princess cake !! Mantap!"
"Tempat yang nyaman dengan nuansa di atas kota ..nongkrong di gawir view kota Bandung
.dan nasi timbel dengan rasa yang khas dan harga sangat terjangkau dengan sambal …"
"Tempat penjualan oleh-oleh dengan tempat parkir yang sangat luas"
"Aneka jajanan banyak disini...rame juga hari libur...mau petik stroberi disebelah tp buahnya lg ga ada..."
"Adem dan banyak makanan enak khas Bandung."
"Di sini ada berbagai macam tahu dgn berbagai olahan, ada juga yang masih mentah dan bisa kita jadikan sebagai oleh-oleh. Selain tahu susu juga terdapat berbagai macam makanan dan minuman seperti es krim buah, sosis bakar, susu kedelai, …"
"Sepi mungkin karena weekday"
"Tahu  susu lembang,  susu  murni,  susu  kedelai,  rumah  sosis,  batagor  susu  juga  ada,  mau makan  berat makan  ringan ada  😁, ada  tempat bermain anaknya,  naek  kuda,  tempat luas  dan  bersih.. …"
"Tempat parkir luas, pelayanan nya ramah (kalau lagi tidak terlalu ramai), ada rumah sosis juga, di sini tidak hanya menjual tahu saja, banyak juga yang menjual sosis,tahu,pisang,susu,yogourt,dll, harganya terjangkau, tekstur tahu nya lembut enak banget."
"Tempat yg mudah dijangkau. Dekat dg tempat rekreasi asia afrika great s. Farm house. Hotel grand lembang. Tersedia beragam makanan. tahu susu mentah/goreng. Yoghurt. Batagor. Bulo susu. Cemilan2. Sate. Arena bermain anak.dll. komplit. Tempat parkir luas"
"Tahunya B aja. Mungkin karena terlalu lembek iya sih dia claimnya selembut susu gt.
Tp kalau mw coba silahkan. …"
"Bagus ,enak tempat nya dapat coba gratis sebelum beli buat yg keripik dan makanan nya enak enak toopppp"
"Tempat belanja oleh2 khas Lembang yang nyaman bersih dan tentunya makanannya enak-enak"
"Sukak bgt, jadi kalo biasanya ke tahu susu cuuma beli tahu sma makanan laen, disini jg bisa jd spot foto yg bagus bgt hlo, nenangin pikiran yg kalut gegara aktifitas sehari², soalnya suasananya syahdu, ngangenin gt, tahu susunya jg matep bgt, pas deh! Trs.. Ga mahal hloo disini:)"
"Tahu susu lembang is indeed one of the best quality tahu in Bandung,
But other food kinda so-so
Other recommendations are bika ambon lembang, the sausage, and banana crispy"
"Very recommended utk anda yg mau bawa oleh2 dari lembang. Harus Coba!"
"Tempat nya nyaman parkir luas,kalo mau datang lebih baik pagi buka jam 08.00 wib,makanannya banyak bisa wisata kuliner top lah...."
"Suka tahu susu? Di lembang sini banyak aneka makanan mulai tahu susu sambal dan minuman"
"Udh dari jaman smp kesini, sekarang di 2021 masih seperti dulu tempatnya dengan sedikit perubahan. Dan fasilitas parkir, toilet, mushola dll lumayan lengkap."
"Tempatnya nyaman,terdapat pabrik pembuatan tahu susu juga. Cocok untuk wisata keluarga"
"Tempat jajan yang terintegrasi. Ada begitu banyak pilihan stand makanan. Mulai dari snack, cemilan yang bisa dijadikan oleh-oleh hingga makanan berat seperti sate, bakso dan siomay untuk disantap di tempat. Tempat parkir luas. Nyaman dan cocok untuk anak-anak. Ada koleksi binatang dan tempat mainnya."
"Tahunya enak. Harga mentah 25k (tahan 3 hari kalau di kulkas. Harga matang 15k isi 10 buah. Parkir 5k"
"Lokasi ini bisa dijadikan sebagai salah satu tempat Study Tour.

Lembang merupakan daerah pegunungan Bandung yang berhawa dingin. Paling cocok …"
"Tempat yg bagus dan rasa tahu susu yg uenakkk..."
"Tahu susu enak, tp bolu susunya terlalu mahal"
"Tahunya enakk... ada yang tahu susu biasa ada yang mentega.
Banyak pilihan jajanan lain jg di sini termasuk Sosis."
"Tahunya benar2 lembut dan enak, tempatnya sangat nyaman dan ada wisata kulinernya juga."
"Pusat oleh2 khas lembang, khusus nya tahu Dan olahan lainnya."
"Suka banget, namun sayang karena malam dan habis perjanalan jauh dr ciwidey k ke kawah putih jadi kaki udah ga sanggup utk d ajak jalan ... so, cm bentar d tahu susu lembang... keburu hampir habis semua tahu nya... see next time lembang dan …"
"Susu tahu lembang tuh lembuuutt banget dmakannya... dsini ga hanya menjual susu tahu ajaa.. tapi ada rumah sosis n oleh2 bandung lainnya.."
"Food Court nya B aja...ada beberapa tenant diseputaran tahu susu...tahunya masih kalah lembut sm tahu antapani"
"Tempat belanja oleh2 Bandung yg kumplit dan msh seger, ga apek, krn semua serba dadakan.. Kl mau belanja, disini aja😉 …"
"Tahu drive thru 😀 Penuh dan rame itu pasti. Tapi sesuai dengan makanan dan oleh-oleh yg disediakan. Worth it! 💕 …"
"Tahunya terasa lembut didalam mulut. Salah satu tempat untuk beli buah tangan dari lembang."
"Tempat makanan yang murah dan nyaman belaja. Ada juga mainan anak"
"Tempatnya nyaman, parkiran memadai, dan memang khas produksi tahu susu lembang.. tpi ada oleh2 yg lain juga seperti berbagai jenis sambal.."
"Murahh dan enak..banyak makanan lain juga"
"Tempat yg nyaman u di kunjungi, bisa merasakan makanan tradisional dg suasana nyaman. Juga bisa membeli oleh-oleh u kerabat krn banyak pilihan dg kwalitas terjamin"
"Tempat kuliner Tahu di daerah Lembang...nyaman & Murah...⚘👍🏼 …"
"Banyak jenis olahan tahu di sini.
Parkiran mobil luas"
"Mantap betul, tahunya superfresh karena dibikin langsung dari kedelai dan susu waktu itu juga."
"Kuliner lengkap dan harganya masih terjangkau.. tahu susunya lembut banget"
"Kalau ke lembang bisa mampir untuk nyari oleh2 disini. Langganan selalu beli bika ambon rasa keju di rumah sosis, dan telur asin bakar. Recommended"
"Tempatnya nyaman, masjidnya indah, dan ada drive thru nya.."
"Pusat oleh-oleh untuk tahu susu lembang.. Harga terjangkau.. Ada rumah makannya jg, jadi bisa sambil sarapan atau makan siang disini."
"Oleh2 khas Lembang Bandung..tidak pernah terlewatkan, tahunya mantab banget"
"Tahu nya kecil², mungkin pk susu jd agk mahal. Tp ueeenak tenan!"
"Parah,saya belikan susu murni buat anak hmm udah mau basi rasanya pantas anak nga mau mnum"
"Tahu..tahu..tahu..makanan yg tak lekang dr waktu..dimakan dgn cocolan sambal atau cengek..di temani secangkir kopi atau susu hangat...enaknya nampol...,tempat jg nyaman bisa kulineran selain tahu yg jd menu utama...,ada makanan khas sunda dll...mantul..👍🏻👍🏻👍🏻 …"
"Tahu nya lembut enak👍🏻👍🏻👍🏻, tempatnya luas nyaman …"
"Cocok tuk cari oleh oleh di lembang,plus makan pagi dan siang"
"Enak lumayan buat oleh2, kalo main ke lembang kayaknya pas dijadikan oleh oleh"
"kebersihan nya kurang baik, lingkungan nya kurang rapih, kuliner nya seh cukup baik lah OK."
"Salah satu tempat produksi tahu dan showroom untuk menjual hasil produksinya.
Terletak di daerah Lembang-Bandung, dekat dengan hotel Grand Lembang.
Tahu nya yang lembut selembut susu, sehingga disebut ""Tahu Susu Lembang"". …"
"Pas datang sore emang gak recommended dah. Tahu sudah dingin. Kecil. Harga 25.000 isi 10. Masih lauh lebih enak tahu goreng pinggir jalan. …"
"sepertinya pandemi ngefek bgt ke tempat ini ya. dari segi harga agak mahal, sementara rasa agak kurang. sy pesan tahu lembang 25rb per box, makan nasi goreng, tahu gejrot, seblak, kupat tahu."
"Tempat yg bandung banget adem nyaman makanan beraneka macam, sayang nya banyak pedagang makanan tdk memakai masker"
".tempat nya cukup bagus..cuma sayang g boleh masuk.padahal saya bawa tamu kesitu..di tempat wisata Lembang yg lain kalo driver bebas masuk.dan bebas mempsoting lokasi wisata nya..karena saya juga buat di promosikan lagi sama tamu...😣😣 …"
"Tempatnya lengkap, ada musholla jg food court .. mainan untuk anak2 jg buat oleh2.."
"Lembut banget tahu susunya, gurih dan harga terjangkau"
"Buat yang cari oleh2 makanan kekinian khas bandung bisa mampir ke sini.paling suka tahu yang lewat drive through,yogurht-nya juga enak.harga masih masuk dikantong."
"Tempat beli oleh-oleh seperti bika Ambon, pie susu, tahu susu Lembang, dan banyak lagi, dibuat langsung jadi masih fres, bisa cobain samplenya gratis, tempatnya luas, nyaman bersih, musholanya bersih"
"Melipir sebentar di RUMAH PRODUKSI TAHU SUSU LEMBANG sebelum melanjutkan perjalanan ke Farm House Bandung.. rekomendasi oleh2 disini banana crispy, pie susunya, permen susu dan tahu susu rasanya enak boleh.. silahkan dicoba.."
"Selain bisa beli oleh oleh sekarang ada veberqpa hiburan anaknya juga,  seperti naik kuda da foto dengan binatang"
"Kalo yg suka nongki2,, ngajak anak main ini tmpt cocok bgt... jajanan dan oleh2nya lengkap bgt...betaahhhh akses mudah mainan anak2 bnyk bgt"
"Rasa Tahunya Enak, Tempat nya Jg Cukup Nyaman Hanya Kalau Weekend & Holiday Cukup Ramai dan Macet.."
"Parkiran lumayan luas. Cuman agak becek. Tempat dalemnya sih bersih"
"Lembang kota wisata dg udara yg segar, sejuk
dan indah"
"Salah satu destinasi wisata kuliner dan oleh2 lembang bandung"
"Tahunya lembut dan banyak aneka kuliner makanan dan minuman khas lembang"
"tempat yang bagus... dengan udara sejuk kota Lembang... plus bisa menikmati Tahu susu yang lembut dan yummy"
"tempat makan yang nyaman, banyak pilihan menu makanan & oleh oleh khas lembang bandung.
saya merekomendasikan untuk mampir ke sini jika berwisata ke lembang, bandung."
"Tempat ini awalnya menyajikan tahu susu yang terkenal di Lembang. Di sini menjadi pabrik sekaligus tempat untuk menjual produk tahunya langsung yang bisa dibeli oleh pengunjung. Kualitas tahunya baik dan rasanya enak. Pengunjung bisa …"
"Ada tempat bermain anak di dalamnya, bs naik kuda juga.
Ke sini selalu beli bakso gorengnya, enak bangetttt...
Tahu gorengnya juga mantep sih. Must try!!!"
"Kalo ke lembang belum lengkap kalo belum mampir ke tahu lembang, apalgi tahu goreng crispy nya, hmmm cmn 35k satu porsi lembut di dalam krenyes di luar"
"Karyawannya tidak ramah. Saya baru masuk dan bertanya berapa untuk 1 porsi, isi brapa. Namun saya diusir dan disuruh ke kasir membayar dahulu. Padahal saya baru mau melihat tahunya sebesar apa, baru memutuskan beli brapa. Tahunya biasa aja ternyata setelah saya beli seporsi isi 10, 25rb"
"Tahu lembang tahunya enak dan renyah dan food courtnya menjual beragam makanan dan oleh oleh dan cocok untuk pecinta kuliner dan wisatawan 👍👍 …"
"Enak.tampat Nya bagus.dekat dengan tempat permainan anak-anak.lembang Wonderland"
"Tahu bisa dipesan yg sudah digoreng"
"Tahu naik tahu naik..skrg 25/ box..ya bgtlah...ya biasa masih anget..yg crispy da dingin Jadi kurang enak...enak sih minta tahunya yg baru d goreng"
"Tempat beli jajanan khas bandung,
Setiap liburan atau ada acara ke bandung selalu melipir kesini.
Pilihanya banyak jadi bisa pilih-pilih, selain itu harganya juga oke kok.
Betah lama lama muter muter disini."
"Tempat beli oleh2 khas lembang dan ada kuliner jg.."
"Parkir luas, Disni menjual makanan khas Lembang tahu susu,dan bisa juga liat pembuatan nya,tersedia aneka makanan harga lumayan mahal untuk ukuran makanan biasa,biaya parkir 5 rb untuk mobil"
"Bagus"
"Seru, bagus, banyak pilihan makanan, pengen kesini lagi"
"Tempatnya nyaman dan parkir lumayan luas dan musholanya bersih"
"Tempat makan dan penjualan oleh2 dari bahan dasar susu dan rumah sosis juga ada disini"
"Tempat makan yg lumayan komplit"
"Tempatnya luas dan bersih. Bisa belajar membuat tahu. Tempat edukasi yang cocok untuk anak2 sekolah dan keluarga"
"Lokasi sebelum Cikole Orchid , tahu susu Lembang yang renyah diluar lembut didalam"
"Rasa masih sama.masih enak"
"Produksi makanannya masih fresh in the oven bgt."
"Tempat jajan oleh oleh..tapi ternyata tahunya mahal.."
"Lokasi terbaru ada wahana lembang wonderland, lebih baik datang sore hari kalau mau ke wahana tersebut.."
"Banyak macam makanan dari tahu. Tahunya juga gurih  dan lembut"
"banyak pilihan oleh2. parkiran luas"
"Suasana puasa,rame juga pengunjung,bungkus,,,,"
"Cuman numpang lewat aja jdi beli tahunya drive thru"
"Good...tempat wisata oleh2 terlengkap murah meriah di lembang..tahu susu&susunya enak bgt...top markotop dah..👍👍👍 …"
"Sekarang jauh lebih sepi dibandig dulu, beberapa stand makanan kosong, area lesehannyapun kurang bersih. Untuk makanan mie Jawa paling recommended"
"Tempat parkir enak, banyak yang jualan juga"
"Enak pas panas saat lapar sore sore"
"Tempat bagu,  banyak pilihan makanan,  tahunya enak,  lembut gurih"
"Bukan cuma pabrik tahu susu aja, aneka makanan n minuman n tentunya oleh2 khas juga tersedia..."
"Musholaanya tapi ga ada wc nya . Kejauhan bulak balik ."
"Tahu Lembang mrpk outlet jajanan khas dari tahu susu di Lembang, Kab.Bandung Barat yg menampilkan variasi produk tahu, baik mentah dan gorengan bst hidangan pelengkapan. Tempat ini cukup memadai, pelayanan cepat dan  ramah, tetapi fasilitas parkir terbatas. Harga produk cukup terjangkau dan bervariasi."
"Tahunya uenaakk bangettt ada rumah sosis jg mie ayam ahok jg ada wkw"
"Bagus buat oleh2 bandung makanan bergizi murah meriah"
"Tempatnya bersih...
Pusat oleh oleh lengkap..."
"Tempat jajanan serba ada yg ada d Lembang 👍👍 …"
"Tempatnya..sejuk,enak dan segar"
"masih ada beberapa makanan yg lumayan"
"Pelayanannya sangat memuaskan tidak mengecewakan membeli oleh-oleh tahu susu Lembang disini. Lebih baik membeli di pabriknya langsung (didalam)jika Anda ada sedikit waktu 10-15 menit, untuk menjamin kualitas tahu. Tahu susu kotak dan panjang seharga 28K. Parkir mobil 5K."
"Tahunya enak. Banyak pilihan kuliner dan oleh-oleh lainnya."
"Nyoba drive through, tahu nya tetep enak yees...
tp pas nyoba susu atau yougurtnya (harga 20k satuannya) gak enak samsek …"
"Buat yang mau beli oleh-oleh Lembang banyak pilihan. Makan di tempat juga banyak pilihan seperti kupat tahu, lontong kari, pisang keju coklat, mie kocok dll. Harga standar tempat wisata. Cuma saran saya lebih ditingkatkan lagi kebersihan tempatnya."
"Kuat mental dan kuat dompet
Antrian panjang harga mahal kurang bersahabat buat beli oleh"" yg banyak..."
"Tahu susu gorengnya enak banget"
"Tempatnya luas menarik buat pengunjung belanja. Jadi nga kudu mampir mampir tempat lain lagi."
"Tempat jualan tahu susu dan kue-kue juga tempat makan yang lumayan nyaman. dilengkapi dengan taman bermain anak."
"rest area dikala macet2an sepanjang bandung-lembang"
"Seperti biasa kesini hanya beli tahu susu mentah..
Klo weekday ternyata sepi banget hampir ga ada pengunjung, tapi klo weekend atau musim libur itu ramai banget."
"Beli oleh2 disini mahal-nya ga worth it"
"Langganan kalau kebandung tahu susu disini super duperrrr rasanya."
"Ada tmpat wisata baru... bagus buat keluarga,"
"suka dengan musholanya yang bersih dan luas.
makanan makannya juga enak, hanya harganya yang lumayan."
"Enak dan tempatnya nyaman. Cocok buat oleh2"
"Dari saya smp sampai sekarang masih tetap sejuk dan nyaman, jangan lupa bawa tahu susu asli mereka karena sangat lembut dan sedap rasanya"
"Nyari tahu yg enak ya dimari..."
"Tahunya enak, selama ini kl beli via drive thru tahu yang belum di goreng, nah kemarin kebetulan melipir buat sholat maghrib dan makan malam. Sayang banget pas beli tahu yang di goreng, pelayannya payah bgt. udah ada no antrian di bon tp …"
"Mantappppppppp tempatnya n mantap jg jajanannya..... 😘🤩😍👍🏻👍🏻👍🏻👍🏻 …"
"Mantapp.. Ke tempat ini, mampir ke rumah sosis, sosisnyaa enak, harganyaa juga gak terlalu mahal.."
"Salah satu pusat oleh2 di Lembang yang sangat terkenal, dengan menu utamanya tentunya Tahu dan Susu yang sangat lembut dan empuk.
Disini terdapat berbagai macam jenis oleh2, dari mulai tahu, susu, pie,pisang …"
"Lokasi sangat strategis dekat dengan hotel Grand Lembang, saya selalu mampir ke tahu susu ini jika saya berserta keluarga ke Bandung, disini banyak stan kuliner, ada tempat nongkinya juga disana sembari menikmati tahu susu dan susu kedelai, untuk rasa tahu susunya enak, lembut dan harganya murah, rekomended untuk di coba."
"Ramai pengunjung, sebaiknya tidak membawa anak. Banyak variasi makanan, sayang rasa kupat tahunya sudah agak berubah dibanding tempo dulu, mngkn beda pedagangnya. Kl mau tahu susu lembang sebaiknya dtg lebih awal, sore2 sdh sold out."
"Selalu singgah kesini setiap pergi ke lembang. Udaranya enak, makanannya enak."
"Menu makanan disini gk sebanyak dulu..... mungkin dampak pandemi"
"Panorama alam yg asri sejuk adem maknyuzzz"
"Tempat berburu tahu susu lembang,
Disini Tersedia juga bolu susu lembang, rumah sosis, yogurt dll
Sambil jajan dan menikmati proses pembuatannya juga... …"
"Disaat covid kaya gini, BANYAK BUANGETTT penjual dan pegawainya yang pakai masker asal-asalan pada turun di dagu. …"
"Kekurangan terbesar adalah tempatnya terlalu ramai dan sulit cari tempat parkir, produk Tahu susu yang dijual cukup bervariasi, biasanya tidak disarankan datang pas hari libur"
"Cocok untuk wisata kuliner keluarga"
"Bbrp kali beli oleh2 khas bandung disini, ckp lengkap dan variatif jenis makanannya, tp sayang tahu susunya ukurannya jd lbh kecil skrg"
"Bagus untuk rekreasi keluarga dngn harga yang terjangkau.bnyk spot spot foto untuk yang gemar foto selfie"
"Tempat nya belum lama dibuka sih... tp sdh ramai.. tempat oleh2 yg pasti kalau kesini apa aja dimasukin keranjang dan dibeli. Susu hangat ada..batagor hangat ada..tahu susu panas juga tersedia.. yg mentah dan yg matang tersedia. Bolu nya jg premium dr kraft.. enak pake banget"
"Baru pertama diajak mampir ksini karena jalanan maceeet menuju floating market. Parkir luas, tempat makan cukup nyaman, banyak pilihan makanan utama dan cemilan. Mie godhok, soto lamongan, soto daging madura, mie kocok, colenak, ketan …"
"Tahunya enak, kerasa banget kedelainya. Kalau ke sini jangan lupa liat proses pembuatan tahunya, ada tempat semacam pabrik tahu gitu disini (deket kasir kalau ga salah). Selain tahu, banyak jajanan/cemilan lain. Contohnya sosis bakar, susu …"
"Gak coba macam-macam di sini, hanya susu kedelai (enak), beli tahu susu mentah (enak bgt ini, tekstur dan rasanya lembut). Sayangnya saat ke sana tdk bisa masuk lihat proses pembuatan tahunya, karena pabrik sedang dibersihkan."
"Happy independece dayyy (kesini pas 17-8-2020)"
"Tahu sm batagornya enak! Tempatnya nyaman. Namun, saya rasa harganya agak terlalu mahal."
"Setelah melampaui macet2 tidak ada salahnya singgah untuk beristirahat sambil menikmati tahu susu asli lembang .
Banyak menu makanan buat oleh-oleh ."
"Tahu gorengnya enak banget. Tahu susu mentahnya jg cocok buat oleh2. Tempatnya nyaman, lengkap di sini, ada factory outlet, rumah sosis dan aneka permainan anak2. Mushollanya baru, lebih besar dan bersih, tp sayang tempat wudhunya kecil dan …"
"Makanan yang dijual terlihat menarik dan menggiurkan. Tidak ada kemasan tahu mentah yang divakum, jadi tidak bisa lebih dari 4 jam. Harus segera dikonsumsi. Harga termasuk mahal. Tidak tahu lagi mana yang asli dan mana yang tiruan. Ada …"
"Tempat oleh2 yg komplit, ada foodcourt juga, tempat parkir luas, puas pokoknya..."
"Tempat berbagai macam kuliner aneka tahu dan tersedia makan di tempat,untuk pembayaran memakai kupon dan hanya 1 kasir cukup antre."
"One stop shopping, tempat shopping oleh oleeh lengkap. Ada tahu lembang, bolu susu lembang, rumah sosis, pabrik sambel, dan macam makanan oleh oleh lainnya. Ada juga wonderlan tempat bermain buat anak anak. …"
"selalu ramai...apalagi weekend...tp untuk tahunya enak lembut.."
"Nambah bagus lg tempat nya 👍 …"
"Pie susunya enak blum sy temukan dgn rasa yg sama di tmpt lain
Tahu susunya lembut
Pie pisangnya enak
Tp makanan gerobakannya krg"
"Seru....
Belanja2 tahu dan banyak aneka oleh2 Bandung lain, sambil makan2 dengan menu yang banyak variasinya. Tapi favorit sate kelinci. Sambil nemenin anak2 main2 …"
"Pernah wisata kesini 3x, makan2, jajan tahu goreng, minum susu, beli tahu susu disini, langsung dipabriknya, udah lama, terakhir kesini sekitar tahun 2018, semoga bisa kesini lagi jajan tahu gorengnya pake cengek, mantapp tahu susunya lembut👍 …"
"Tahu Susu Lembang yang merupakan cabang dari Tahu Tauhid. Tahunya padat dan fresh. Disini juga terdapat berbagai cemilan yg berasal dari tahu, Stand gorengan, bolu susu. …"
"Makanan selain jajanan tahu (khas) rasanya tidak segar dan harga lebih mahal (lele nya kaya karet, sate nya tidak segar). Kalo ke sana mending beli jajanan aslinya, seperti tahu, bakso. Jangan makan beratnya, karena biasa aja, bukan khas …"
"Tempat makannya cukup nyaman, hanya saja harus antri untuk bisa dapat tempat makan, dikarenakan weekend jadi cukup padat. Untuk menu makanannya rate 1 sd 10, saya rasa cukup 7,5. Rasanya dilidah saya standar dan tidak ada yang istimewah. Menu makannya pun banyak varian namun sudah banyak atau bisa di temukan paa umumnya di kota2 lain."
"Ok, cuma toilet pria pesing dan agak kotor. Disini menyediakan banyak oleh oleh, tapi ya harganya bisa terbilang mahal ya menurut saya untuk beberapa item. Yang lain ada yang murah. …"
"Tahu susunya rasanya enak. Harganya jg ga terlalu mahal"
"Selain pabrik tahu susu yg menjual produk matang & mentah, terdapat food court makanan memang variatif tapi mahal & rasa kurang enak. Penyajiannya pun terkesan asal-asalan karena pasti laku (lantaran tempat wisata). Saya beli mie ayam seharga 35rb dengan rasa tak ramah di lidah & mangkok plastik tipis yang terbang tertiup angin."
"Tempat belanja oleh2 dg byk varian, ad Tahu susu, sosis dg berbagai ukuran dan rasa, ada pia Bandung, ada Browniezz, etc..
Minuman khas jg pernak-pernik jg ada. …"
"Tahu yang ditambahi susu, teksturnya lembut banget. Enak. Bisa beli matang atau mentah. 25 ribu yang mentah, 2 hari di liar kulkas dan 3 hari dalam kulkas. Ada musola besar, Pusat Jajanan Serba ada lengkap, tanaman bunga dan buah. Parkir luas. Ok lah buat santai dan beli oleh-oleh sekalian istirahat. Tempat bersih dan nyaman."
"Tahunya ok. Tempatnya macam beberapa tenan disatuin gitu. Parkir lumayan memadai (motor gratis). Selebihnya macam tempat oleh"" gitu deh."
"Harganya affordable untuk tahu berkualitas baik, rasanya enak. Tapi tidak bisa beli terlalu banyak untuk konsumsi sendiri karena tidak tahan lama, kurang lebih 2 atau 3 hari. Kekurangan: sistem bayar antar tenan tidak seragam, ada yang bayar di kasir pakai voucher, bayar di kasir secara langsung, dan bayar langsung di counter tenan."
"Cukup enak, cukup luas, tapi minim spot buat berfoto - foto. Pun konsep tempat makannya juga sudah jaman old banget. …"
"Kuliner khas Bandung yang sangat menarik... Ada harga ada rasa, inilah kelebihan makanannya, enak dan maknyus. Worth it with the price... Joss"
"Tahun ya endess apalagi dimakan pas masih anget. Pembayaran satu pintu. Ada jual berbagai macam oleh2 lembang juga. Tapi harga agak Mahal. Termasuk bolu susu lembangnya. Lokasi strategis. Parkir luas. Toilet Ada. Ada berbagai macam kuliner juga."
"makanannya enak2, tahu nya lembut, susu kedelai nya enak"
"Banyak penjual makanannya, beragam makanan yang dijual, dari mie ayam, somay, otak-otak, sate, dan lain lain. Cocok banget buat yang mau wisata kuliner sekalian beli tahu susu. Bisa liat pabrik pembuatan tahu susunya juga. Bisa beli tahu …"
"sekarang ada wahana baru. lembang wonderland"
"Sobat traveler, kalau kalian jalan2 ke lembang, maka salah satu tempat kuliner yg rekomended adalah tahu susu lembang. Lokasinya tidak jauh dari pasar lembang. Bagi kalian yg belum pernah makan tahu susu lembang, nih gue kasih tau …"
"Tidak hanya menjual produk tahu dan variannya, tapi disini banyak pilihan jajanan dan oleh-oleh. Sekarang juga ada counter pabrik bolu susu lembang. Juga ada tempat untuk rekreasi anak. Sekarang sedang dibangun tempat wisata anak yang …"
"Tahu susu lembang sangat enak, tahu nya lembut, tersedia dalam varian yang sudah di goreng maupun belum di goreng, di deket situ banyak juga tempat jual oleh oleh mulai dari kripik pisang, sale pisang dll selain itu juga ada yang menjual …"
"biasa aja.. harga makanan rada mahal mungkin karena efek sentra oleh2 jadi mahal hehe"
"Kunjungan industri ke sini sangat disambut dengan baik. Ada petugas yang membantu menjelaskan proses pembuatan dari awal hingga menjadi tahu yang siap dikonsumsi. …"
"Jika Anda berkunjung ke daerah Lembang dan membutuhkan oleh-oleh disinilah tempatnya.
Ditata dalam satu kawasan yang sangat baik dan terintegrasi sehingga membuat …"
"Baru berkunjung lagi .wah tempatnya tambah bagus ada wonderlandnya juga.kuliner dan buat oleh olehnya wajib coba"
"Tahu susunya enak. Banyak pilihan makanan yang terbuat dari tahu. Harga makanannya sedikit mahal dengan rasa standar. Di area tahu susu dan rumah sosis jg ada bbrp wahana/fasilitas hiburan untuk anak2 seperti naik kuda, memberi makan kelinci, memancing, dll. Mushala nya luas dan bersih"
"Selalu ramai dan harus antri. Harga makanan nya tergolong mahal"
"Tempat yang nyaman untuk sekedar mampir makan beristirahat dan solat. Saya suka disini musholanya bersih dan cukup nyaman meskipun agak cukup jauh dari tempat makan. Selain itu kita juga bisa beli oleh oleh yang menarik di tempat ini. …"
"makan tahu susu lembang yg masih fresh anget-anget emang di sini tempatnya, percayalah, makan tahu doang tidak pernah senikmat disini.
oya, ada juga berbagai macam jenis tahu mateng maupun mentah buat oleh2, ada juga oleh2 lembang lainnya. lengkap pokoknya disini."
"Tahunya enak banget. Bisa beli tahu yang udah mateng buat langsung dimakan, atapun tahu yang masih mentah untuk oleh-oleh. Ada jual susu kedelai juga. Parkirannya luas dan banyak makanan juga di area sekitar. Bisa liat langsung pabrik pembuatan tahunya juga"
"tahu nya enak. buat goreng ataupun masakan.  Antri di musim liburan atau di hari libur. di lokasi tahu susu lembang ada beberapa counter / kios lain yang menjual kue, jajanan dan makanan. ada ATM BCA. satu lokasi dengan factory outlet. …"
"Banyak pilihan makanan & snack untuk oleh-oleh"
"Tempatnya cocok buat kulineran, krn di dlmny terdiri dari booth2 makanan yg cukup variatif. Kalau yg paling khas pastinya tahu susu. Ada yg masih mentah buat dimasak di rumah, ada juga yg digoreng (wajib beli). Pembayaran bs debit atau pake ovo juga bisa."
"Tahu susu disini lumayan mahal 10 pc harga 20, klo mau Sambel kecapnya harus bayar lagi"
"Kurang cocok sama suasana nya, harus di redesign interior tempat nya"
"Tempat wisata dan kuliner... Nyaman kalau hari kerja... Hari libur rame banget"
"Tahu susu lembang nya enak"
"Tahu susunya enak, lembut. Di sekitar sini juga banyak menawarkan makanan lain selain tahu. Jadi semacam lokasi wisata kuliner atau buat oleh-oleh dari Bandung."
"Setiap ke Bandung pasti mampir ke tempat ini...  Untuk santai sambil makan tahu gorengnya. Jangan lupa kalau ke sini minum susu kedelai hangatnya..  Harga sangat terjangkau.  Kembang tahunya juga ok banget."
"Ada Sosis dengan berbagai rasa, ada stand yg jual bibit tanaman buah juga.. Dan kalo utk oleh2 Tahunya bisa dibeli yg udah langsung makan dengan harga Rp. 15.000 per box ataaaaau mau beli mentah jg bisaaaaaaa, harga nya Rp. 25.000 ... …"
"Harga nya mahal²"
"oleh oleh khas lembang yang cocok untuk menemani perjalanan. Rasanya enak dan harganya terjangkau, 1 kotak dihargai dengan 15 ribu rupiah, tahu susu ini bisa juga ditemukan di berbagai tempat wisata seperti farm house, dusun bambu maupun floating market lembang"
"Tahunya lembut bgt, msh panas bnr2 fresh from the stove 😀, cr parkir agak susah menjelang mkn siang & sore hr krn bnyk bis yg wisata ke lembang wonderland. Lokasinya gabung sm spot2 lain &mknan khas bdg lainnya. Kl mo kesini mending pagi sblm jam 12. …"
"Tempat ini menyediakan oleh oleh khas lembang salah satunya tahu susu dll.."
"Waktu itu rombongan kami banyak yang ingin berbelanja Tahu kesini. akhirnya kita mampir kesini, kami serombongan dengan Bis ... setelah rombongan selesai berbelanja pas mao berangkat ada mbak² bawa kotak amal mao minta sumbangan kepada …"