"wiI7pd"
"Tempat nongkrong cukup nyaman. Lokasi yang cukup strategis dan gampang di akses dari mana saja. …"
"Tempat buat santai. Karena dari dateng, pesan, menunggu makanan siap dan pembayaran semuanya santai banget."
"Makanannya lumayan enak dan porsi nya cukup banyak. Pelayanan nya ramah banget. Ada live music juga. Harga standart makan ber 3 kena harga 150rb. …"
"Kami ke sini masih pagi, ternyata selain menu sarapan, menu reguler pun sdh ada padahal kami datang masih jam 8 an..makanan nya lumayan..kami pesan roti bakar, mie goreng..cappuchinonya enak dan mungil"
"tempat nya nyaman cuma parkir kalo lagi rame susah,  Mushola ada tapi tidak di sediakan sandal etah ak ga melihat, toilet bersih , tempat banyak pilihan buat diner, meeting atau kumpul bareng , ada live music tapi entah hari apa jadwal nya"
"Udah dua kali kesini dan makan sarapan nya benar benar enak, terjangkau pulaaa 😎 …"
"Staf nya hilang, mau order jawaban staf ""di tunggu saya lagi istirahat"".
Mau bayar, kasir nya pun hilang
Bisa begitu ya...? …"
"Tempatnya nyaman, makanan minumannya lumayan. Ada live music juga, bisa nobar di wilayah outdoor. Tapi sayang pelayan kurang responsif dan ekspresinya datar."
"Life music nya bagus
Agak bau rokok sedikit suasana nya"
"Sering sih sarapan disini cuma ga prnh difoto cuma ini doang , sering nya lsg dimakan krna makan pas sarapan …"
""
""
""
""
""
""
""
""
""
""
""
""
""
""
""
"Diajak temen kongkow disini. Dapat tempat duduk depan stage langsung. Bisa denger live music dan berinteraksi sama penyanyinya. Bisa request lagu juga dan ikutan nyanyi bareng. …"
"Favorite cafe untuk nugas, nongkrong, suasana baik yg di luar atau yg di dalam sangat nyaman. Semua area smoking. Terdapat banyak spot colokan. Tersedia musola. Kafe yang bisa 24 jam dan harga relatif murah."
"Nasi gorengnya ok, sop jandanya jg ok. Tuk nobar bola ok. Lapangan parkir cukup luas tp nggak luas-luas banget"
"Berlokasi di jl. Riau yang merupakan salah satu jalan utama di kota bandung. Tempat nyaman dan luas, disediakan banyak sofa, kursi kursi serta dinning table yang cukup besar. Bisa untuk tempat ngopi bersama teman ataupun hanya untuk duduk …"
"Steak dingin, mnta medium rare,kayak medium well, sayurannya juga gak seger, cm ada sc bbq kayanya😁 krna mnta blckpper gda. Saus smbelnya tolong dicek berkala, yg dikasihin k aku udah asem banget berbusa2 gt😅 suasananya mah enakeun sih .. semoga lebih baik 💔❤️ …"
"Sudah ngga serame dan sebagus dulu. Interiornya ngga di upgrade jadi terkesan usang. Porsi makanannya jg berkurang, saya pesen chicken honey lemon cuma dapet 7 potong kecil fillet ayam padahal harga menunya standart cafe di kota Bandung jd bukan yg murah jg. Untuk rasa ngga berubah, tetap enak seperti dulu."
"Suasananya enak untuk ngumpul, nasi goreng singaporenya mantap, porsinya banyaaak! …"
"Tempatnya bagus dengan design interior yang menawarkan keindahan tata ruang dalam sebuah ketenangan didalamnya. Yang perlu dibenahi adalah tempat untuk dimana bisa smooking dan area no smookingnya diskat agar orang bisa nyaman ketika …"
"Tempat nya enak, dan 24 jam pula, menu nya pun terjangkau buat semua kalangan"
"Tempatnya bagus, interior dan pencahayaan terkesan calm, tapi kalau malam hari tidak cocok dijadikan tempat membaca buku. Makanannya normal harganya sedikit mahal untuk kalangan siswa(subjektif). Internenya ada tapi lambat dan tidak worth …"
"Baru pertama kali ngopi disana,pesen hot caffelatte daaan gulanya di kasih banyak padahal saya cuma pake 1 sachet aja😋lumayan kali ya kalau ema2 bisa bawa pulang tuh gula,kopinya enak,tempatnya nyaman dan rame banget,dan selalu rame dari …"
"Bober Cafe lumayan asik buat anak-anak muda jaman now atau pun orang tua buat sekedar nongki-nongki atau hangout bareng temen. …"
"1 jam lama nunggu pesanan, waitersnya kurang aware"
"Sangat jelek pelayanannya... pesan nasi goreng we 1 jam nungguin nya"
"lokasinya srtagis makanan enak harganya ideal cuman  ga ada freee wifi hehe"
"Tempatnya cozy. Bisa nongkrong lama buat ngobrol atau ngerjain tugas bareng teman. Makanannya variatif, dari makanan ringan sampai berat. Harga juga tidak terlalu mahal."
"Bober cafe ini cocok utk teman2 yg kumpul2 dan ngopi disini. Bagi gw g cocok tuk yg mau ngerjain tugas. Agak ribut Krn pengunjung lain rame dan dtg hanya tuk ngopi dan ngobrol. Ada juga sih yg ngerjain tugas but not all consumer. Harga …"
"Tempatnya nyaman, bersih, juga rapih, staff staff nya juga ramah, terus ada live music nya juga. This place deserve a 5 stars rating !!, Walau tidak child friendly karna merokok di dalam ruangan diperbolehkan."
"Makanan kaga worthit, gelas ada bercak kotor, nunggu bayar kasir lama. Jutek , tempat under repair, g bagus lah"
"Enjoy your weekend!! Kalian bisa ngopi, dengerin live music, dan makan camilan kesukaan kalian disini. Harganya bersahabat dan tempat cozy. Oya tempat ini buka 24 jam loh"
"Tempatnya asik buat ngopi dan makan. Ada live music dan standup komedi kalo malem, seru deh. Harga terjangkau pelayanan cepat, memuaskan dan tentu rasanya jg Mantul bgt"
"Buat tempat nya lumayan asikbuat nongkrong gaiisss, makanan sama minuman nya juga enak tapi koreksi dikit aja makanan disini rasa udh enak, lebih enak lagi kalau disajikan nya masih PANAS karena semua makanan yg aku pesen semuanya dingin 😔 tapi semua nya oke kok👍 …"
"Datang kesini untuk makan malam dan berkumpul bersama kawan lama, pertama, suasana nya oke, kami datang pukul 7.30 tempat nya tidak terlalu ramai, namun pukul 9 ke atas sudah mulai ramai, cafe nya buka 24 jam, tempat yg cocok untuk …"
"Mantap, dipake acara arisan keluarga, bisa!"
"Mantap sangat,tempat nya nyaman,asik,cocok buat santai dan mengerjakan sesuatu.harganya lumayan pas di kantong,rame terus"
"Beneran ini tempat nongkrong sebenarnya ahahaha

Mau nongkrong berdua aja, berempat atau ramai - ramai diijabanin dach.. …"
"Sewaktu main ke Bandung, ini salah satu dari sedikit cafe dikota Bandung yang masih buka diatas jam 22.00"
"Kemalaman di bandung klau mau begadang dan sekedar ngopi sampai pagi ya disini tempatnya....moal salah tempat Kemon...."
"Masa   di cafe , pesen milk shake  stoberi,... gelas nya cup plastik ....kaya di pinggir jln . Harga di cafe hidangan kaya di pinggir "" jalan , ya ampun ,"
"Tidak ada maksud menjatuhkan NAMA RESTO, tapi Saya koment sesuai realita di lapangan. Jauh2 sampai resto ternyata RESTO TUTUP dan di jawab sama perwakilan pengelola Katanya HP nya juga tidak ada di tempat. Kalau restonya tutup kenapa …"
"Tempat nongkrong, hanya saja tidak ada pemisahan untuk ruangan yg non smoking."
"pernah bukber disini, udah reservasi tempat pas liat menu cuman di bolehin milih diantara 3. kalau menu yang lain minimal pesen 20 porsi, atau mau pesen menu biasa baru boleh jam 7. pernah juga mau makan siang disini pesen makan sama minum, …"
"Tempatnya enak, ada live music juga..."
"It's a good spot, good place. Seru sih disini, buat rame rame bisa, buat yg mau berduaan juga ya asik asik aja sih. Ada terbagi 2 ruangan, ada ruangan tertutup nya juga, kali aja mau sekalian rapat disini gitu ye ken, atau yg ga mau ada …"
"Tempat yang enak buat kumpul bersama Keluarga, Teman dan Sahabat. Harga Menu Standar aja. Bisa Reservasi untuk bikin acara di Private Room nyah"
"Tempatnya lumayanlah, banyak disediakan layar televisi dan cocok untuk Nobar bola.... Tapi untuk menu makanan dan rasanya biasa saja, tidak terlalu istimewa, untuk rasa kopi lumayanlah sudah selayaknya....."
"Terletak di kawasan jl riau. Lokasinya sangat strategis, dan biasanya akan ramai dikunjungi terutama pada malam hari. Cafe ini buka 24 jam dan menyediakan berbagai macam menu mulai dari snack, makanan berat baik yg Indonesia dan western, …"
"Tempat dari jaman baheula pisan..dan tempat yg masih bertahan buka 24 jam sampai sekarang"
"Nyaman.. pas buat santai.. tempatnya sama kayak markobar yg buat syuting YOWES Ben 2.. kunjungan tgl 21/7/2019"
"Tempatnya bagus, desain interior dan pembagian ruangnya keren... Ada fasilitas live music, ada area terbuka, cocok buat meeting juga. Sayangnya Toilet/WC nya perlu di tambah."
"Tempat ny nyaman buat nongki, harga ny terjangkau, tmpt ny strategis. Cuma layanan makanannya lama"
"Pesen indomie katsu disini, di balik tepung2 katsunya ada bbrp semut. Es teh manis aman. Pas kopi es, sekali sedot ada 2 semut gede2 banget masuk mulut. Padahal harga makanannya ga mahal dan buka 24 jam. Seluruh area smoking area, jd ga cocok buat yg tidak merokok."
"Aku sukaaaa karena bobber cafe ini buka 24 jam ,   solusi buat kalian yang laper tengah malem , makanan nya enak ada banyak menu western juga , buat yang suka sishaa disini juga ada loh , aku paling suka nasi goreng nyaaa ada taichan nya hehe"
"Bagi pemburu kajian bisa Datang ke cafe bober setiap selasa untuk nge-cas jiwa😍😍 …"
"Smoking room, tempat nya enak banget sama luas"
"mungkin ini kembali ke personal taste masing-masing pribadi ya, kalau menurut saya cafe ini cocok untuk kalangan muda usia 17an sd 30an krn yg pasti cafe ini buka 24jam dan ada live music nya juga, untuk makanan nya dari beberapa menu yg …"
"Tempat nugas yg asik, soalnya 24 jam, keren lah"
"Bagus tempatnya, suka ada acara d sini dan cafe ini 24 jam, enak lh buat ngongkrong """
"makanannya enak,harganya terjangkau cocok buat nongkrong sama teman teman ataupun keluarga"
"Bukanya seharian semalaman, smoking areanya lebih besar dari area non smoking. Enak buat begadang nugas"
"Ada live music feat. Stand up comedy tiap weekend sepertinya. Cuma penataan tempatnya agak kurang teratur. Tapi semua bisa terpenuhi sih ada kursi untuk yg pengen berlama2 atau hanya sekedar nongkrong ngopi sebentar aja."
"Milkshake mariemar favorit kuu, ini bober tentu saja sangat hits di bandung... Ada live music terus tempat duduknya juga ada yang lesehannya"
"Enak buat nongkrong, anak anak milenial wajib hangout disini biar tambah kece, tempatnya asyik pelayanan ramah. Suka ada live musik juga."
"Nyaman, cozy, tempat mudah diakses. Makanannya enak. Biasanya sering dipakai tempat kajian juga."
"Tempatnya cukup nyaman buat nongkrong, lebih enak sih pada malam hari. Menu biasa saja walau harga cukup mahal karena disini bukan tempat makan secara khusus,  disini istilahnya membeli tempat saja makanya tidak heran disini pengunjungnya …"
"Cafe nya luas, cocok untuk berkumpul bersama keluarga dan teman. Harga untuk makanan dan mnuman nya juga lumayan terjangkau. …"
"Kalau bukan perokok, lebih baik pilih tempat duduk di semi outdoor saja.

Makanan standart banget.. hehe …"
"mojitonya seger. iga bakar nya full kecap parah dan kurang lembut . tempat nongkrong yg enak makanannya juga murah 😊 …"
"Tempat asik buat kumpul, makanan & minuman lumayan enak, harga untuk anak kampus cocok"
"Tempatnya nyaman, bisa buat meet up, chit chat sama temen2. Tempat nongki yg cozy dengan pencahayaan yang minimalis."
"Kopinya pas (saya nyoba bober cappuccino), tempatnya luas shg bisa muat banyak, bisa nongkrong 24 jam"
"Waktu acara halal bihalal kita adakan di bober cafe, mantap pelayanan dan makanan, lancar terus ya usahanya"
"Kurang cocok untuk pertemuan seminar atau workshop, ruangan seminarnya kecil, kursinya juga kurang memadai"
"Sangat terjangkau harga makanannya, pizzanya enak, coklat enak, dan ini hiant lemon tea luar biasa buat lama lama nongkrong hahaha"
"Seblaknya mantap... Harga relatif terjangkau.. tempat rame dan buka 24 jam. Lokasi strategis. kadang-kadang ada live music atau DJ."
"Salah satu tempat nongkrong di bandung yg buka 24jam dan ada live music nya."
"Cafe legend di area bandung kota, masih exist sampai sekarang."
"Kopdar Bersama Komunitas anda ? di Bober Cafe aja..., makanan Minuman lengkap, Musholla nyaman, Parkir aman, nah pulangnya bisa bawa oleh-oleh dari J&C Cookies"
"Makanannya enak, ownernya ramah dan cantik.."
"Ada stand up comedy show setiap minggu. Ga ada ac kecuali di vip room. Banyak buanget asap rokok dan vape. Ga ramah anak. Exhaust lumayan membantu. Makanan minuman so so"
"Makananya enak porsi pas hrg terjangkau syg wifi tdk bs download film.tempat nyaman pelayanan ramah siap bntu"
"Cafe legend, yg syangny gabisa mengikuti zaman.  Kelebihan buka 24 jem"
"Tempatnya luas, enak buat santai, enak buat ngumpul sama kerabat. Ada live musik, tempat sholat juga ada bagi yg muslim. Parkiran buat motor & mobil, tapi kayanya kurang banyak kalo banyak yg bawa mobil. Makanan minumannya beragam & enak² pelayannya ramah & cepat"
"Recomended buat yg suka hangout bareng teman2, harga makanan ngga mahal ngga murah alias sedang, …"
"Tempat makan 24 jam ... asik tempat nya... dan juga masakan nya enak..pas di mulut harga juga terjangkau"
"Pesan susu jahe.. gak kerasa jahe nya tapi jahenya banyak banget tapi gak kerasa sma sekali"
"Alternatif tmpat u kumpul yg pas.. Menu rasa minuman nya pas.."
"Cafe dengan beragam menu, buka 24 jam dan markas Standup comedy Bandung"
"Pilihan yang cukup baik bagi kalian yang bingung ""mau makan apa"" di malam hari. Pas saya kesitu kebetulan ada stand up comedy. Seru!"
"Untuk cafe 24 jam itu ga oke sih ..
Pesen makanan bisa tunggu 1 jam baru keluar.. Pas udh pesen dibilang segala bentuk nasi abis .. Eh pas kita bilang mo cancel semua dia bilang ada .. Ga jelas pokoknya"
"Rasa nya cenderung terlalu biasa, malah lebih cocok ke arah warung. Menarik krn ekspetasi dari penamaanya bagus.
Harga memang terlihat murah tapi sebenarnya tdk sebanding dgn rasanya. …"
"Cocok buat orang-orang yang perokok, shisha dan vaper. Karena tempatnya nyaman ."
"Kualitas dan harganya oke bgt! Wifinya pun lancar. Luas juga. Cuman sayang ga ada nonsmoking areanya."
"Mantap buat nongki bukanya 24jam murah murah harganya makanan & minumnnya enak."
"Pertama kali kebandung diajak temen nongkrong disini langsung cocok sama suasananya dan yg terpenting ada shishanya, ada kenangan indah juga di sini 😁 …"
"Menu banyak, minuman dan makanan standar. Ada live music. Tempatnya oke buat nongki2.
Ada mushollanya. Parkir lumayan. Stafnya ramah. Silahkan mencoba~"
"Beberapa kali keisini makanan yang biasa dipesen nasigoreng singapur. Porsinya banyak, mayan ngenyangin lah, rasanya jg enak. Harga sekitar 35an kalo gasalah, kopinya B aja, minuman lain yg seger apa ya lupa namanya. Menu makanannya …"
"Saat ke sana sedang belum ada live musicnya. Anyway sebenarnya tempatnya enak. Cuma mungkin lebih enak lagi kalau ada ac nya ya kak... Jadi ada dua ruangan gitu. Satu ber AC satu lagi smoking area gitu...
Umhh..."
"tempat ini buka sampei tengah malem, standar, parkiran mobil ada, ada shisa juga tapi terbatas"
"Enaakk bangt buat yang cari cafe 24 jam di bandung... Paling pass pass pass
@fanji777
@momodharambe"
"Kuah Sop Iga Konro Bakar wadaaww asiiinnn. Chicken Cordon Bleu & Sirloin Steaknya not recommended 👎👎 sangat sangat mengecewakan rasa & penyajiannya. Creamy Sphagetti Aglio Olio, lumayan. …"
"Tempatnya nyaman dan cozy bgt untuk kerjain tugas ataupun kumpul bareng temen2 dan pasangan. Pelayanan dan makanan jg memuaskan."
"Tempat nya lumayan buat ngobrol"" Santai, minuman cukup enak, ada live music jg, pelayanan cepat dan ramah,"
"lama pelayanan ny ."
"ga cuma tempat nongkrong,tapi cocok juga jd tempat kajian,nyaman..makanan-minumannya ok"
"Fasilitasnya mungkin sdh bisa diganti (kursi sofa agak berbau), toiletnya kotor petugasnya tdk inisiatif utk membersihkan, ada kesalahan pesanan... masukan : hapuskan saja biaya ""service 5%"" kesannya jadi mahal & tdk sebanding dng pelayanan yg diterima customer"
"Service yang sangat buruk. Staff yang bertugas untuk taking order hanya datang dan menyimpan menu tanpa ada ucapan sepatah katapun, begitu pun saat saya panggil untuk order. Saat penyajian, servernya tidak ada kata pembuka seperti “hallo …"
"Pelayannya kurang ramah, senyum salam sapa sama sekali tidak muncul.

Dan tidak ada non-smoking room."
"Tempatnya nyaman buat kumpul ataupun makan buat betah lama lama di sini, ada live musicnya jdi ga bosen, makananya worth it buat dicoba"
"Kalo mau WIFI gratis tuk kerjakan tugas...bolehlah, makanannya sih standard standard saja"
"Udah nunggu lama sekitar 30 mnt alesannya "" kurang pegawai, jadi kokinya belom dateng"" kata2 maaf pun tdk keluar dr mulut staffnya. Sampe di kasir ditegur jg tdk ada kata maaf. Mengecewakan 👎 …"
"Tempatnya ada di dalem bober cafe.

Tempat parkir tersedia. …"
"bober cafe dari 10 tahun lalu selalu jadi favorit untuk begadang karena buka 24 jam, rasa yang pernah ada"
"Tempat cukup nyaman untuk nongkrong, pilihan makan cukup bervariasi dengan harga menengah keatas,  sayang tidak ada musik walaupun telihat ada stage nya,"
"maaf ya pelayanannya agak lama & tempat kurang bersih. sebaiknya yg merokok di area luar aja"
"Tempatnya luas enak bisa kumpul sayangnya bukannya terlalu sore"
"Ke sini bukan karena gw Bismaniac, tp emg rasa masakan Bober tuh enak-enak. Kalian mesti cobain iga bakar sop & seblak-seblakan nya sih. Asli. Cuma satu yg disayangkan, kasir & waiters sering ilang2an. Heuh."
"Ok, cocok buat nongkrong"
"Untuk kalian yang berada diperjalanan yang sampe larut malam, bisa mampir dulu ke bober:) karna apa? Cafe ini buka 24 jm 😊 …"
"Terrible. Meja bau banget dan lengket (Padahal sudah dua kali pindah), pelayan bikin tepok jidat pokoknya, makanan ga ada enak-enaknya. Better skip jualan makanan, jualan kursi buat begadang much better."
"Tempatnya enak dan nyaman. Untuk menu makanannya juga sangat bervariatif. Pokoknya recommended"
"Tempat nyaman buat hangout, menu lumayan terjangkau"
"pelayanan dsb nya oke, sayang mushola nya kurang terawat"
"Iga Bakarnya porsi banyak dan enak"
"Mampir beli martabak 8 rasa~ #bisarequestrasayangpernahada #kangenmantan #curcol"
"Lumayan tempat nya walau kesan nya jadul, minuman nya harus di modern kan lagi terutama gelas2 nya, saya tetep kasih bintang 4 dehh.. Karena kemenangan nya walau hanya pesan kopi tapi pelayanan nya bagus, & harga nya ga bikin kantong menjerit, goood jobs"
"got bad experience here. pelayanannya lama dn makanan yg disajikan tdk setara dgn harganya. tenderloin steak nya super-overcooked. chicken cordon bleu nya trllu dry n too oily. greentea latte kurang berasa apa-apa. mungkin bisa ditingkatkan lebih baik lagi."
"Bagu, cocok untuk nugas, nyaman, bersih makanannya enak harga standar ,  reservation"
"Tempat yang oke untuk nongkrong dan menghabiskan malam.
Salah satu cafe yang buka 24 jam"
"Tempatnya cocok banget yang lgi pdktan
Ada akustikan dan buat para jomblo ada shisa yang nemeninn"
"Terakhir kesana buka sampai jam 12 malam. Last order jam 23.30. Salah satu kafe legendaris di bandung. Ada live musicnya juga."
"Tempat nyaman utk santap makanan"
"Ada makanan euro indonesia dan asia.  Cofe 👍 …"
"17/02/2022
Sekarang tempatnya di dalam sangat panas, mungkin karena cuaca, cuman tidak seenak jaman tahun 2000an. Waktu bober sedang jaya-jaya nya. Mungkin harus ada beberapa renovasi dan gebrakan baru."
"pelayan nya lama bgt bgt bgt, minta gula aja harus berkali2 dan lama bgt datengnya
kedua minta sauce chili berkali kali pun tetap tidak di ambilin, padahal minta …"
"Makanan oke, apalagi ketika ada live music. Hanya penyajian makanan terlalu lamaaaaa"
"Tempatnya nyaman, sebelum pandemic buka 24 jam, tapi sekarang buka sampai pukul 01.00. Ada live music untuk hari tertentu. Makanannya enak."
"Ramai dihari minggu, suka penuh, ada ruang outdoor dan indoor, parkir motor luas, parkir mobil kurang luas, sebelahan dengan martabak markobar, harga makanan dan minuman cukup mahal, cocok untuk nongkrong santai anak muda, tidak ada ruangan …"
"Sangat menarik makanannya juga enak"
"What a cafe! 24 jam cuy. Tongkrongan anak kuliah banget ini, skripsian asik."
"Tempat nongkrong yg enak buat ngobrol² sama temen dan yg asik dari tempat ini juga ada live musicnya. Pengunjung juga bisa ikut menyumbang kan lagu. Walaupun tempatnya bebas untuk merokok, tapi pas dateng kesana ga terlalu tercium arom asap …"
"Mantap banget tmpat yang bagus tuh buat ulangtahun"
"Masya Allah tempat ini selain utk usaha di pergunakan jg utk kajian..Barokallah..semoga bermanfaat dunia akhirat..
Makanan dan minumannya harga betsahabat dan T O P..sukses selalu"
"Cafe di daerah tengah kota dengan akses yang mudah dan buka 24 jam, dari makan ringan sampai makan berat tersedia, nasi gorengnya enak, minumnya pun beragam, yang suka begadang bisa nongkrong ampe pagi disini, selain itu tersedia juga …"
"rasa vanilla milkshakenya dari dulu sampe sekarang gapernah berubah👍 …"
"lagi cari tempat yang nyaman dengan kecepatan koneksi WIFI yang kenceng? Disini tempatnya..
Tempatnya cukup luas, mau sendirian ataupun ramean gak masalah. Terdapat tempat …"
"pw bgt tempatnya! tiap malem minggu biasanya ada stand up comedy"
"buka 24 jam. cocok untuk ngobrol. harga tak terlalu mahal"
"Tempat nya enak buat nongkrong sampai pagi"
"Buat mahasiswa yg lagi nyusun tugas akhir , aku rekomended banget ini tempat . Wifinya kenceng , ada live music  bagus banget , ada mushala , kalau mau markobar juda ada , dan ada mini market juga di sebelah bober cafe. …"
"Untuk santai dan dengerin musik mantap n Ok"
"Niat dateng kesini buat chill sambil denger live music. Tapi ambyar semua gegara pesen makan ngga ada yang meet my expectation. Pesen sapo tahu, tapi tahunya bukan tahu sutra, pertama kali dateng ngga ada rasanya, minta diperbaiki rasanya, …"
"Masih Jadi Tempat andalan untuk nongkrong 24 jam di Kota bandung dengan menu makanan dan minuman  yang bervariasi.. lokasi mudah ditemui Karena di pinggir jalan, parkiran cukup luas namun penuh jika ramai.. Harga sih terjangkau Banget untuk mahasiswa"
"Tempatnya nyaman instagramable ditambah makanan nya juga enak, recommend banget ini."
"Tempat yang asyik untuk kongkow bareng teman-teman. Ada live music juga, tempatnya nyaman, ada private room juga untuk keperluan meeting dsb. Mushola ada dan toiletnya cukup bersih. Untuk harga ya standar ukuran cafe di daerah Riau, tapi makanan dan minumannya enak-enak. I like it!"
"Di depan tertulis 24 jam…skr cuma smpe jam 2 malam info dr pelayan pas baru mau order, tp kok baru jam 00.30 udah di suruh bubar😅😅 …"
"Cafe nya luas, cocok untuk berkumpul bersama keluarga dan teman. Harga untuk makanan dan mnuman nya juga lumayan terjangkau. …"
"Live musicnya yang dinanti nanti, untuk makanannya sih selera ya, buat saya sih kurang, untuk beberapa minuman, terlalu mengandalkan perisa.
Akses ke kios dan supermarket pun sangat dekat, dan buka 24 jam. Cocoklah untuk mengisi waktu malam kalian !"
"Ternyata emang buat perokok ya.. jadi sy yg salah pilih tempat 😅. Yg alergi rokok macem saya mungkin ga ke sini lagi. Makanannya.. sayang porsinya dikit banget, ga sesuai harga. Mungkin krn sy datang di bulan puasa, minggu ke-3, pas banyak …"
"cafe 24 jam dengan menu makanan khas dari indonesia,asia,bahkan eropa..semua hidangan memiliki cita rasa tersendiri yg mereka sebut ala Bober..
tempat nyaman,tersedia meja untuk berdua,bar,sofa untuk anda yg dateng …"
"Tempat nongkrong sama temen kalo sama tengah malem. Makin ke sini pelayanannya agak kurang. Bagi yg kurang suka asap rokok lebih baik jgn ke sini, banyak asap rokok di sini soalnya."
"Makanan enak cmn pelayanannya bikin ga enak aja"
"Kesini dua Kali, yg pertama makanan keluar minuman ga keluar. Alasan computer error. Hari ini baru banget kesana, kondisi laparlberat.  minuman keluar nunggu makanan 30 menit lebih ga keluar2. Pas ditanya lagi2 alasan computer error. Kafe terparah yg pernah didatangin. Jangan may makan di sini."
"Pesen nasi goreng sama pisang keju hampir 2 jam ga datang datang sementara minuman udah dtg duluan, minuman abis sampe esnya udah leleh belum dtg. Di tegur 3x jawabnya 'tunggu mohon tunggu bagian kitchennya 2 org' kl sejam masig oklah …"
"Buka 24 jam. Cocok untuk yg suka nongkrong sampe subuh."
"Bisa jadi tempat kalo gabut malem malem"
"Tempatnya cukup nyaman dan juga harganya tidak terlalu mahal masih banyak menu yang murah, suasana asik untuk ngumpul bareng teman"
"Tempat nongkrong sambil maksi sama temen2, ok laaah ..ditambah, tempatnya mudah di cari"
"tempatnya enak,ramai,pelayanannya masih kurang.parkirannya pun selalu penuh"
"Tempatnya nyaman,, enak buat hengout ma temen2"
"Pertama kali pesan kesini kesan nya sangat tidak enak...steak nya bikin mual...mie bakso nya kayak mie kocok dan ceker kebesaran. Manggo thai tea nya hambar dan tidak terasa layer layer nya...kecewa sangat. Ditambah dengan harga yang …"
"Lokasi mudah di temukan dan strategis. Ada live music setiap malamnya, harga makanan juga terjangkau, range 50rb per orang. Cuma yang buat ga tahan itu asap rokok di mana2."
"Baru buka setelah psbb.
Sofanya empuk dan bisa buat tiduran.
Harga bersahabat. …"
"Salah satu kafe 24 jam di Bandung, tepatnya di Jalan RE Martadinata.
walau datang tengah malam, cafe ini selalu ramai dikunjungi para anak muda Bandung yang berkunjung bersama teman dan keluarga.
Cafe sangat luas dengan menu yang beragam dan terjangkau."
"Lama banget makanannya 🥲 …"
"Prepare didapur sampai jam 10 ga beres2
Kelaparan nunggu main coursenya
Waitresnya seperti robot ga senyum ga ramah sama sekali …"
"Jangan kesini kalo mau buka puasa, menunya jadi berubah. Overprice & gak enak. Makanan yang biasanya aneka macam mulai dari makanan berat & snack, di bulan puasa menu makanannya dipangkas cuma 5 menu makanan berat yang gak enak. ""Menu …"
"Tempat lama yang asik, bisa untuk bikin acara seperti saya hadiri kemarin."
"Tempat g nyaman, makanan kurang enak,pelayanan g sesuai."
"Udah lapar pesenan blm datang"
"Saya datang pada saat PSBB baru dilonggarkan, jadi keadaannya masih sepi dan waktu bukanya hanya sampai jam 18.00... semua makanan dan minumannya enak-enak, cuma kalau bisa kamar mandinya sedikit di renovasi lagi dibuat agak terang biar keliatan lebih bersih dan baru"
"Makan enak dan murah ditemani live musik"
"Pelayanannya lumayan oke,
hanya pelayan nya harus beberapa kali ditanya, dicomplain, tadi saya sekitar jam 9an malam order 30 menit kemudian orderan saya datang, dari 8menu yang saya …"
"Yang saya suka dri tempat ini adalah waktu bukanya yang 24 jam. Cuma ya meskipun begitu, saya lihat kalau kamu datang pagi2, ada kemungkinan pelayanannya gak begitu baik. Karena saat saya mencoba berada di sana sampai pagi, tidak kelihatan …"
"Ini salah satu tempat nongkrong yang wajib dicoba, vibesnya enak bgt buat lama2 ngobrol bareng temen, makanannya jg enak-enak, harganya ramah dikantong pula."
"Tempat ngopi di jalan riau dengan suasana asiikk buat sekedar ngobrol atau nongkrong dengankolega, menu cukup variatif dengan pilihan minuman yg banyak, harga terjangkau dan lokasi strategis"
"Pelayanan lama dan kurang baik, terlebih lagi pelayannya tidak meminta maaf ketika pelayanannya lama dan tidak jelas"
"Dateng kesini siang, makanannya belum ada katanya.. jd pesen minum aja. minumnya enak, tempatnya cozy sih tp kynya emg buat yg suka nongkrong malem2 krn ada live music juga.. ruangannya penerangannya kurang bgt dan banyak nyamuk (pls diksh …"
"Sangat cocok buat nobar sepak bola, harganya terjangkau, usia tua muda bisa nongkrong disini. Live musik setiap week end. Tempat strategis. Terkadang waiting list di malam minggu."
"Dulu sih ini tempat favorit untuk nongkrong, ngemil, bahkan nobar karena jam bukanya yang 24 jam (saat itu belum sebanyak ini cafe yang buka 24 jam), hanya saja untuk sekarang terlihat tidak terurus jadi segan untuk masuk. Untuk makanan …"
"Tempatnya oke, pelayanannya biasa aja, sempet salah kasih makanan..pesen ayam lada hitam dikasih ayam asam manis, digantinya bukan buat baru tapi yg ayam asam manis dibuat jadi ayam lada hitam..rasanya jadi asem gitu bukan pedes …"
"Mhon coffee nya d upgrade.. Sayang tempatnya uda bagus, lokasi uda bagus, tapi rasa coffee nya sngat jauh dr enak.. Maaf sekali.."
"apa saya harus berpenampilan oke dan pakaian mahal agar bisa menikmati menu di cafe ini? mirisnya sikap pelayanan dari pramusaji cafe ini"
"Datang jam 6 pagi. Bising, kotor, ada kucing liar yang berani naik meja, ada orang yang tidur di kursi. Abu dan bau rokok dimana2. Kopi sepertinya kopi instant. Nasi goreng bober biasa saja rasanya. Harga kemahalan tdk sesuai dengan rasa dan kondisi tempat. Lebih baik ke KFC 24jam jl riau saja."
"Suasana nya enak sih.. hotspot wifi lancar
Makanan pesen chiken katsu dan milkshake rasanya lumayan lah"
"Pelayanan baik. Walaupun utk sekelas cafe yg menyediakan cukup banyak varian menu kopi, sayang sekali tidak ada es kopi pahitnya. Menu iced coffee sendiri ternyata sudah ada krimer dan gulanya."
"Sy driver ojol pun tetep bayar pesanan melalui saldo gopay driver,,tp apa??pelayanan yg buruk,,food knowledge yg jauh dri kata baik,kesanggupan pihak bober untuk menyuguhkan driver ojol teh kotak setiap kali ada order,,tp apa,,ketika sy …"
"Tempatnya nyaman dan untuk ngumpul2 sama keluarga dan teman recomended"
"Tempat nongs anak anak muda,tua,siswa,hingga mahasiswa bisa dikatakan semua umur karena konsepnya yang masuk ke segala umur,makanan enak dan masih masuk di kantong,ada live music yang siap mengiringi,tempat strategis dan mudah di …"
"Nyaman , bersih, ruaangan tertata rapih
xoxok buat bersantai dan pelayannya ramah2.."
"Aku pesan sirloin steak sampai di meja hidangan sudah dingin ga panas apa karena terlalu lama di dapur ya dan minumnya jeruk hangat begitu diminum rasanya tawar kaya ga di kasih gula... Tolong pelayanannya lebih ditingkatkan dan utamakan …"
"Keren bisa dipake acara gathering keluarga"
"Live musicnya sabi parah si"
"Makanan nya makin sini makin aneh.. mohon di perhatikan lg untuk koki nya,pesen steak kaya dendeng Alot,,pisang keju keras,
Perhatikan kebersihan jg ya sofa sebelah bekas vapestore aroma nya bau kotoran kucing.. thanx .."
"seharusnya kalo ada guest coming tuh peka ya langsung kasih menu, ini saya dateng langsung di diemin.dikira saya sm temen2 cuma mau nontonin yg makan tanpa makan atau minum apapun?? WAITER GA ADA SOPAN ATAU RAMAHNYA SEDIKIT PUN. ga akan mau …"
"Tempatnya nyaman, makanannya enak 👍 …"
"Makanan nya enak-enak, tetapi pelayan nya sedikit, jadi lama sekali nunggu pesananan nya, sampai harus berulang kali di ingatkan pelayan nya. Pesen shisha disini ga pernah bener, shisha nya terlalu nusuk di tenggorokan dan kalo mau ganti bara lama sekali, harus tunggu 1 jam, not recommend lah shisha nya."
"suasana ramai pada jam 2 malam, meja sangat kotor, pelayanan lama menunggu minuman nyaris 25 menit. sangat tidak direkomendasikan..untuk harga masuk akal, dan kualitas nya cukup..."
"Rasa masakan dan suasananya biasa aja
Harga di menu belum termasuk pajak dan service
Servicenya ok sih cukup …"
"Walaupun saya belum pernah datang ke Bober Cafe, kurasa tempatnya nyaman dan aman buat anak"". Dan harga makanannya cukup bervariatif dan di sukai oleh kalangan anak muda maupun yang tua. Oke lah untuk list kuliner. Ya semoga ayahku tahu alamatnya  Bober cafe ya."
"Cari tempat makan yg 24 jam search di google ktemu bober cafe... Tempatnya cukup luas... Ada live musik... Makanan nya enak enak harga terjangkau tapi lama banget nunggu makanan datang... klau yang sudah laper bnget gak recomend buat ksini …"
"Klo lu masih mahasiswa dan anak sekolahan cocok kesini, makanan banyak variasi dan 24 jam. Tp klo lu udh kerja apalagi berkeluarga lebih baik cari kafe lain, makanan B aja dan asap rokok dimana mana yg bikin ga betah 👎👎 …"
"Tempat ngopi kekinian ini nih, kadang juga kalau weekend suka ada nobar sepakbola disini yang menambah keseruannya ... cocok banget ngajak temen2 kesini buat kongkow santai disni ... tapi kalau penuh biasanya suka waiting list"
"Ada biaya cas service tapi pelayanan waitres sangat buruk. Saat hendak order sudah bilang ke waitres tapi lama datang. Saat datang pun hanya memberikan kertas sehingga harus menulis sendiri. Saat memberikan kertas pesanan, waitres tidak …"
"Enak buat nongkrong, makanannya lumayan enak, dan harganya cukup fair. ada live music, dan 24 jam bukanya, jadi disaat malem malem bingung mau kmana, akhirnya selalu bober yang jadi pilihannya. Semoga kualitasnya tetap dapat dipertahankan"
"Ini sih tempat ngopi favorit kalo ke bandung, pilihan menu komplit dari minuman makanan kopi dessert sisha juga ada. Selain itu 24 jam enak
Tempat parkir ada buat motor mobil, helm aman, atm deket ah cocok
Cuman sayang kalo siang jalan kesini lumayan macet"
"Sayang sekali, makanannya tidak terlalu cocok dilidah saya, harganya juga kurang coxok di dompet. Waktu datang pelayan sudah bersiap namun pemandangan kurang mengenakan ketika pelayan bersantai-santai di ruangan makan. Lebih baik ketika berjaga lebih menunjukan keseriusan dan kesigapan dalam melayani."
"Jelek, pelayanannya kurang bngt, rada gak jujur"
"Penuh banget dan penuh asap indoor maupun outdoor . Dateng kesana jam 1 malem penuh ada meja cukup 2 orang
Pegawainya gak ngearrage kursi jadi kursi buat ber 4 dipake yang ber 2 jadi yang …"
"Selalu dari dulu menjadi Tempat yang cozy karena 24 jam dan menu2 yang enak.serta ada akustikan nya di hari tertentu.nongkrong jd nyaman dan enjoy buat santai lama lama ."
"Tempat sih oke truss mungkin inih hanya pengalaman saya saja,di pengalaman saya inih semua terlihat lama,waiter yang Dateng ngga bener nulis pesanannya,makanan Dateng ke meja di tempuh waktu 2 jam,mungkin karna udah malam atau ada yang ngga masuk atau gimana entah lahh yang jelas saat pengalaman ku inih yahh ginih realitanya."
"Buka selama 24 jam dan lumayan banyak memiliki menu makanan dan minuman namun terkadang Cafe ini terlalu ramai pengunjung sehingga tidak cocok dengan kalian yang menginginkan suasana tenang untuk berkumpul dan bercerita Cafe ini menyediakan juga live band di dalamnya"
"Tempatnya asik buat nongkrong bareng temen, sering ada event juga disana tapi sayang sering penuh tempatnya dan parkirannya juga sempit banget. Tapi lumayan lah. Harga makanan dan minumannya juga normal tidak terlalu mahal. Ada live music juga ."
"Ini kuenya enaaakkk bangeett!!

Kyaknya paling enak seBandung? Hehe …"
"Ini tempat lumayan nyaman, hanya bercampur dengan perokok,non smoking areanya ada hanya tidak terlalu luas, untuk Varian makanan lumayan banyak, hanya pelayanan agak lama, rasanya standart saja, hanya tempat ini punya keunggulan buka 24 …"
"Cafe 24jam di bandung yg makanan nya enak dan harga nya lumayan terjangkau. Kalau week-end biasanya suka ada live music nya juga. Asik buat nongkrong bareng temen2. Lokasi nya juga strategis"
"Pesen nasi goreng gila request nya pedes banget yg dateng nya nasi goreng asin banget. Mau diganti juga udah tanggung makan sama perut juga udah gak bisa kompromi terus mau komplen juga mas nya dipanggil gak perduli gitu. Hahahaha baru kali ini datang ke bober pesanan nya gak sesuai sama ekspektasi. Gimana dong😂😂 …"
"Pelayanannya buruk, saya pesen makanan tapi ga dilayani, yg baru masuk dia udah dapet makan. Trua minumannya mahal tapi tidak sebanding dengan kualitas, saya tahu rasa dr bahan2nya dan ada semut segala di minumannya, tidak benar. Lalu buat aoa saya bayar service kalau pelayanannya begitu, pegawainya juga lempeng"
"Enak"
"Tempat nongkrong asik 24 jam, dan setiap minggu pasti ada open mic stand up comedy, kaena emang stand up indo bdg kumpul nya disini, plus menu makan nya juga enak dan terjangkau👍🏻 …"
"Cocok buat yang suka begadang ampe subuh. Terdapat bermacam macam pilihan makanan dan minuman. Di sebelah depan ada alfa mart dan martabak markibar. Di dalam ada vapor lab. Acara untuk komunitas berlangsung terus dari komunitas lawak hingga sosialita gaul. Sayangnya tempatnya gelap dan bangunannya tua"
"Restoran yang nyaman, makanannya enak. Hanya saja sayang sekali timbul inkonsistensi terhadap aturan pembelian sheesa yang seharusnya ""min 18 tahun"" tapi tadi siang saya makan ada anak belum cukup umur diperbolehkan membeli sheesa. Tolong evaluasi kembali"
"Lumayan buat hangout, tapi kalau dipake untuk kerja tempatnya terlalu bising, gabisa konsentrasi. Buat kumpul sih okay, menu yang ada harganya lumayan terjangkau. Rasa? Tergantung selera masing2 lah"
"Bober Cafe lokasinya ada di pinggir jalan, sederetan dengan tempat - tempat nongkrong lainnya. Karena kebetulan saat saya mengunjungi tempat ini sudah cukup larut, saya dan rekan tidak terlalu memesan banyak makanannya. Namun jika dilihat …"
"tempat yang nyaman untuk hang out kaena disini ada live musiknya, makanannya juga enak kok, cocok bangetlah untk kalian yang lagi nyari tempat kumpul, santai bareng temen2.."
"Pelayanannya lama banget, sampe bingung minta menu sama pesennya kemana hehehe,kalo yg mau santai banget, cocoklah disini, tapi kalo kebelet laper, gak recomended hehehe …"
"Cafe cocok untuk nobar, nongkrong, dengerin live music. Harga cukup murah dgn pilihan makanan yg beragam jenis. Disediakan stop kontak tiap meja. Wifi jg."
"ACTUALLY BAD!!!!! Cafenya entah krisis pelayan dan pelayanan, tapi saya di cafe lain sepenuh apapun selalu dilayani dengan baik. Lah ini, saya dan teman teman berkali kali minta dilayani(untuk memesan makanan) dibilangnya selalu ""nanti …"
"Ok...strategis + ekonomis"
"Tempat nonggrong di daerah yg cukup terkenal dibandung, jadi kalo akhir pekan bingung mau kemana, boleh kesini. Kadang artis artin juga sering kok ke sini, terus yg suka sisha juga ada disini, menu enaknya menurut gue sih nasgornya, soalnya enak aja gitu 👍👍 …"
"Ya tempat standar cafe lah... cukup nyaman. kalau pagi2 jam 6 sudah buka, beberapa makanan sudah ada tapi minuman belum bisa dipesan, hanya minum botolan saja yg sudsh tersedia."
"Awal masuk excited karna interior yg kekinia, ditambah ada stand up comedy, tapi sayang u/ pemesanan makanan aga lama, bikin bad mood + stand up comedy yg hanya sesaat, mungkin karna saya datang hampir larut malam. But overall ok lahh...."
"Terakhir kesini tahun 2014 minuman favorite saya Love Story karna enak, tahun 2019 baru kesini lagi menu Love Story nya masih ada dan rasanya masih sama, senangnya :)"
"Tempat nongkrong anak anak muda  dengan live music dan makannya lumayan murah dan enak.
Tapi terkadang makananya suka lama datang tapi buat kumpul kumpul bersama teman sangan nyaman banget"
"Tempat nyaman utk diskusi atau nongkrong, parkir luas. Yg perlu dibersihkan, toilet sama tempat sholat.skala kebersihan dari 1 sd 5 nilainya 1,5."
"Yg jelas harganya dibawah rata2 cafe yg ada di bandung, mslh kenyamanan sih standar, pelayanan jg standar, rasa masakan n minuman enak aih"
"Malam minggu mesti rame. Bisa buat nobar bola"
"Tempatnya luas, ada indoor, outdoor, yg indor ada buat lesehan, dan ada tempat buat yg lebih privat, harga lumayan 20 ke atas, enak buat dipake nongkrong sama temen²"
"Pelayanan kurang, nunggu sejam lebih baru dateng pdahal ngga begitu ramai, waiters nya kurang profesional,"
"Tempatnya sih bagus, gue Dateng pas taun baru 2018 jam 1an pagi, lumayan rame, tapi makanan gue Dateng lama banget hampir sejam setengah ini nunggu, gue bikin review ini juga sambil nunggu makanan gue Dateng wkwkw"
"tu semua pegawai ganti robot aja sekalian, melayani cust kok datar"
"tempatnya enak (kalau lagi sepi wkwk) harganya bsa diitung di atas rata2 sih klw dilihat dari kacamata anak kos kayanya krang cocok 😊 coffeenya favorite! …"
"Tempatnya nyaman, harga juga ok"
"Tempatnya lumayan enak, terutama yg bangku sofa.. Cuma disini asap rokok dmn2 ,yg alergi atau anti asap rokok kyk saya kyknya mikir lagi buat milih tmpt duduk d bangku2 sofa depan. Byk yg merokok.."
"Tempatnya enak buat nugas. Wifi nya kenceng. 24 jam pula. Makanan nya rada mahal sih buat anak kosan hahaha. Tp yg penting ada lah yg 20 rb an ke bawah sedikit 😆 …"
"Pesan bober cappucino sangat mengecewakan, rasanya kaya sampah. Kopi ga berasa sama sekali, cuma cream dg kayu manis. Not recommended."
"Lumayan tempat nyaman untuk nongkrong. Cman selalu penuh"
"Agak terganggu jg sih waktu dtg kesini banyak yg ngeroko....tempat utk perokok ga dipusahin sayangnya jd agak kurang nyaman jg buat sy ..makanan agak lama nunggu... …"
"Makanan di sini enak, buat yang mau nugas bisa soalnya tersedia wifi gratis. Tersedia live musik tapi karena masih pandemic jadi off."
"Tempatnya bisa buat nongkrong/meeting kecil2an (pilih deket dinding ada colokan maybe buat laptop). Ada pilihan duduk di sofa atau bangku kayu.
Setting pencahayaan redup, pilihan menu makanan ga terlalu banyak."
"Tempatnya enak, makanannya enak, harga lumayan lah. Tp lama nunggu pesanan. Dah 2x makan disini harus nunggu 1 jam lebih. Keburu laper hahahah..."
"Tempat hangout paling hits di bandung.

Live music setiap malam minggu. Bisa request lagu ataupun ikut menyanyi …"
"Tempat nya oke, pelayanan pun oke, kalo malem disini suka ada live music gitu. Untuk Harga gak terlalu mahal masih terjangkau buat kantong aku yang rada tipis wkwk"
"Tempat buat nongkrong yg asyik ditengah kota dengan Menu pilihan makanan dan minuman beragam"
"Cukup nyaman dan memadai
Makanan nya cukup enak"
"Untuk kelas cafe pelayanan sangat kurang sekali. Mulai dari cari tempat duduk, susah sekali, mau pesan makanan juga lama sekali. Pelayannya kurang sangat weekend. Ga nyaman buat nongkrong, dan menu makanannya juga agak parah."
"Tmpt nongkrong asik bawa makanan dari luar boleh banget asal jangan bawa minuman keras aja kata mas mas disana... Makan martabak markobar makannya di bawa kedalam bober boleh banget... Asik ada live music juga"
"Tempatnya bagus, nyaman, pelayanan ramah dan hidangannya pun nikmat."
"Asik sih buat di pake nongki, lumayan luas juga. Harga nya pun cukup terjangkau lah. Cuma perlu lebib di perhatikan kebersihan table sama lantai nya aja"
"Tempat nongkrong yang asik, ramai, harga lumayan terjangkau"
"Tempatnya enak, rame makananya juga enak enak. dan terlebih buka 24 jam jadi ga perlu bingung kalo nyari restoran yg malem banget cukup kesini aja semua ada"
"Cozy tempatnya buat nongkrong... Cocok jg kl mau adain acara dsni kaya party ultah, ada cafe bar nya jg soalnya.... Cocok buat anak muda nongkrong krn lokasinya jg ad d tengah kota...."
"Tempatnya lumayan enak.. Hanya saja tadi sy pesan tofu tifu cabe garang.. Pedesnya pke yg instan.. Jd kurang nyoss aja rasanya.. Tp so far goodlah.."
"Gw pesen nasi goreng bober , kenyang"
"Tempatnya nyaman, minuman & makanannya enak, harganya worth it lah dengan fasilitas yang diberikan. Cocok buat yang mau nongkrong berlama-lama."
"Mengingat masa SMA
Tetap bober cafe yg cozy
Sambil ngumpul sambil sheesa"
"Setiap ke bandung gapernah gak kesini. Pasti selalu mampir kesini. Harga standard tapi rasanya enak2 bangetttttt!!!!!! Tofu crispynya juga juaraaa hikssssss!!!! Bober the best!!!"
"-makanannya mahal tapi enggak enak.. alias biasa aja.

-sendoknya murahan, reyot.. gw yg makan nasgor aja takut bengkok.. …"
"Karyawannya kerja lelet, planga plongo. Dari hujan deras sampai hujan stop makanan blm dtg juga. Karyawan asik ngobrol. Lambat sekali pelayanannya. Kena tax 2x"
"Nyaman sih tempatnya harga terjangkau sekali"
"Pelayanan sangat buruk pada jam sibuk. Pelayan tidak ramah. Makanan dan minuman keluar lama saat ditanya pelayan malah terlihat tidak senang. Selain itu terkesan dioper-oper tidak ada yang ingin bertanggung jawab. Payah"
"Abis ngerjain tugas, sampai larut malam..pengen cari makan, dapat disini di Bober Cafe..tempat nongkrong asik, 24 jam.. Ngopi dan camilan nya enak2..  Recommended buat yg pengen ngumpul sama temen or kelg. sambil ngopi enak."
"Tempat enak dari jaman sma sampe sekarang juga, dulu sih buka 24 jam"
"Pengalaman yang mengasikkan buat kongkow-kongkow, makannannya juga enak binggow, yang  paling di sukai sop buntut dan soto betawinya beuuuuh, serasa d jakarta wkwkkwkkwkwkw …"
"Suasana nyaman dan tenang..."
"Tempat ini jadi tempat favorit nongkrong sama temen"" karna buka sampai 24 jam
Pokonya kalo mlm"" pengen makan sambil nongkrong langsung keinget Bober cafe."
"itu wifi nya kenceng bgt, banyak mahasiswa yang sambil nugas juga disana. Seru kalau nongkrong bareng temen hehe kisaran harganya 35-50rb an. Makanannya cukup enak …"
"Tempat cocok untuk nongkrong sama temen, keluarga, pacar bahkan bisa buat meeting atau sekedar belajar sambil mgopi ngopi. 24 jam dan sangat menyenangkan."
"Lumayan enak tempat nya. Cocok buat nongkrong sama temen2.. makanan minuman lumayan enak juga. Free wifi.."
"Rekomendasi buat kalian para wargi kota kembang khususnya pemuda yang suka ngopi wajib ke bober cafe👌👌👌 jangan lupa bawa doi biar makin romantis, dan yang jomblo bawa aja nyali buat nyari cewe2 disini hehehe …"
"Tempatnya terlalu ramai dan semua smoking area. Kalau kalian suka nongkrong & tidak terganggu asap rokok, tempat ini mgkn cocok. Biasanya kalau malam ada live performance."
"Live music mantab, vibes cafenya enak buat ngumpul. Cuma buat yang ga suka asap rokok, tempat ini tidak saya rekomendasikan. Karena pengelola mengizinkan merokok di dalam."
"Good place. Datang di sabtu malam ada live music 😉 sirloin steak nya enak. Cafe nya penuh dan waiting list. Untung dtg lebih awal. …"
"cocok untuk nongkrong menu yang ditawarkan terjangkau.
ada nilai plus jika nongkrong di hari jum'at.
anda dapat menyaksikan hiburan open mic, dari para komik bandung."
"Gk pernah bosen datang kesiini 🤭
Jauh jauh dr Cipanass cianjur kl k bandung pastii mampir k bober sambil santuyy denger live music nyaa 😍😍😍 …"
"Toko J&C cookies ini terletak di perempatan antara jalan riau dan jalan cihapit. Dan bersebelahan dengan Bober Cafe serta memiliki desain interior yang cukup nyaman dan baik. Disini tersedia berbagai jenis kue kering J&C dan merupakan salah satu toko yang memiliki produk J&C yang cukup lengkap."
"cafe yang nyaman, menu yg variatif , dari minum sampai makan...pelayanan sangat ramah, sering acara acara ( hiburan ).. good place ! Good taste !"
"Pelayanan nya jelek, masa iya nunggu 2 jam makanan belum nyampe- nyampe. Sampe minuman di cencel gegara udah beres makan nyampe nunggu lagi setengah jam minuman belum nyampe, padahal beberapa kali udah manggil pelayannya tapi cuman bilang iya iya iya doang"
"Tempat yg tepat buat nongkrong sambil ngemil dan ngopi"
"Jam tayang nya berkurang
Satpol PP pernah datang lalu swap para pengunjung
Kabur dah"
"Kafe 24 jam yg luar biasa, sedikit saran perlu ada furniture baru nampaknya, coz itu seems already old. But overall its recommended utk yg seneng begadang buat tugas or hangout"
"saya pesan chiken curry malah di kasih ciken honey lemon"
"tempat yg bagus dan menyenangkan di tengah kota 24 jam, pelayanannya baik dan menu yg byk pilihannya serta harga terjangkau.kekurangan nya tempat parkir yg sempit."
"buat nongkrong sambil ngobrol santai lumayan nyaman cafenya, menu & rasa mirip2 dengan cafe sejenis yang banyak di seputaran jalan riau."
"Tempatnya biasa aja, engga ada yang spesial. Untuk ngongkrong rame rame juga kurang enak karena ga ada table yang gede. Mungkin lebih enak untuk nobar gitu kali"
"Tempatnya nyaman enk buat nongkrong sama kawan"""
"Pengalaman yang memuaskan. Tempatnya anak2 muda berkumpul. Menu nya variatif. Rasanya enak. Harga sesuai dan pas. Ga terlalu mahal ga terlalu murah. Cukup memuaskan. Saya suka"
"Satu2nya tempat yg pas utk bisa mulai kerja shift malam. Jam 8 malam sampai tengah malam."
"Tempat yang sangat seru utk weekend bersama teman2. Live musik yg bagus. Makanan yg lumayan dan minuman standard. Pelayanan yg kurang. Asap rokok dimana2."
"Makanannya banyak pilihannya. Tempatnya oke. Parkir luas. Bersahaja pegawainya. Good deh pokonya"
"Enak buat nnongkrng bareng temen, soalnya buka 24jam"
"Tempat dan makananya oke, tapi service nya mengecewakan, pas mau order sudah disuruh nunggu terus hingga 15 menit lebih"
"tempat yg pasti di kunjungi kalo pagi pagi bingung mau ke mana, sini aja...bisa santai santai sambil ketawa ketiwi sama temen, atau duduk manis sendiri sambil nge shesha boleh juga."
"Tempatnya oke, hanya kecewa, pesenan kami hampir 2 jam belum diantar, ternyata belum diinput sama pelayan nya entah mungkin karena pelanggan waktu itu terlampau banyak. Karena sudah kecewa kami pergi dengan membayar makanan yang tidak kami makan."
"Cafe yang cocok buat nongkrong bareng teman, tapi kurang asik buat yang cari ketenangan. Menunya variatif, tempatnya cukup luas bagi yang ingin melakukan nobar."
"Makanannya enak, life music nya oke, so nice buat yg susah nyari waktu buat ngobrol karena buka 24 jam :)"
"Lokasi nya strategis tempat nya nyman rame ada live musik harga makanan minuman terjangkau cocok buat tempat nongkrong bareng teman"
"pelayanan mengecewakan, orang lain yang datang lebih malam dari kita, artinya kita yang datang lebih awal, tapi pesanannya lebih lama. harusnya FIFO (First In First Out), bukan LIFO (Last In First Out) . gimna ini pelayanannya. Verrryy Verryyy Bad."
"⭐5 buat masakanya"
"Beda dgn dulu yah, penyajiannya sy harus tunggu sekitar 45 menit. Pelayan nya sibuk pada men hp"
"Makanan enk, pelayanan bagus, Suasana nyaman"
"Makanan nyaa cukup enak dan worth it, harga ga terlalu mahal. Ada sisha dan live akustik jg."
"tempatnya cozy banget untung ngumpul bareng temen, free wifi,, harga menu paa dikantong deh pokoknya 😉 …"
"Buka 24 jam, ada live music nya, cocok untuk nongkrong dan kumpul bareng teman, keluarga, bahkab kolega. Variasi menu nya juga banyak.."
"Lumayan lahh utk sekarang.."
"Pelayanan sangat buruk tdk ada welcoming the guest padahal sudah juga kerja di hotel...sangat tdk ramah dan makanan masih Frozen sudah di sajikan ke tamu..."
"Cafe 24 jam di Bandung"
"Tempat nongkrong dan ada musik"
"Suasana nyaman, lokasi strategis. Rasa makanan cukup enak dan rasa minumannya juga lumayan. Kalau malem weekend suka waiting list"
"Tempat ok nyantai, menu mamin juga ok, semakin malem makin rame tamu anak muda klu dengan rekan bisnis baiknya seblum jam 23"
"Harga worth it lah buat kantong mahasiswa /mahasiswi, tapi kurang enak posisi duduk yg dibelakang nya sama boring gaada permainan kaya di upnormal gitu"
"kita driver online juga sama beli bukan minta
layanilah sesuai sop perusahaan apa kayak gitu sop perusahaan order udah 30 menit bil ga di kasih ke dapur parah"
"Diminati Banyak pengunjung dan enak untuk nongkrong"
"Ada live music & fasilitas buat nobar juga, cuma sayang banyak asap rokok, ga cocok buat ibu hamil, sirkulasi udara kurang oke."
"Pelayan nya ga ramah males ga akan balik lagi bahkan sya blom pesen sama sekali keburu males"
"Suka karena 24 jam. Kopinya enak, makanan the best juga nasi gorengnya apalagi. Sheesha juga macem macem rasanya"
"Tempat nongki & meet sama temen2 ternyamaaaan❤ menunya mantep2 pelayanannya mantep juga . Tp sishanya ko jadi kurang yaa? Gak sprti awal2."
"2 bintang bwat live music nya,,  hanya d sayangkan pelayanannya yg lama dan kurang bnget,,  uda manggil2 beberapa waiter cmand manggut2 doank,, nyamperin kagak,,  ampun dech.."
"Makanan cukup enak dan harga gak terlalu mahal
.. buka 24 jam, dateng jam berapapun dijamin ini tempat rame pake banget."
"Lumayan nyaman untuk nongkrong walau sedikit sempit untuk nongkrong banyakan. Mungkin lebih cocok untuk tempat nongkrong yang pacaran.. hehehe.. dan sayang pesanan sering lama datang nya"
"makanan enak tapi pelayanan nya kurang gesit dan waiter nya cuma sedikit..
Mungkin bisa d tambah lagi anggota waiter nya.. Terimakasih"
"Tidak recommended utk org2 yg g perokok karena gak disediakan ruangan utk yg tidak merokok. Ada biaya service tambahan. Makanannya juga kurang ok. Kecewa intinya"
"Nyobain Soft Launching Markobar. Bober Cafe ini nyaman, ada live musicnya. dan harga menu disana lumayan hehe, tapi sebanding dengan fasilitasnya."
"Legend Cafe..dr mulai zaman SMA enjoyed nongkrong disini ampe sekarang umur 30thn msh sering kesini ditambah lg ada markobar di depan cafe. Ini merupakan cafe yg longlasting di Babdung"
"Tempat yang cocok untuk acara gathering organisasi"
"Makanan harga nya terjangkau..  Wf kenceng.   Pelayanan ramah..  Makanan cepat sampai..  Cuman musik nya kadang ada kadang engga."
"Panas , makananya enak , ada live music tp susunan meja sama kursinya terlalu membosankan dan agak sempit dibanding cafe lain"
"Order kok gak dimasukin list,.. enak air tempatnya, to mungkin karena terlalu rame, jadi lupa tu nulis pesanan"
"Andai bisa minus star. Sebelum akhirnya saya pulang k Indonesia, sampai sekitar 10th lalu saya masih langganan bgt k Bober sini. tempatnya rapih, penuh, santai dgn musik. however, skrg KOTOR, SEPI (Pengungjung & KARYAWAN), KURSI + SOFA + …"
"Tempat luas, parkiran agak susah juga disitu, enak buat nongkrong, makanan enak hanya mungkin tidak terlalu banyak pilihan, so far good buat nongki"
"Tempat cukup bersih dan nyaman. Namun untuk menu food khususnya makanan berat masih kurang worth it"
"24 jam aku suka.
coklat susunya ga pake gula.
Nasi goreng gila porsinya kebanyakan."
"Tempatnya kurang banyak penyedot asap soalnya banyak asap rokok,shisha dll,ditambah lagi fasilitas kipasnya dikit jdi panas,dan fasilitas parkir utk mobilnya kecil"
"Tempatnya buat nongkrong sih pas banget, anak muda banget. Tapi harga sama pelayanannya gk menyesuaikan."
"tempatnya enak, ada ruang buat meeting
wifi lumayan, harga makan dan minum yang ga terlalu mahal banget"
"Tempatnya layak dapat penghargaan cafe terkotor sekota Bandung... Mohon kritik ini bisa jadi perhatian buat manajemennya.."
"24 jam, nongkrong bareng, parkir kutang luas"
"Harga makanan n minuman ya murah, tapi kurang bersih.. Dan gak ad non smoking area, jadi pengap.."
"Tempat nya lumayan luas dan paling suka makanan nya ,, harga nya lebih hemat dg taste yg lumayan enak  😍 …"
"Tempat bekumpulnya komunitas Stand Up Comedy Bandung.
Open Mic setiap Minggu malam, mulai jam 19.00"
"Shishanya murah, enak. Pilihan makanan banyak walo rasanya standar. Best part: open 24/7"
"Tempat nongkrong yang bagus nyaman dan oke.. Cocok buat sekedar ngobrol santai sampai ngerjain tugas kuliah"
"Bukan pilihan tempat nongkrong walaupun 24jam. Tempatnya remang, semua orang ngerokok, dan kesannya kumuh. Untuk makanan, rasanya oke"
"Tempatnya nyaman, bersih, makannya juga enak tapi lama nunggu pesenan makananya."
"Waktu itu makan steak disini, rasanya mantap,harga terjangkau, untuk tempat sangat2 strategis,berada di jln riau, pas banget buat wisatawan juga"
"Selalu jadi tempat andalan karena tempatnya enak untuk nongkrong dan menunya enak2."
"Jorok BANGET... Pelayan nya KUCEL BANGET... SAMPAH BERSERAKAN DI ATAS  MEJA PUN  MEREKA  G PERDULI UTK  bersihkan... Apalagi TOILET nya... Wauuuuuu asli  seremmmm...kotor... Jorok dan  bau"
"Kane buat nongkrong sama temen - temen. Menu yang biasa dipesen disini ya yang porsinya sekalian buat banyakan alias rempukan, lupa nama menunya hehe"
"Sangat rekomendasi buat para warga yang di bandung untuk sekedar nongkrong atau makan serta nobar dan tak lupa ada hiburan hiburan seperti standup comedy musik dan sebgainnya"
"Tempatnya nyaman, suasananya enak banget 🙂 …"
"Tempat cukup bagus buat santai tapi banyak asap rokok elektrik/vape...sebaiknya dibuat khusus smoking area"
"PARAH BANGET CAFE INI SUMPAAAHHHHHHHHHHHH BIKIN EMOOOSSIIIIIIIII !!!!
1. PELAYANANNYA GA RAMAH
2. PEGAWAINNYA SEDIKIT BANGET JADI KITA HARUS NUNGGU PESANAN LAMA BANGET, GUE …"
"Tempat yg pas kalo bingung mau kemana, laper tengah malem. 24 jam dan lumayan ramai.  Makanannya enak"
"Tempatnya bagus, nyaman, harga bersahabat, makanan nya enak"
"Makan nya enak2 tempat nya asik, cuma tempat parkir mobil nya yg kurang sedik lega. Selebihnya bagus"
"Salah satu Tempat nongkrong favorit anak muda dikota bandung dengan tempat yang nyaman dan ada ruangan buat meeting juga lohhh"
"Rekomen nih buat kalian"" yang mau nongkrong"" disni"
"Pelayanan nya untuk kurang memuaskan, saya pesen 2 jenis makanan dan 1 jenis minuman sampe 1 jam belum beres juga,"
"Tempat kongkow anak muda... enak makanan dan kopinya tp sayang gk dikasih ruangan bebas asap rokok... sayang seribu sayang..."
"Cafe utk nongkrong anak muda. Klo utk keluarga seperti kami kurang cocok karena bau rokok... dan remang2.. 😊 …"
"Lokasi ini ada di ujung jalan Riau, di sepanjang jalan Riau banyak factory outlet sebagai surga belanja. Mau kesana di anter kami? visit di aberta rental mobil bandung on google."
"Maaf,.makanan kurang enak,pesan nasgor, soto Betawi., penyajian lama, salah menu awal nasi goreng kambing menjadi nasi goreng sosis bakso,."
"Suasana enak, tempat nyaman, makanan minuman enak, tapi sayangnya smooking room semua ruangannya"
"harga cukup terjakau,tempat nyaman,live music juga mantap,pelayanan cepat"
"Dari jaman masih kuliah sampe udah punya anak selalu kesini walaupun skrg tinggal di Palembang kalo ke Bandung tetap mampir ke bober"
"Tempat sih cozy bgt tapi kopinya kurang rekomended buat yang mau ngopi, tapi kalo nyari tempat ngopi yang bukanya lama ya disini tempatnya overall lumayan lah"
"Tempat buat nongkrong sm tmn2 mh oke..bober creamy y lmyn ..nasi goreng ya juga enak..okelah.."
"Salah satu yang bisa diandalkan buat nongkrong kemaleman di Bandung..."
"Tempat lumayan nyaman dan. Asik buat ngumpul dengan teman2 serta. Serta menu makanannya enak"
"Tempat kopi dan meeting room yang nyaman, di daerah Martadinata.
Jangan lupa juga, satenya enak loh."
"Baguss nyaman jugaa"
"Live musicnya terlalu keras sehingga mengganggu  obrolan dengan teman, padahal sudah di minta di kecilkan tetapi cuman lips service saja 👎 …"
"Cozy place. Makanannya emang terlihat mahal tapi enak dan porsi cukup banyak kok, ya worth it lah👌🏼 …"
"Tempat enak, fasilitas enak, harga lumayan, menu kopinya menurutku masih kurang. Untuk menu lainnya enak."
"Tempatnya nyaman."
"Boner cafe berlokasi Dijalan r e martadinata....  Klo Dari arah bawah Ke Atas Sesudah lampu Merah pertama liat kanan... Klo Dari Atas depannya gedung darma wanita gampangkan...  Yuk ah jalan2  Dibandung ..."
"ramah di kantong mahasiswa, buka 24 jam dan makanannya banyak pilihan. Potato wedges sama seblak enak banget"
"dri jaman kuliah tetep suka sm cafe ini, cm skr sofanya udh gk nyaman lgi krn termakan usia. harusnya sudah diganti"
"Asik bangets nuansa nya..,ada musik akustik, buka 24 jam, keren abis dech.(ketapang - kalimantan barat )"
"makanan & minumannya sih enak2, tapi tempatnya kurang. kotor, penuh asap rokok, meja penuh coret-coretan"
"cafe buka 24 jam, cozy place, tempatnya luas juga dan suka ada live music atau stand up comedy"
"Tempatnya nyaman banget buat nongkrong dan buka 24 jam, harga juga standar lah ga bikin kantong bolong."
"Makanan nya lumayan, tempat luas, harga terjangkau, cuma kurang nyaman dengan asap rokok"
"Seblaknya enak! Ada live music, harga murah murah. So entertaining."
"Cocok buat ngbrol, nyantai , menu ber variasi banyak pikihan nya"
"Sip,, waktu buka selama bulan ramadhan jam 17.00"
"Tempat kongkow nya enak live music nya jg.mamin nya enak dan murmer"
"Menu Makanan yang beragam ... Tapi tidak ada kawasan khusus untuk Tidak Merokok ... Harga yah lumayan diatas rata rata ..."
"Cafe life music setiap hari"
"Selalu rame, harga relatif murah .rasa standar"
"tempatnya asik buat nongkrong dan meet up sama temen, tiap hari minggu ada hiburan stand up comedy yang lucu banget"
"Cocok untuk Nobar dan Live musik , untuk keluarga disarankan mencari ruangan khusus, banyak yang merokok"
". Tempat nya enak. . Makanan juga murah2 tapii sayang sekali waktu kesitu gada mangbis nya😂😂 …"
"mantap jiwa untuk nongkrong makan dan ngobrol dan trkadang ada jg live music nyaa mntap di jiwa deh guys😍 …"
"Sangat Memuaskan Dan Sangat Recomended Untuk Anak Milenial 👌 …"
"Paling suka sama steak dan nasi gorengnya. Diiringi accoustic music sangat cocok buat santai 👌 …"
"Tempatnya lumayan cozy untuk kerja. Gak terlalu crowded. Cuma internetnya gak gitu kenceng. Makanannya lumayan lah"
"Baiknya tempat smoking dan non smoking dipisah. Klo makanan seh ok harga dan rasa"
"tempat yg sangat bagus bagi saya, nyaman dan bersih.. cocok buat ngobrol dg pasangan"
"asikk buat tmpat nongkrong. Tp klo blm makan,  dsini ada makanan juga.  Buat sahur jg bs klo pas lagi puasa skrg ini."
"Asyik tempatnya buat ngopi sambil ngobrol dan makanannya oke deh"
"boong nih, ktnya buka, ini saya ksini jam 4 subuh tutup"
"bisa dijangkau angkutan umum..ada di dekat jantung kota...buat sekedar kongkow ame temen bolehlah..harga juga kejangkau"
"ditahun 2012 nongkrong disini bener2 kayak koboi deh.. kangen banget suasana itu.. harga murah bingit untuk semua menunya."
"Tempat yg asyik utk nobar dan makanan & minumannya enak dgn harga terjangkau"
"Kadang saya bekerja di sini karena fasilitas wifi dengan koneksi yang stabil
Harga makanan terjangkau dan pelayanan baik
Over all good!"
"Parah beneeerrr... makanan dateng lama... udah nunggu lama baru diinfo makanan abis... keren abis staffnya... manajemen cafe terburuk...👎👎👎 …"
"Makanannya enak dan murah. Hanya saja tempatnya perlu di tata ulang agar lebih menarik"
"cafe yang sangat cocok untuk anak muda dan setiap minggu selalu ada open mic bersama standup indo bdg"
"Enak bgt tempat nya"
"Best place for you to hang out berjam jam, wifi kenceng, harga makanan dan minuman affordable, live music juga tiap weekend. Plus buka 24 jam,"
"Penuh. Pelayanannya lama. Kalau untuk orang lapar kurang cocok. Tapi untuk orang nongkrong enak. Tempatnya cozy enak buat ramean"
"Pelayanannya kurang memuaskan. Bagi yg enggak suka terpapar asap rokok lebih baik jangan kesini."
"Keren tempat nya dan nyaman"
"Wih mantap bangt untuk ngadain acara ulangtahun kalian tmpat nya nyaman karyawan nya pada ramah"
"Mantap, tempatnya nyaman, makanannya juga enak enak, tapi kalau malam Minggu suka engga kebagian tempat"
"Tempat ini buka 24 jam cocok buat temen temen yang pengen nongkrong lama lama gak takut diusir karena tutup"
"Nongkrong di tengah kota Bandung dengan suasana dan menu pilihan"
"Suka sekali tempat ini. 24jam bisa buat nongkrong, meeting dan lengkap menu makan minumnya."
"Menu dan tempatnya enak buat berkumpul nongkrong dengan teman"", dan buka 24 jam"
"Mau tambah pesenan, waiters nya bilang sebentar"" terus, tp gak balik lagi. Malah lewat cuek aja"
"Tempat fave gw ini.
Menunya banyak. Harganya terjangkau.
Cozy tempat nya."
"Cafe yg buka 24 jam...cocok untuk nyari tempat nongkrong untuk berlama lama... makanan nya pun cukup beragam"
"Asik banget, untuk sofa cuma ada didalem di tempat live musicnya. Cream soupnya juga enak banget"
"Mau ngobrol panjang disini tempat nya buka sampai jam 12 malam"
"Suka sekali belanja kue kering disini. Produk aneka kuenya Selalu fresh ."
"Makanan ok tp atmosfir kurang karena banyak sekali perokok di dalam maupun luar"
"Indomie terlama yang pernah dipesan...kapok..mungkin bisa lebih well manage waktu delivery ordernya"
"Tempatnya terlalu crowded. Ampe kita dipaksa duduk satu meja bareng org lain"
"Bagus. Ada live music nya. Ada indoor maupun outdoor. Tempatnya nyaman. Enak buat nongkrong."
"Buka 24 jam, tapi tidak ramah untuk konsumen yang tidak merokok. Karna seluruh areanya diperbolehkan merokok."
"Makanan lumayan walopun sekarang menu nya berkurang plus dateng nya lamaaaa"
"Berani 24 jam until jadi pembeda dari kafe yg muncul kekinian. Makanan paling kenyang dari kafe sejenisnya"
"Minumanny ga ada rasa semua, toilet kaya di terminal, musik ga jelas"
"Tempat nyaman dan ok buat kumpul dan santai, untuk anak muda apa lagi dengan pasangan wih... mantap."
"24 jam nya bisa buat alternatif nongkrong. Tapi jujur makan an nya, (terutama yang sy pesan), kurang spesial"
"Suasana nya enak.mlm minggu ada live music.tapi sayang menu makananya gk ada desertnya"
"Tempat yang bagus untuk nongkrong bersama teman dan keluarga, ada live music nya"
"tempatnya selalu penuh, tiap kesini waiting list terus, overall rasa masakan dan harga sesuai"
"Bober sudah tak seperti dulu :( sudah naik semua harganya. Tapi ya yg cari cafe 24 jam tetap oke"
"Panas.. gk ada ac nya, tp ini 24jam siih... makanan kurang variatif dan itu2 aja"
"Tempat makan yang nyaman, luas, serta terdapat tempat untuk les menggambar, dll di bagian belakang cafe."
"lumayan lah buat nongkrong bareng temen2 tp kalo untuk yg sendirian kesini kurang cocok"
"BOBER CAFE emang cocok buat nongkrong anak muda... pokoknya pas banget tempat sm harganya..."
"Paling murah se jalan riau dan rame, enak jg makanannya"
"24 Jam, Asoy tempat nya, smoking area ada, ngumpul enak, buka laptop enak"
"Makanan banyak macamnya...harga masih bersahabat dgn dompet 😊 …"
"Pelayanan sangat buruk pesan makanan dan minuman jam 9 malam sampe jam 10.40 belum ada kejelasan."
"Tempat yang cocok untuk nongkrong sambil ngobrol2 sama kawan dengan di temani live music"
"Tempat favorit buat nongkrong"
"Tempatnya super cozy, menu makanan banyak, harga terjangkau dan buka 24jam"
"Enak buat nongkrong, harus coba sop konro bakarnya"
"Jauh jauh dari jakarta cuman buat WFH dapet tempat enak di bandung. Harga bisa lah bersaing sama sebelah"
"Menarik dan nyaman"
"Keren tempat nya, cozy. Bukber disini sama temen"" oke juga 👍 …"
"Kafenya enak. Cocok buat gathering atau bikin acara. Sound system ada dan mantap."
"Tempat nongkrong anak muda sekali, dengan adanya musik, makanannya lengkap sesuai kantong anak muda"
"Salah satu cafe yang wajib dikunjungi di Bandung. Tempat yang menarik, suasana yang hidup, didukung sajian menu yang baik."
"Meskipun tempat ini sering ramai, tapi saya kurang suka karena ada perokok dimana-mana dan pelayanny kurang tanggap"
"Pengen cobain cilok baper dan pengen ketemu MinKat sekalinya kesini gatau MinKat mana, mau nanya malu, dan mau nonton live standup & akustik :*"
"👍 …"
"Pesan makanan, lama sekali datangnya. 1 jam belum datang²"
"Makanannya enak,tapi tempatnya mungkin sudah lama jadi tempat duduk/ furniturnya sudah kusam"
"Gak seenak dulu buat nongkrong, udah jadi tempat banyak komunitas jadi agak risih"
"Tempat hangout yg asyik, rasa makanan oke n harga ramah kantong"
"Cafe 24 jam yang menyediakan hidangan kopi, minuman lainnya dan berbagai makanan."
"Makanannya ga enak, ga fresh, udah gitu mahal. Viewnya pujasera. Udah gitu aja."
"Tempat nya nyaman buat nongkrong2 bareng tmen atau pacar, harga nya kisaran 20-50ribuan"
"Minuman lemon tea hangat cocok buat musim hujan, sayang Wi-Finya pas sedang trouble"
"Pelayanan nya buruk, kurang sopan ga ngehargain customer, ngeliatnya hanya customer yang penampilannya wow,padahal sama sama bayar pake duit juga"
"Tempat makan dan nyaman tempat strategis kalau ke Bandung untuk makan"
"suasanya cafenya instagrameble banget, bagus buat foto2. harga dimenu juga lumyan terjangkau"
"Berharap ketemu pemiliknya dihari jadi cafe yang ke 12 . Tapi gagal 😅 karena ka Bisma sendiri lagi di luar kota 😑 …"
"Lambat pesen nasgor sejam ga dtg2"
"Tempatnya biasa aja,  sama kaya cafe2 lain. Bukan buat nugas, dan enak buat nongkrong"
"Tempatnya enak , ramai , ada shisa , ada live music . Cocok buat kumpul bareng"
"Pelayannya sigap dan ramah, makanan sesuai dengan harga, namun perlu peningkatan dari sisi kebersihan tempatnya"
"Bober cape 24 jam lho... Berlokasi Dibandung tepatnya Pas penempatan cilaki Dan e r martadinata atau jalan riau mantab..."
"Tempat yang cocok buat nongkrong, karena 24 jam. Makanannya juga lumayan enak."
"Walaupun harga nya agak mahal tapi tempat nya nyaman & rasa nya enak"