"ml-1","break-words"
"2.0","Rasa kurang enak mgk krn petisnya yg memang krg enak & kurang higienis ada rambut di makanannya"
"4.0","petis nya kurang nampol"
"3.0","sorry, saya baru pertama ini makan rujak cingur, dan rasanya lumayan enak , 
tapi kalau boleh saran, berani modal dikit lagi untuk mewadahi bumbu kacangnya, karna gak semua pesanan dimakan langsung 
dan efek dari bumbu tidak di pisah, dalam perjalanan pasti gak selalu nemu jalan mulus, ada goyangan dan bumbu pun tumpah dari wadahnya, jadi terkesan si kurir yang lalai
padahal ya faktor kemasan
ini cuma bisa ngasih saran aja sih,kalau rasa ya oke oke aja sih"
"4.0","bumbunya rasanya kurang medok, petisnya ga berasa"
"2.0","saus nya rujak tumpah semua diplastik . rasa kacangnya kurang .kantong plastik tidak di zip tied."
"4.0","lengkap dg buah tp bumbu petis kurang medok, tingkatkan lagi ya!"
"2.0","Saus petisnya kurang"