"ml-1","break-words"
"3.0","kecewanya sewaktu pesen satu porsi tiba2 order jadi dua porsi  di cancel berkali kali ga bisa2"
"4.0","lumayan lah enak."
"1.0","udah mahal, baksonya benyek bgt, isi dikit bgt."
"4.0","tolong perhatiin lagi telurnya, pesen bakso urat yg ada bakso telurnya juga, tekstur telur dalam baksonya keras, alot. semoga diperbaiki"
"5.0","patennnnnnn"
"5.0","patennnnnnnnn"
"5.0","enak murah lg nanti beli lagi next time beli LG"
"1.0","mienya lembek bgt ga seger rasanya.lengket pula"
"5.0","Basonya enaaakkk, coba kalau ada soun makin enak. kuahnya enaaakk, mie ayamnya juga cocok. bakal repeat order lg 👌"
"1.0","Pas dibuka mie nya bau kurang enak, kaya bau dr ayammya aga amis😭"
"5.0","enakk bgttt, tpi mie ayamnya aga keasinan, basonya gurih"
"2.0","belom ready tp orderan aplikasi udh dibuka, jdi harus nunggu 45menit lebih. belom lagi, pesanan yg dateng ga sesuai."
"4.0","keasinan waktu itu. yang lainnya udah oke"
"2.0","mie yamin manis banget
mie ayam nya asin bangett"
"5.0","kuahnya kurang asin. porsi mie nya banyak"
"5.0","mantap harga murah meriah dapet banyak, cuman agak kurang asin"
"1.0","tiga kali pesan selalu berubah2 rasanya. awal beli enak, full dapet mie, bakso 2, yamin 2, sama KUAH. pas yg kedua kali, gak dapet kuah, dan asinnya kaya upil. yang ketiga kali, gak dapet yaminnya, gak dapet kuah padahal udah dinote, dan gak dapet saos dan tidak ada sayurannya. saya sangat kecewa, karena tidak konsisten jualannya. mohon diperbaiki kualitas jualan anda ya ibu ataupun bapak. karena donoloyo itu terkenal enak, jadi jangan merusak citra yang baik. trimssss"
"4.0","kuah nya tumpah☹️"
"2.0","sy gak tau kesalahan dr driver/resto nya,,utk mie Yamin sy terima sdh kebuka,,kebetulan bkn sy yg trima,,klo sy pasti komplen"
"5.0","Hari ini pesan mie Yamin dikasi bonus bakso dan cepet bgt dianterin nya.. makasih ya pak sukses terus restonya"
"3.0","salah pesanan. pesan mie Yamin bakso yg datang mie ayam bakso.. lebih teliti lagi yaa"