"ml-1","break-words"
"5.0","nyoba pesen ternyata enak banget, kemasan nya bersih dan sambal ijonya mantap segar pedasnya cukup. recommended puolll."
"5.0","makanan enak, gurih, puas, untuk abang kurir nya, baik, sabar, semoga di tambah rezeki nya, terima kasih"
"5.0","murah tapi rada keasinan"
"5.0","good, makanan enak"
"3.0","Ga ada sayur ijonya?? Atau karna udah sore kali ya udah abiss.. cuma kacang panjang doang yg ijo.. tahu sama kentang dadu berapa biji sisanya kol labusiam toge timun doang banyak..manisnya pake kecap bukan pake gula merah.. tp ok lah.."
"4.0","enak, sayang ga dikasih kerupuk"
"5.0","banyakin porsi lalap, nasi & sambel"
"3.0","pesanan kurang tepat"
"4.0","Lumayan enak. Porsinya udah lengkap sepaket gitu. Ayamnya bumbunya meresap. Tipikal makanan yg bakal aku repeat order soalnya suka yg udh lengkap gt"
"2.0","dadanya ga ada sayapnya dan kecil"
"3.0","Murah tapi ayamnya kecil gak seperti yang ditunjukkan. Gak merasa puas saya"
"4.0","tumben tahunya kurang bumbu"
"4.0","ayamnya tidak sesuai gambar , kala
u bisa harus sesuai gambar harga . terima kasih"
"3.0","sotony kurang seger  rasanya hambar maaf ya cm kasih saran aja kuah ny kurang berasa   rasanya anyep 🙏"
"4.0","keep up the good taste, kang Adang👍🙏"
"5.0","Koq harganya naik?...."
"4.0","terimakasih, bungkus nasinya sdh kembali memakai dsun pisang..👍👍👍"
"5.0","keep up the good taste!👍🙏"
"5.0","keep up the good taste👌👍"
"5.0","Smoga bisa menjaga kwalitas makanannya👍👌"
"5.0","keep up  the quality👌"
"5.0","thanks for making the good food...keep up tje quality!👌"
"5.0","Good food, good taste!"
"5.0","Smoga bisa terus menjaga kualitas makanannya ya👌"
"1.0","Tahunya bau basi, tempenya spt nya digoreng 2x, ayam minta paha dikasih dada🤦‍♀️ cukup nyobain sekali aja. Tidak sesuai dg fotonya. Semoga bisa jadi masukan."
"5.0","Terima kasih. pesanannya di lebihin.."
"5.0","Tadi siang sambalnya kurang 1 cuman ada 2 hadewww pie to mas mass"
"3.0","mohon agar sblm mrngiim pesanan, dicek dulu...sebab suka ada yg ketinggalan...🤔"
"5.0","enak, cma sambelnya kurang pedes hee"
"3.0","nasinya kurang bagus seperti mau basi 🙏"
"3.0","sambalnya kalau bisa diulek manual supaya maknyoss👍"
"2.0","kirain nasi timbel, ternyata nasi putih dibungkus plastik. ayam paha nya kecil, lalapan minimalis (cuma potongan timun dan kol). sambal ga menarik."
"2.0","ayamnya masih ada bulunya dan sambelnya asem banget lebih seperti cuka pedes"
"3.0","sambelnya kurang mantap"
"3.0","ikan sm ayam nya enak..tp gk sesuai gambar nasinya,bukan nasi timbel..pdhl udh angan"""
"4.0","pesanan tdk sesuai, blgny nasi timbel koq dtgnya nasi biasa , digmbr ada ikan asinnya pesanan tdk ada"
"4.0","Rasanya enak dan ngebungkusnya sudah bagus. Tapi sayangnya sudah request potongan dada, dikasihnya paha. Mendingan gak usah ditulis pilihan ayamnya."
"3.0","Tempenya ilang"
"5.0","Sambel nya seger bgt pas bgt di lidah saya"
"4.0","over all sedap dan pas..hanya sayang sambelnya tidak pas..ngak sedap..terlalu asam kecut..."
"4.0","Nasinya keras, sambal enak. Overall Ok. Sesuai harga..."
"1.0","Nasi nya basi ,bau ..kaya nasi kemaren ,nggak niat jualan nya ,padahal lg laper banget lg nunggu ibu di rs lagi sakit ,jadi nggak kemakan mubazir ...parah parah nggak niat jualan"
"3.0","Maaf Nasi timbelnya kurang matang"
"3.0","Makanan yg datang tdk sesuai dg pesanan!...yg dipesan paket bawal komplit, yg datang paket ayam komplit!"
"4.0","sambalnya kurang mantap"
"4.0","pertama kali pesan nasinya masih di bungkus daun, 2 kali pesanan terakhir sdh dibungkus kertas..jd sdh bkn nasi timbel lagi..😁"
"3.0","nasi timbel kok bungkusnya plastik? hrsnya pake daun pisang dunk"
"5.0","Taste good & value for money!..."
"2.0","tahunya gk ada rasanya,ayamnya kurang kering"
"2.0","sambel nya kurang enak"
"1.0","nasinya ga enak sambelnya gaenak ampun dah"
"1.0","Nasinya bau magic jar yg kelamaan"
"4.0","Sayurnya layu sebelum berkembang.."
"1.0","sambel ya agak 
. asem kaya basi gt"
"1.0","kemasannya jgn kaya gitu lah.. masa ikan ayam dan tahu di bungkus jd satu smpe tahunya gepeng... udh ditu dimasukin dlm plastik asoy pulak, mending pake kertas aja satu2... 
perlu perbaikan lagi utk kemasan apy nampak lnh higienis dan menarik.. untuk rasa makanan STD (alias standar).. untuk sambal.. kok bukan smbal.terasi sprti smbal kebanyakan ya.. gak ada rasa terasinya jg gula garamnya😅"
"5.0","enak...enak....."
"5.0","nasi nya dimatengkan sedikit lagi. terima kasih"
"3.0","ikan bawalnya bau tanah"
"4.0","kirain nasinya di bungkus daun pisang , trnyata aslinya tidak"
"4.0","Klo mberikan pilihan utk potongan ayam, sbaiknya diberikan yg diorder oleh customer. Sy minta dada, dikasih sayap😣"
"2.0","sambal bau udh basi digoreng lagi, tahu kurang matang, sangat tidak rekomend👎👎👎. lele jg kurang fresh dan ada pahit"
"2.0","minuman es temulawak nya berasa es orson"
"3.0","Nasinya blm terlalu mateng,,pera, ayamnya kecil bgt"
"4.0","1.Rasa harus ditambah krn ayam, tempe, & tahu kurang berasa bumbu (hambar). 2. Klo mberikan pilihan ayam, sbaiknya diberikan yg dipesan customer. Tadi sy pesannya dada ayam, dikasihnya sayap."
"2.0","nasinya belum matang"
"5.0","mlm tutup jam berapa?
makanan ya pas banget 👍👍👍🙏🙏🙏😍😍"
"5.0","mayos banget Sambel ya mantap 👍👍👍"
"4.0","nasi timbelnya mana...? cuma nasi biasa..."
"3.0","fotonya tdk sesuai dg kenyataannya."
"5.0","Bagus juru masaknya hebat, terima kasih ya."
"3.0","kok nasinya sdh tdk dibungkus daun pisang lagi?"
"3.0","Nasinya nasi putih biasa, ngga sesuai deskripsi"
"2.0","tempe sama tahu nya klu bisa fi kasih garem biar ada rasa nya.
goreng ayam nya juga klu bisa sampe warna coklat .. 
thanks"
"3.0","yg di kirim sama foto nya beda.. di foto nasi di bungkus daun pisang.. kaya nasi liwet.. aslinya nasi putih di bungkus plastik"
"3.0","rasa sambelnya emg agak kecut2 kaya basi gitu ya?"
"2.0","nasi timbel seharunya pakai daun"
"1.0","sambel buah ga banget, kaya sambel ga fresh"
"1.0","tidak sesuai dg katalog. nasi tdk di bungkus dg daon pisang. Kemasan pun kenapa ayam goreng dan lauk pakai plastik.Rasa pun jauh dari ekspektasi"
"3.0","nasinya kerass"
"3.0","bungkus nasinya keblik jdi yg licin di blkang."
"1.0","nasinya bau kecoa dan keras"
"4.0","Nasinya terasa agak kurang matang."
"1.0","tidak sesuai dgn pesanan tertulis nasi timbel ternyata nasi biasa"
"5.0","minuman tolong sesuai aplikasi"
"1.0","sambelnya ga enak"
"5.0","Semoga Allah yang mencipta manusia memberkati semua."
"5.0","cukup enak dimakan"
"3.0","gak sesuai gambar dan keterangan , cuma dapet paha ayam, tahu, nasi putih biasa sama lalapan, sambel, gak ada yg istime"
"5.0","sambalnya kurang nampol"
"3.0","taste untuk ayam nd gorengannya kurang, untuk sambel ohk, klau bumbu lebih banyak nd dibuat meresap pasti lebih ohkkk"
"2.0","sambalnya gak enak"
"2.0","Sambalnya ketinggalan..."
"3.0","Lelenya kurang garing, ada beberapa bagian kurang mateng. Seladanya layu, item2 gitu, ngk bisa dimakan."
"4.0","tahunya hambar.. ayam bumbu kurang meresap.. yg lain ok"
"1.0","ayam gak ada rasanya.. Belum mateng sudah di angkat.."
"4.0","Lalapanya kurang seger"
"4.0","maaf. nasi nya kurang mateng."
"2.0","nasi kurang matang"
"4.0","tempenya asin,, overall enak rasanya"
"4.0","kalo ada ikan asin lebih mantap"