"ml-1","break-words"
"5.0","nasinya kurang banyak"
"4.0","ayamnya kurang enak karna bumbunya gak terasa sama sekali"
"1.0","ayam bakar nya hambar dan kurang matang"
"5.0","Enak mba,pedess🤤🤩"
"5.0","suka sama rasa ayam bakar nya..pertahankan ya ka"
"3.0","di nasinya ada rambut, tempe dan tahunya kurang matang"
"4.0","sambel kecapnya terlalu manis, gatau mau dibikin sambel kecap atau kecap doang. tempenya kurang ada rasa gurih gtu, trs sambel merahnya menurut saya kurang pedes tp untuk ayam bakarnya lembutttt bgtt suka. makasih"
"5.0","ayamnyaaa enakk bngttt
empuk"
"5.0","enak bgt sambelnya!!"
"2.0","pesennya yg ada tahu tempe.  tp pas dateng ga ada.  tolong lebih teliti lgi"
"5.0","always referensi.."
"5.0","wah enak dimakan hangat2.."
"5.0","ga pernah bosen pesan menu disini, enak, ayamnya gede gede.."
"3.0","Pesen sambel kemangi tapi malah dikasih sambel kecap"
"5.0","endulll bangeet 
enaaaaak bangettttzzzzz"
"4.0","sambal terongnya sedikit lebih asin, meski rasanya enak"
"5.0","malam ini ayam bakar lebih enak dari kemaren sllu tingkatx kualitas rasa,semangat semoga makin lancar usahax"
"5.0","pokokx enak banget ..next insta Allah order ghe....skses trus ea"
"5.0","TEH PUCUK NYA TIDAK DI BERIKAN"
"5.0","nikmat yang hakiki"
"5.0","mantap, gasken."
"5.0","Porsinya banyak bangettt. Kirain tempe 5rb itu 1, ternyata 4. Terongnya juga banyak bangettt"
"5.0","top ayam bakarnya"
"5.0","udah pasti enak deh"
"5.0","ini makanan hari hari keluarga saya...ayamnya seger banget...bumbu kecapnya berasaaaaaaaa banget...enak"
"5.0","ayam bakar nya enak banget sambel nya top"
"5.0","enak bikin nagih,"
"5.0","enaaak sukaaaa banget"
"5.0","bagus enak suka banget hahaahhaa"
"4.0","sebenernya rasa sama.. enak, cuma nasi.. nasi masaknya kurang air jadi gak enak..  next nasinya dibenahi lagi.. maaf bintang 4"
"4.0","porsi nya kurang 😝tp rasa nya enak koq"
"3.0","porsinya kurang Bapak/Ibu,Mas/Mbak.. hehe"
"2.0","kenyataan TDK sesuai dgn gambar dan hrg terlalu mahal untuk sekedar 1/8 potong ayam..dan pembeli tidak membaca note pemesan"
"3.0","ayam n nasi nya kok keras ya?"
"5.0","buat pak gofood maaf pak saya pikir gofood bisa pakai tips...tahu gt tadi saya kasih lgsg soalnya radi saya sedang diluar..maaf ya pak"
"2.0","ini sih bikan ayam bakar, lebih sperti ayam goremg yg ujungnya hangus, nasinya kurang bagus."
"5.0","pedasnnya benar2 mantabs"
"5.0","enak sabel krg byk dikit"
"5.0","mantab restonya..pertahankan"
"5.0","enak bgt ayam bakarnya bukan yg manis gt, tp lbh ke gurih sedep. recommended!!"
"1.0","asin.... banget ,semua nya...  tahu tempe kayak udah basi,maaf ya.."
"4.0","nasi rada kering sedikit, sambelnya enak"
"2.0","ayam bakarnya gosong"
"3.0","Kurang lama bakar nya"
"5.0","Porsinyaaaa jumboooo....
Rasanya tambahin sedikit gurihnya ya saayyyy... Mantuuullll..."
"4.0","nasi goreng minta tidak pedas kok pedas ya anak saya tdk bisa makan"
"3.0","pesen 4 mcm yg dtng cm 3 mcm"