"ml-1","break-words"
"3.0","peyek ga dateng"
"1.0","pesan kelapa 2 hanya di kasih 1"
"1.0","bakso ny agak bau"
"4.0","kerupuk nya sudah lama/basi"
"5.0","Mantuuulll…bakal langganan nih…"
"3.0","peyek saya udh order udh di bayar tapi ga di masukin, trs bakso nya dalemnya msh mentah, maaf ya bintang nya segituu"
"1.0","pesen es kelapa jeruk 4 porsi, yg diterima hanya es kelapa saja tanpa dikasih jeruk 👎"
"4.0","rasa kuahnya kurang asin dan gurih. baksonya mantapppp pollllllllll. sama kurang gajih"
"3.0","pesen banyak malah kuantitas berkurang 👎
berkurang 1/3 dari yg biasanya, sepertinya jeruknya juga dikurangi karena airnya tidak kuning .... tidak seperti biasanya"
"5.0","kelapa ijo nya kecil"
"3.0","massa di es kelapa nya ada semut 
sih ya walaupun semut juga harus di jaga kebersihan pesanan pelanggan trima ksh"
"4.0","dimenu tertulis pakai mie..pas dtg ga pakai mie"