"ml-1","break-words"
"5.0","Cpt bgt pick UP nya. Pedagang ramah. Kirain toko ternyata warung nya drmh. Sukses y mas"
"2.0","saya pesan yg Mozarella,tp gak di kasih Mozarella nya.. tahunya jg gak ada cuma tempe doang. lain x diperhatikan pesanan customer.thx"
"1.0","gak ada rasanya...ambyarrrr"
"2.0","Ayam bakar nya maaf aja gak enak.. Bumbunya gak meresap kedalam dagingnya.. Dagingnya pas digigit basah mungkin abis di rebus trus langsung dibakar jadi berasa air aja gitu"
"3.0","kubis gorengnya rawan kanker"
"1.0","pesanan tidak di antar"
"4.0","Terlalu berminyak, lauk dan sambelnya. tolong dikurangi."
"2.0","20rb belom pkek nasi 😭"
"1.0","Rasanya lumayan tp Ayam nya seperti terlihat sedikit dagingnya lebih banyak temping nya. Kol goreng nya gosoong :("
"2.0","kol gosong.. cabe nya kaya cabe bubuk"
"3.0","Rasanya kurang..kurang gurih kurang asin.."
"2.0","too long preparation, side dish overcooked all black, the rice is not well-cooked"
"3.0","The taste not so yummy"
"1.0","Hambar, ga enak  akhirnya dibuang. Sayang, pdhal cukup mahal"
"2.0","rasanya kurang enak"
"1.0","ayam geprek ga ada dagingnya, tulang doang. beneran tulang,, Krn kulitnya pun ga ada. tulang pake cabe."
"2.0","tidak ada rasa..apa lupa tambahin garam.tawar"
"1.0","tepe nya gosok,ayam nya kulit doang,dagingnya ga ada"