"ml-1","break-words"
"5.0","packing sangat bagus dan makanannya sangat enak , kebersihan packingnya juga terjaga dan pengiriman cepat"
"1.0","ga ada saus keju"
"4.0","Kurang pas saucenya"
"3.0","saos coklat kaya uda basi..bau asam ragi gt..ga kaya biasanya. Tahu nya pun kulit nya tipis banget ampir ga kliatan kulit tepung nya"
"4.0","can't taste the salted egg sauce. maybe you need to upsize the sauce... :)"
"3.0","salted egg taste ""basi"""
"5.0","Delicious👍🏻👍🏻👍🏻"
"4.0","dalem isi tahu nya dingin kaya abis dari kulkas"
"2.0","driver nunggu terlalu lama"
"3.0","Terlalu gurih dan msg"