"ml-1","break-words"
"5.0","makasih chef menu favorit ...selalu enakkk☺️"
"5.0","Perdana pesan, rasa cocok enak. sayang nya nasi nya kebanyakan walo minta dikurangi. Next pesan lagi, moga rasa tetap enak dan cocok. terimakasih chef."
"5.0","Nasi goreng dendengnya unik. Tapi mie goreng nyemek menurut saya yang tidak kuat pedas, sangat pedas. Seingat saya pesan pedasnya original saja."
"5.0","mantaabbb. tinggal diasinin dikit lagi dan ditambah manis nya maknyusss"
"5.0","mantabbbb.
simply the best nasgor with the relatively affordable price.
thank you."
"2.0","dendengnya gosong bgt 😭😭 nasinya enak padahal tp dendengnya ga berasa apa apa"
"5.0","enak dilidah saya lah pokoknya..."
"3.0","so so nothing else to say,"
"3.0","Soal rasa menurut saya Enak, tapi entah kenapa daging nya Masih alot ya.
andaikan empuk pasti lebih nyaman di mulut 😊"
"3.0","untuk porsi 28 k sih lumayan kecil ya, potongan daging dendengnya biasa, untuk rasa...lumayan"
"1.0","saya pesan telur dadar, tp pas dibuka gk ada telurnya?!!?!"
"1.0","Telor ceploknya mannnaaa woiii, lumayan 7500"
"1.0","pesanan salah. pesen nasgor dendeng cola + dendeng lemak, datengnya nasgor dendeng biasa + telor. Nasinya hambar kurang garam, telornya gosong. ada sedikit rasa pahit di nasinya mungkin karena gosong"
"3.0","lemak nya terlalu kering, gaada aroma lemak, nasgor kurang gurih"
"4.0","Sepertinya ada penurunan kualitas pada rasa"
"3.0","A bit too dry..."
"5.0","pas....................."
"4.0","kombinasi abonnya bikin agak zonk karena jadi terlalu manis"
"5.0","Kaya rempah enak gurih bumbu, dendeng lemak mantap, porsi banyak, beras perah enak banget buat nasgor"
"5.0","Mantap porsi banyak rasa kaya rempah dahsyat"
"3.0","Nasinya pera dan terlalu kering"
"4.0","untuk yg suka nasi goreng asin mungkin oke tapi kalo saya kurang suka lebih suka nasi goreng yg manis"
"5.0","maknyus bener rasanya"
"5.0","kapan kapan akan order lagi"
"1.0","Udah bayar extra telur dadar, pas sampe cuma nasgor tok! Uang saya kebuang percuma"
"3.0","terlalu berminyak, kurang pas di saya"
"5.0","thanks cheff, mantul.."
"4.0","Enakk, agak keasinan, cuma pricey yaa"
"5.0","yah lumayan enak, tapi isin dendengnya kurang banyak"
"1.0","Gimana ceritanya gw pesan nasi goreng dendeng lemak malah dendeng lemaknya g ada? Mending gausah diterima orderan gw."
"4.0","Resepnya udah asli tp too salty for my taste."
"5.0","enak, berbumbu, ngga terlalu berminyak, pedas original nya pas ga terlalu pedas buat saya yg ga suka pedas, porsi pas tapi kalo harga kalah dari nasgor abang2 *peace*"
"4.0","Terlalu asin, kurang cocok dengan selera saya"
"3.0","Nasgornya terlalu manis dan dendengnya kecil2 dan sedikit"
"5.0","delicious and great"
"5.0","Selalu enak. Tetap jaga kualitas"
"5.0","always great and delicious"
"5.0","Enak as always!"
"5.0","maknyoosss bosquuu"
"5.0","Ini enaaaaak banget! 👍🏼"