"ml-1","break-words"
"3.0","Porsinya Lumayan banyak, sayang sekali Rasanya kurang mohon di tingkatkan lagi Kualitas Rasanya ya......"
"5.0","enak banget rasanya"
"5.0","Rasa dan porsi Terbaik"
"3.0","Napa makin kesini porsinya berkurang yaaaaa?"
"1.0","mie nya dalam kata kurang enak dan kwitiaw nya kategori yang ga enak samsek kebanyakan kol harga 35k berasa beli harga yg 15k lebih mending beli yg 15k deh daripada ini. Mana ada kwitiaw seafood dan mie Surabaya seafood, mana ada seafood nya udangnya juga ga fresh cumi nya apalagi. ga banget deh pokoknya...."
"4.0","rasanya kurang pas agak sedikit asin"
"3.0","Kurang lengkap seafood dan rasanya sangat asin. ( sangat tidak cocok untuk penyakit darah tinggi dan kebersihan kurang .mhn agar di tingkatkan Kualitasnya.tks"
"5.0","Depot Mie Surabaya Juaranya"
"3.0","Pesan tanpa sayur malah dibuatkan dengan sayur banyak selali"
"5.0","manteeep, biasaamakan ditempat ini langganan pakde 👍👍👍👍👍"
"5.0","Rasanya pas dilidah"
"2.0","rasanya kecap doang😞🙏"
"5.0","terlalu asin dan gak ada sambal atau acar cabenya"
"5.0","porsi nya beda jauh sm mie surabaya ibu ayu pisangan baru gg. skip"
"3.0","topping ayamnya/ati ampela dan bakso potongannya kekecilan.."
"5.0","enakk, porsinya banyakk"
"1.0","Capcaynya kok amis ya. Jd mual gak selera makan."
"5.0","Langganan banget disini opsi tepat kalau laper pengen makan banyak tapi murah dan enak"
"5.0","muraahhh bangeeettttttttttt"
"5.0","porsinya mantap rasanya mantul beud"
"5.0","porsinya mantap rasanya mantul"
"5.0","Rasanya Mantul beud..."
"4.0","kurang asin sedikit sama kurang pedes .."
"3.0","capcay nya asin banget trus isinya sawi doang 😥"
"3.0","porsi tidak sesuai deskripsi dan porsi mie surabaya grup pada umumnya. rasanya juga kurang manis, beda seperti biasanya."
"1.0","kurang lengkap tidak ada kerupuk saus dan sedikit porsinya"
"5.0","rasanya mantap dan drivernya sangat sopan."