"ml-1","break-words"
"4.0","rasany enak.. trimksh"
"4.0","terlalu kering, but masih cukup enak"
"1.0","udah sering beli tapi kecewa sekarang bakso dan isian pangsit nya jadi ngeres, tidak lembut lagi. udah gitu dumpling jadi cuma 2. kalau pembelian berikutnya masih kaya gini, fix ga mau beli lagi."
"3.0","rasanya jadi beda ): dulu enak banget + daging pangsitnya gaada tulang ikannya skrg ada ): aku sedih"
"5.0","enak yang goreng"
"5.0","Baru nyobain sekali dan gk nyesel ternyata rasanya enak banget, pasti bakal jadi langganan kalo lagi kepengen pangsit goreng sih 😁😁"
"5.0","Pertama kali beli disini, beli pangsit goreng dan dumpling kuah dua-duanya manteppp!! (bakal jd langganan kalo bm pangsit lagi) hehe. Disini pangsitnya enakkk, biasanya di yang lain suka kerasa asem ini ga sama sekali, bumbu nya pas. Kuah dumpling juga the best!😭 Terus disini pake ciwis bukan sawi, ternyata lebih oke karena biasanya kalo pake sawi suka kerasa agak pait. Mungkin masukan aja di pangsit gorengnya ditambahin toge hehe. Dan bisa sekalian jualan minumannya biar bisa sekalian order makanan & minuman jadi ga order di 2 tempat. Thank you!!~"
"1.0","jualannya yg amanah, udh mahal gak sesuai gambar, rasa gak ada . hilang selera"
"5.0","Enaaakkk bangeettt gurih jugaa yang pangsit rebusnya... Kalau pangsit gorengnya kyknya kurang saos tiram+gula sikit... over all enak..."
"5.0","Enak sekali... rasanya enak gurih, bahan2nya fresh..."
"5.0","enak banget gak bosan selalu pesan"
"5.0","Baru pertama kali beli karna pengen pangsit goreng , rasa nya enak kok , okee lah"
"5.0","rasanya muantulll top markotop"
"5.0","blm pernah kecewa beli pangsit di sini. rasanya enak, porsinya pas, kuah dan sayurnya seger. semoga selalu konsisten kualitasnya dan harganya ga makin mahal."
"2.0","saya pesan dumpling kuah & pangsit kuah spesial tapi yang datang dumpling kuah & pangsit goreng"
"4.0","kurang porsinya..."
"2.0","mohon maaf pesenan tidak sesuai dengan deskripsi yang diinginakan.. saya minta tidak pedas sama sekali, tapii pas di buka semua pedas. terima kasih."
"5.0","sesuai pesanan .trimakasih"
"5.0","saran untuk pangsit gulung ori ditambahkan saus asam manis untuk pelengkapnya, terima kasih"
"5.0","selalu enaaakk..👍"
"3.0","sayuran nya dikit sekali tidak seperti di foto. untuk pangsit rasanya lumayan 8/10"
"4.0","porsinya kurng hehehehe"
"4.0","saran aja si udah enak bgtt klo di tambah touge pasti lebih enak hahaha"
"5.0","pangsit gorengnya enak banget. pasti bikin ngangenin kalau aku udh balik surabaya."
"5.0","enak bgt ini sihhhh.. bumbunya tuh hbs makan ga ninggalin bekas..pedessnya nampoll.. suka banget. dah 3x order berturut2"
"5.0","Enak banget, kirain dimana taunya deket banget sama rumah mertua"
"3.0","bingung, baru pertama makan pangsit nya kok kering bgt, ga kaya pangsit2 lain, udah gt kaya sawi nya cmn dicemplungin 3 biji aja.
tolong lebih diperbaiki penyajiannya"
"5.0","enak banget dan cocok banget buat sarapan... beneran ini menu terenak dan murah"
"4.0","isinya gak sesuai bukan ayam malah otak², rasanya hambarr, tapii sesuai sama request, porsi lumayan puas lahh.. next isinya ayam yaa jgn otak².. suksess ☺"
"3.0","gak sama seperti di menu,
pangsit kata nya isi ayam cincang,
kok malah isi nya bakso,"
"4.0","Rasa Enak. Tapi porsi kuran banyak 🙈"
"5.0","Enak tapi itu daun apasih kalo boleh tau"
"3.0","pangsit nya enak .tapi kalo bisa pedes nya jangan di campur sama cabe bubuk..rasa nya jadi ok nya. berkurang..untu steek nya enak seperti fishroll...terimakasih untuk makannya."
"4.0","Kantong plastik mohon di ikat dgn kabel strap"
"1.0","dikit cuman dpet 5 pangsit"
"5.0","pangsit goreng yang enaaaaakkk bangeettt"
"5.0","kurang banyak porsinya 🤭"
"1.0","porsi sedikit, tdk sesuai gambar makanan yg dtg, rasa hambar"
"4.0","kaget pas liat isi dlm bungkusan nyaa, ga sesuai dg gambar.. tapi rasa boleh lahh.."
"3.0","tidak mirip di gambar"
"5.0","di tambah sebusan toge pasti tambah makyos... """
"1.0","Gak sesuai gambar dan rasanya asin bgt"
"3.0","pangsitnya asin"
"3.0","Terlalu asin dan ada rambut di dlm pangsit"
"1.0","gak mateng asin bangt lagi"