"ml-1","break-words"
"3.0","pesen lumpia Frozen dikasih goreng smua,tau gitu yg pesen 1 goreng ga usah pesen.maksudnya beli Frozen bs dimakan tar tar lagi hmmm"
"3.0","order opor ayam 2 paha dikasih sayap dan ceker 😔"
"1.0","Baru kali ini ketemu orang jualan “GOBLOKE RAK KARUAN” Anda gak layak dapat bintang.. walaupun cuma satu bintang.. gak lilo aku. Telur asinmu sdh busuk !!! Tetep kamu jual, Iwak mangutmu gak ada rasanya malah sudah ileren (berlendir),.. opor ayammu juga bau !!! Intinya kalau aku ketemu kamu dijalan pingin tak jotosi raimu.. ￼ojo ngaku semarang yen nggapleki koyo kowe"
"5.0","rasanya mantap sekali"
"3.0","ayam nya alot,, ayam nya dingin,, masih banyak darah di dalam daging,, tolong donk di perhatiin lagi cara masak dan kebersihan nya"
"3.0","nasi goreng ati ampela ny pahit bgt apakah it udj d bersihkan atw d cuci bersih"
"4.0","Makanannya lumayan enak, porsinya banyak, lengkap bersama kerupuk dan juga cepat pengemasannya"
"4.0","Pesanan kali ini lumpianya fresh, tapi acarnya disemutin....mohon tolong diperhatikan diperbaiki yaa kebersihannya supaya tetap terjaga kualitasnya 🙏"
"1.0","ketupatnya sangat bau ,kalau dagang jangan keterlaluan ketupat sudah sangat bau seperti bangkai ayam masih dikasih ke customer !"
"5.0","Awalnya sempat ragu pesan karena baca bbrp komentar pembeli yg merasa kurang puas utk pesanannya. Tp Alhamdulillah pesanan saya sesuai dgn catatan, fresh dan masih anget banget...acar dan bumbunya jg banyak. Meski agak lama pengirimannya, nggak masalah karena artinya pesanan lumpia dan tahu petisnya dibuat fresh semua. Thank youuu sgt tuk bapak/ibu penjualnya. Next time akan pesan lagi ☺️🙏"
"3.0","kalo gaada sawi jangan pake daun bawang mas, gapapa kalo ga pake sayuran trs tahunya bau, semoga diperbaiki lagi ya"
"1.0","nasi gorengnya lengket dan lembek seperti nasi sudah tidak layak masak"
"3.0","Budayakan baca pesanan, tertulis jelas sekali froozen, tp dptnya sdh digoreng"
"3.0","lumpiya kemarin digoreng lagi. Sudah nggak fresh dan gosong."
"1.0","merugikan pembeli, main ganti aja tanpa kasih tau ke pembeli, mana harganya kurang dari sebenarnya, cari untung jangan merugikan pembeli, harusnya harga bayar pembeli dikurangi, ini tidak dikurangi, sangat merugikan!!!"
"5.0","pertahankan rasa masakan nya biar tetap bisa jadi langganan"
"1.0","ini ga ada telornya.. gimana sih .."
"2.0","Nasi nya di semutin!"
"5.0","mantab nasgor babatnya, cita rasa semarangan"
"2.0","Baru hari ini ada jus alpukat rasanya pedes di tenggorokan."
"2.0","Rasa biasa aja. Pesen 2 porsi asem2 daging, dikirimnya 1 porsi asem2 & 1 porsi gule (tanpa konfirmasi). Daging nya semua uaalott banget, akhirnya hampir semuanya ga kemakan..😔"
"1.0","Daging dan ampela keras. Seperti ngunyah sendal jepit."
"1.0","asem ga fresh, ga kemakan, dibuang"
"5.0","Tahu Petisnya the best"
"5.0","mantaaaap betuuul"
"5.0","Tahu petisnya enak banget dan masih hangat…bakal jadi langanan nih…"
"3.0","pastel hambar, kulitnya agak keras"
"5.0","saya kasi bintang 5 biar g ngrusak ratting. 
makanannya aneh. ini mah bukan rawon. 
gambarnya rawon tp yg dtg bukan rawon. entah rawon versi apa itu. udh gtu rasanya manis doang. 
sosis solonya juga no banget. 
first and last beli di resto ini."
"5.0","Rasa enak dan porsi banyak juga (masih bisa untuk 2 orang)."
"5.0","Rasanya enak2. Tapiii kmrn pesen telor pindang yg datang telor dadar. Tumben salah dan ga info sblmnya."
"2.0","Pesan bakso mercon 2 porsi, tp kayaknya karena habis diganti pangsit goreng tanpa konfirmasi dulu.."
"5.0","mangutnya oke, babat gongso nya juga"
"5.0","Selalu puas beli disini....enak2...."
"5.0","porsi rawon, asem2 buncis, gongso ati dan dagingnya besar sekali utk harga segitu. kadung beli 2 porsi, bisa utk makan 4 orang siang dan malam.
rasa lumayan."
"3.0","Bakso tahunya perlu ditingkatkan. Rasa daging baksonya tidak ada sama sekali."
"2.0","gunakanlah bahan2 yg berkualitas biar tidak mubazir terbuang percuma."
"4.0","blm dicoba Krn puasa kyny enak"
"3.0","Nasi goreng babat iso : nasinya banyak, ngenyangin, tp babatnya sdkit & potongannya kecil2, iso nya cuma 3 iris keci aja.Malah di ksh ati ayam yg gk sesuai dgn judul menunya.
Ati ampela gongsonya lumayan.
Pangsit gorengnya sangat mengecewakan.Ini mah bukan pangsit, tp lbh mirip tekwan ukuran sedang yg di rebus.Ganti aja nama menunya : tekwan goreng.
Yg paling mengesalkan sy pesan emping yg dtg kerupuk udang 1 lembar.Plis bedain kelasnya, masa iya emping yg enak dan mahall di sejajarkan sm kerupuk udang.
Finally : no recommended!"
"1.0","kurang cermat dalam melihat riqwes pembeli dan pangsit yg saia pesan msh mentah rasanya hambar begitupun rawonya 🤦🤦 lain kali di teliti lagi riqwesan pembeli"
"5.0","nasi gorengnya mantap"
"5.0","sesuai pesanan MANTUL
yess yess yess"
"5.0","suka bgt babat gongsonya, eanaaaak.."
"4.0","porsinya kecil. rawon sedikit daging banyak kuah. rasa cukup. Semoga bisa ditingkatkan untuk porsi dan daging yang lebih empuk untuk dimakan. terimakasih."
"3.0","tolong kalo makanan sdh tidak layak dimakan, jangan dijual lg.
tahu bacemnya rasa tengik
saya pesan 3 telor muda
yang saya terima hanya 2 tusuk
yang 1 nya telur puyuh
kalo tinggal 2, ya yang 1 nya batal saja
saya pilih telur muda krn memang butuh. gak butuh telur puyuh"
"4.0","mie bihunnya kurang cocok keras sm porsinya toge harusnya sama...tadi sama sekali toge cuma bisa dihitung... maaf...🙏"
"1.0","Telur pindangnya asem gak fresh, jus alpukatnya bau, pait, aneh rasanya gak karuan, gulai sapinya rasanya aneh dagingnya juga alot banget."
"1.0","saya pesan ketan yg dtang kue bolu sm getuk, seharusnya konfirmsi lewat abang gojeknya yg ambil.. mohon diperbaiki"
"3.0","Babatnya bau pas di makan 😭 jadi enek, ayam bakar lumayan. Coba diilangin dulu baunya sebelum dimasak"
"4.0","sy pesan gembus 2 & bakwan 3, tp yg datang gembus 5? bakwannya kemana yaa? sy jd bingung, tdnya sy mo ksh bintang 5 lohh, tp krna pesanan sy tdk lengkap jd sorry banget yaa bintangnya sy kurangi 🙏🏻"
"5.0","asem2 nya asem seger og...babat gongsonya manis pedes juga .. kangen jajanan semarangan terobati ndaa...maturnuwun"
"4.0","yg ceker pedasnya lumayan enak..tp yg tongseng sapinya gak enak rasanya aneh.. bnyk bumbu tp gak masuk rasanya..soalnya sy kuliner dan pcinta tongseng..br ini rasa tongseng agak aneh.."
"3.0","kuahnya kurang berasa kaldu ato bumbu.. tipis skali rasanya.. hanya kebantu rasa bawang putih goreng"
"5.0","mangut nya enak."
"5.0","gudeg nya masih kurang empuk, padahal bumbunya enak"
"4.0","asem ny kurang ... kurang lekok"
"2.0","rasanya jauh dari standar mangut semarang"
"3.0","Rawon kurang rasa, daging sedikit. Mie asin dan terlalu benyek dan minyak. Semoga bs improve rasa ya"
"3.0","minta tahu tempe bacem 1 tahu 1, dikasihnya 2 tahu (ga ada tempe). itu yg mengecewakan"
"1.0","tulang semua kepalanya..."
"2.0","Maaf tapi Jus buah segar nya seperti dari buah tidak segar. Rasanya tidak segar dan aneh."
"2.0","kebanyakan usus"
"5.0","Mantab banget!!! Rekomend buat yang kangen pulkam. Sudah coba nasgor babat, mangut, soto, rawon, babat gongso. Aslik!!!"
"5.0","Uenak, sueger, muraaah"
"5.0","kuahnya seger banget"
"5.0","Kalo bisa packagingnya jangan pake styrofoam."
"4.0","isinya sotonya mi doang, ayamnya dikiiitt bgt"
"4.0","terlalu kental untuk ukuran rawon. atau mungkin semarangan memang demikian?"
"1.0","gimana mau makan gojeknya salah naruh alamat.ga bisa dihubungi gojeknya"
"3.0","Saya pesan gudeg krecek telor tp g ada telornya"
"2.0","rasa berubah banyak sejak terakhir beli,sayang sekali tdk konsisten"
"4.0","bumbu kuahnya anyep, kurang sedep"
"3.0","bau, biasanya bau ga menyengat gitu"
"3.0","Sotonya ok. Tetapi lumpianya kurang enak asin banget rebung nya tdk terasa .. rebon nya yg menonjol"
"1.0","maaf pesenan saya ko kuahnya tumpah ke plastik"
"5.0","i enjoyed every bite"
"4.0","Gongsonya enak..serba pedas..sampe pesan nasi goreng tidak pedaspun dibikinin pedas..semoga lebih baik lagi & lebih ramah anak (diperbanyak pilihan menu tidak pedas)..goodluck.."
"1.0","rasanya : AMAT SANGAT TIDAK ENAK !!!"
"5.0","Lumayanlah buat seger2..."
"2.0","sotonya hambar kurang enak, pesen nasi goreng babat sisa minyak banyak banget jd takut mau makannya...overall cukup sekali nyobain"
"4.0","Makanan khas semarang bgt, tp proses masaknya cukup lama."
"1.0","kuah hambar, sepertinya lupa dikasi garam dll."
"3.0","gulai sapi nya anehhh rasa nya... gulai koq bening"
"1.0","Saya pesan soto ayam kampung, tp isinya cuma nasi & kuah"
"1.0","emping , TIDAK BISA D MAKAN KERAS D JUAL , SAMBAL BASI  , NASI PUTIH  PYUR   nasinya jelek ,, BENER2  ASAL JUAL TDK MLIHAT   BS D MKAN TDK , klas nya yg beli kuli ,,tdk bs d beli mengah dikit , tahu Asam ,.blac list ."
"1.0","telor pindangnya asem dan bau"
"4.0","cuma mau saran aja kalau beli gudeg taro disterofoam tumpah2 terus apalgi kuahnya yg ada jd bececeran kena lauk2 lain. mending kecampur diplastik aja gudeg kreceknya deh tp ga tumpah2 kuahnya."
"1.0","tahu nya basiii"
"4.0","my avocado juice was bitter so much"
"1.0","soto ayam kok tidak ada ayamya?!"
"5.0","kalau bisa ditambah nasi putih😁"
"2.0","ayamnya klewat dikit"
"4.0","Kuahnya kebanyakan air jadi hambar ga terasa bumbu"
"3.0","buat saya yg gak suka gurih dan garam.ini cocok"
"2.0","ini soto ayam atau soto bihun? ayamnya ga keliatan... banyakan bihun nyaaa dan kuah nyaaa. aaargh ga puas."
"1.0","saya beli jus alpukat warna nya hitam dan pahit.. sangat kecewa"
"3.0","mungkin porsi ayamnya bisa dibanyakin, ini saya seperti makan bihun doang, suwiran ayamnya terlalu kecil dan sedikit."
"3.0","sotonya enak. hanya risolnya gak fresh spt mau basi lalu telur di dalam pastel juga bukan telur rebus melainkan telurnya gudeg yg coklat dan keras."
"3.0","ayamnya terlalu sedikit mungkin harga perlu dinaikin biar ayamnya lebih banyak"
"5.0","yg penting kebersihan nya pasti langganan dech🙏"
"4.0","Suwiran ayamnya alus banget sampe ga keliatan. Kuahnya kebanyakan. Kurang asin sedikit."
"4.0","agak kurang asin"
"2.0","kuahnya bnyak bget, rasa kurang, ayamnya gakda😭"
"1.0","Soto ayam, tp ga ada ayam nya"
"1.0","isi nya cuma bihun dan toge aja sama jauh nggak ada daging ayamnya"
"2.0","mana ayam kampung nya? kebanyakan soun sm airnya aja.. gmn sih? suwiran ayam kampung apa cuma remahan.. gak kliatan daging ayam nya dmn"