"ml-1","break-words"
"2.0","siomay rasa tepung.. seperti basi.. tidak seperti pesanan2 saya sebelumnya 
saucenya minta 2 macam.. hanya dikasih 1 macam"
"4.0","More sauce will be better"
"1.0","Sambel kacang nya off banget rasanya. Siomay nya kebanyakan micin nya. Mutu nya sudah menurun..."
"4.0","siomaynya terlalu lembek"
"1.0","kasih pesan minta sendok garpu tp tidak di kasih. minta di potong potong dan campur bumbu tp tidak di lakukan..  ada siomai yg bau sdh basi"
"4.0","bumbunya enak. somaynya kebanyakan aci."
"3.0","Kayanya kebanyakan aci. Kenyal jadinya."
"4.0","Kasih sendok/garpu plisssss.... insya Allah ga bikin rugi kok. Asli kerepotan banget kalo makan di luar ga ada itunya."
"3.0","not complete item siomay not so nice"