"ml-1","break-words"
"2.0","pesanan tidak sesuai, mengecewakan sudah menunggu lama"
"5.0","enak makanannya jg masih sambel ok ada rasanya ga cuma pedes doang👍🏽"
"2.0","Order salah, pesanya paket indomi, dikasinya paket nasi"
"1.0","Pesan nya mie sama nasi tapi yang datang mie semua, sama pesan 2 es teh manis tapi yang datang es teh tawar semua. Lain kali di perhatikan lagi pesanan nya sesuai aplikasi kok."
"1.0","Nasi basi lembek , ayam nya itu yg baru dihangatkan , teh manis ga manis , tahu geprek gada sambal"
"2.0","2 kali pembelian NOTE selalu TIDAK di perhatikan sambal pisah tapi yang dtg selalu saja SALAH... pdhl buat note juga dgn kata yang sopan"
"3.0","Minta tambahan bawang yg ditambah cabenya. Pesen kol goreng yg dateng tempe😭😭"
"4.0","kurang banyak :)"
"5.0","terima kasih"
"4.0","ayamnya enak,, porsi pass.. tp sambalnya gk dikasih daun jerukk... pasti lebih enak.. dan gda lalapan.. tp ttep ok lh"
"2.0","mienya cuma setengah. porsi terong sedikit. telornya tidak sesuai request. jamurnya terlalu banyak minyak"
"1.0","Pesanan Kurang teliti"
"1.0","Ayam ny kaya basi gaenk nasi ny kerass jamur ny alott tahu basah sambel ny paitt ga recomen bngt"
"2.0","sambalnya gak ada"
"1.0","udh mah pesanannya lma nyampe abang gojeknya kesel nungguin lama bgt ,ngga di kasih sambel ,pesenan ayamnya ga sesuai ,tolong dong kalo layanin yang beli tuh lebih teliti lagi masa saya makan ayamnya doang ga ada sambelnya !"
"2.0","pesanan kurang 1 ayam. 
Yang paket ayam krispy & ayam pedas hanya dikirim 1 bh. yg ayam pedas"
"3.0","pesanan tdk sesuai rekues. minta level 0, tdk pakai cabe dan paha atas, malah dikasih pedes dan dada. gak bs saya makan krn saya tdk suka pedes. tlg baca order dg lbh baik"
"5.0","ok dan ok deh, ya ok gitu"
"1.0","kurang menu tahu geprek, ayam spicy bukan paha atas.. jadi selera mkn berkurang"
"2.0","level nya tidak tertera
tepung ayamnya sedikit keras"
"3.0","Nasinya keras, sambelnya udh gaenak sorry"
"3.0","Cabe nya dikit bgt. Tp rasa oke lah"