"ml-1","break-words"
"1.0","harganya tambah mahal, rasanya makin ga jelas"
"5.0","nyo baro mie aceh samudra"
"5.0","ini baru mie Aceh samudra yg seperti dulu
semenjak koki baru rasanya sangat nagih
dan kemasan nya pun sudah pakai sterofom"
"4.0","untuk rasa ok cuman untuk kemasan sedapatnya mengunakan Styrofoam dan disertai alatmakan"
"5.0","chef nya ramah dan baik"
"3.0","porsinya banyak banget tapi rasanya kurang dari segi bumbu"
"2.0","Martabak telor kecil banget. Kaya telor dadar biasa dikasih acar"
"2.0","kurang sisening ~ hambar"
"4.0","maaf sya jujur untuk mngoreksi rasa dri restoran agar lbih berkmbng lgi..
rasanya kurang warna terlalu pucat..
 mgkin bumbu mie acehnya terlalu sedikit"
"2.0","rasaya hambar sama sekali gak ada rasa garam atau apapun"
"5.0","dari bumbu nya udah khas Aceh. 
selanjutnya biar bintang yg berbicara. 
terimakasih."
"4.0","tidak standar,tempo hari rasanya enak bgt porsi besar,pesanan hr ini rasa kurang,teh tarik rasanya juga aneh"
"3.0","Kirain martabak yg di kotak taunya digulung."
"5.0","di tampilan menu mie goreng basahnya ada topping kacang, tp pas menu nya datang ga ada kacangnya.. martabak telornya lebih mirip omelette atau telor dadar sih... porsi cukup puas lah..."
"2.0","saya pesan es teh tarik dateng nya gak ada es nya sama sekali malah hangat dan tumpah minuman nya, gak di kasih sendok pula"
"4.0","sudah pas dr segi rempah. namun menurut lidah saya kurang asin sedikit sehingga inilah kenapa orang2 bilang rasanya hambar.  untuk porsi cukup banyak yaaa orang biasa kudu saya bagi 2 wkwkkw soalnya lg gak laper2 bgt."
"5.0","hebat dj chef nya baik hati enak bangettt puas deh malasih bnyk Chef nya bkn hanya rasa porsi cukup buat 3 orang good lah bisa bagi bersama keluarga slama masih Pandemi agar lebih romantis"
"1.0","rasa ga enak sumpah mending lu tutup
waktu itu mesen es teh tarik rasanya pahit,kaga ada es nya..."
"1.0","rasa hambar,jadi ga kemakan"
"1.0","sama sekali ga enak, tawar, abis gitu ga di kasih kuah kuah buat penguat rasa"
"4.0","nasgor enak...
mi nyaa nih kek ada kurang passss gtuuuuu apaa yaa, pokoke moga lbihbbaik yo"
"3.0","Agak hambar rasanya"
"4.0","1. rasanya berubah.. coba deh dikoreksi rasa lagii hihi 2. kemasan gurih sm manis lain kali di pisah yaa. tengkyuu"
"2.0","porsinya dikit, rasa kurang, harga agak mahal"
"3.0","porsi mie kebyakan jd ga berasa bumbu aceh khas nya.maaf ya tolong tingkatkan lagi citarasanya.mks"
"4.0","bumbu nya di sesuaikan dgn porsi biar rasa lebih mantab, ini bumbu kurang testi rasa asinnya kurang sedikit lagi"
"5.0","mantapp sih ga pesen mie yg grg tp dptt huhuuu....
rasa mah bbajaa tp porssi kuliii bett"
"1.0","rasanya sma sekali tidak enak"
"3.0","canenya keras. mie kuahnya lumayan."
"5.0","enak mie acehnya euy 🤗 yang penasaran ayo pesen aja."
"1.0","Mie nya pedes bgt ga enak! MAHAL DOANG TAPI KUALITAS RASA PAYAH"
"5.0","mashallah manteb bgt mie acehnya mantul....murah banget dpt hrga promo 9500 per porsi kenyang buangetttt porsinya banyak...berkah ya mie aceh samudra passe moga makin laris dagangannya🥰🥰"
"4.0","ya biasa aja, jd ya lumanyun"
"3.0","minta menu kuah tapi dikiiiiit bgt kuahnya kecewa :("
"3.0","Gda telor dadar nya"
"1.0","rasa kecewaaaaaaaaaa sekali ... gak ada rasanya roti caknainya keras kaya batu kali. teh tariknya bau sekali. tolong gojek kalau sudah rating jelek tutup aja tokonya."
"1.0","ga ada rasanya cuma pedes doang"
"4.0","maaf bumbunya tdk terasa, mhn dibenahi ya agar jualannya sukses aamiin"
"5.0","langganan, enak bangetttt"
"1.0","tidak sesuai ekspektasi:)
jus nya tidak manis sama sekali.
pelanggan kecewa"
"5.0","klo mw TLP orgnya lgi bagaimana ya"
"5.0","Manggat that that bang"
"3.0","tidak sesuai gambar ada kacangnya dan acar nya sedilit sekali"
"2.0","Dagingnya dikit bgt, ga sesuai harga"
"1.0","kalau jualan yg sesuai jangan bohongi pembeli"
"1.0","kerupuk ga ada 
kuah kering mie doang sajian apa ini..kapok"
"1.0","Bad and not worth the money and it’s small potion even not make baby full"
"1.0","paraah bgt rasanyaaaaa, pedes doang. beli mie aceh goreng daging, dagingnya cuma 2 biji segede kuku. beli martabak telor yang dateng telor dadar isi cabe, harganya 20rb tapi telornya juga cuma 1 butir kayanya. parah bgt pedagang kaya gini, mentang2 jualanya ga tatap2an sama pembeli, jangan kaya gitu juga doooong. kecewaa bgtbgt"
"1.0","saya beli yang mie aceh istimewa tapi ga ada istimewa nya uda cuma 1 daging ga ada,cumi ga ada ....walaupun promo harusnya tetap dong isinya sesuai dengan yg penjual cantumkan,rasa kurang ,martabak nya juga aduhhhh itu mah bukan martabak tapi telur dadar,timun juga 1 iris ckckckckck...kata nya paling laku menu yg saya beli,itu yg paling laku customer lain rasain nya gimana yaaaaa...???"
"1.0","Pesen Nasi goreng, Mie goreng, Mie Kusah.
Porsinya sedikit, rasanya ga enak, nasinya ambyar.
Sangat buruk, super kecewa.
Klo niat jualan tolong diperbaiki, parah.
mubazir ga kemakan."
"3.0","Gak ada kerupuknya dan Es Teh Tariknya gak ada rasanya."
"2.0","Saya order mie aceh daging tapi isinya ga ada daging. Terima kasih"
"5.0","Siip untuk msk nya"
"1.0","Berbeda dari gambar, rasa hambar, pokonya tidak sesuai"
"5.0","sesuai ekspektasi dan harga"
"1.0","luar biasa asinnya...😪😪😪😪tolong di rasa lagi ya...sebelum dikiirm.."
"1.0","nasi goreng seafood ga ada rasa nya, tawar seperti ga di kasih kecap dan ga dapet krupuk"
"3.0","kurang bumbu !! sayang banget"
"3.0","Bumbunya kurang nendang.. Kurang asin juga.. Yg istimewa topping nya dikiiiiiit bgt.. Tp porsi lumayan besar sih.. Martabak acehnya lumayan jg.."
"1.0","Kurang garam, daging sapinya cuma 3 slice aja banyakan mie sisanya. Maaf reviewnya jelek, tp nyesel banget rasanya hambar banget, packaging kurang minuman smpe tunpah"
"1.0","pertama tadi enak kuah ny kental..trus saya pesan lagi jadi kuah ny bnyak banget.
inti ny enak yg pertama"
"1.0","minta pedes gak pedes, pesen kuah nya bnyak malah kya mkn mie goreng gda kuah sama sekali gk lengkap juga kerupuk gda kacang gda jeruk nipis nya juga secuil doank. parah ini mah"
"1.0","kurang bumbu rasanya"
"1.0","Nasi goreng aceh terburuk yg pernah saya makan .. maaf🙏"
"1.0","Gak sama kaya dulu rasanya otentik dan gak dapet acar"
"3.0","mi acehnya enak dan porsinya banyak tapi roti canenya nggak banget. kejunya dikit, mesesnya dikit, susu kentalnya jg dikit."
"1.0","nasi goreng Aceh yg paling kaga enak sepanjang sy hidup, martabak asin , mie pucat. beda sama tukang masak yg lalu, sy lama langganan dengan pengelola yg lama. tukang masaknya lebih baik pulang kampung aja lah ke Aceh, bikin malu orang Aceh yg ada di Jakarta."
"2.0","martabak telurnya ga enak, itu seperti omelet / telur dadar"
"3.0","kedepannya kalo pesen lewat go food, kasih sendok sama sterofoam. kasihan klo yg pesen lagi di tempat urgent"
"5.0","mie nya enak bikin nagih"
"2.0","Nasinya belum matang, masih seperti makan beras :((

tlg diperhatikan ya..
trims.."
"1.0","nasi goreng cumi, daging cuminya hanya 2 potong"
"2.0","Rasa dan kualits tdk sesuai dgn harga.. pertama ini mie aceh tdk memuaskan, semoga kedepannya lbh improve lg"
"3.0","keasinan kebanyakan garam"
"3.0","nggak ada dagingnya!!!!"
"2.0","saya pesan pedasnya sedang, malah tidak ada rasa pedas sama sekali
yg kuat rasa asinnya
bumbunya sangat kurang"
"2.0","coba cek pesanan customer donk...biar supaya lebih oke"
"2.0","martabaknya tidak ada acar rawitnya"
"1.0","bukan mie Aceh ,tapi mie biasa...acar bawang nya jg ga ada utk martabaknya"
"1.0","cumi nya msh amis gk di masak dgn benar"
"5.0","mantap mie spesialnya"
"4.0","roti cane nya ,, agak gimn gitu rasanya,,, kykny frozen foodny terlalu lama maybe"
"2.0","pesan nasi goreng di bungkusin mie goreng"
"5.0","enaaakkk .. 7thn di jkt akhir a rasain mie aceh khas aceh a. mantap"
"1.0","pesanan tidak sesuai"
"4.0","2 hr yg lalu mesen enak.. mantap.. nah oesanan yg ini agak asin"
"4.0","ngga ada sambel bawangNya"
"2.0","nasi nya kurang mateng. .  jdi makan nasi goreng kaya nasi mentah .. 😢"
"4.0","pedes banget.. sampe g kuat.."
"5.0","udah nya kurang banyak ka muhehehe"
"5.0","Kop brat mangat"
"2.0","Bu...kok asin bgt ,gak kya pesen sebelumnya hadeeeuh"
"4.0","rasanya enak..tpi gk sesuai di gmbar,di foto ada emping sma kcg goreng ny. Tolong si sesuaikan gambar ,thnks ."