"ml-1","break-words"
"5.0","ok..mantap, terima kasih ya"
"5.0","mantab dengan songsengnya sampai anak saya suka suka suka"
"3.0","bumbu satenya encer bgt, rasanya juga hambar tpi satenya beneran full daging no kulit"
"5.0","mantaaaaaab....."
"4.0","bumbu kacangnya sedikit, rasa lumayan lah, kalo  rating 1-10 di nilai 7"
"5.0","mantaaaab......"
"4.0","awal pesan nasinya bkin kaget orang, sedikit bgt...., giliran pesan kedua kali nya ya lumayan lah nasi nya. sate nya potongan ya yg bikin gak nyesel deh... ,enak dimakan selagi panas².cuma kasih masukan ya kak, tolong dikasih sendok(plastik) , klw kita diluar rumah masak iya mau makan gak pakai sendok?.. diutamakan rasa ya kak,pelanggan puas kan pedagangnya juga ikut seneng. sukses selalu smoga lancar trus usahanya.. Amiin, salam dr anak rantau asli solo juga...."
"5.0","enak mantap sate sama tongseng nya , cuma gak dikasih sendoknya😭"
"1.0","rasa hambar dan tidak worth it banget dah, isi dagingnya sangat sedikit,"
"3.0","porsi dagingnya kurang, hehe"
"5.0","Enak deh 🥰 tapi mungkin bisa di tambah ekstra sambal kali yaaa biar makin mantap"
"5.0","satenya belum mateng bang.. bakarnya kurang lamma"
"3.0","tolong kalau namanya tongseng itu kuahnya ada tp ga banyak, dan tolong di cicip rasanya kurang apa. ini kuahnya banyak tp ga ada rasa sama skali. makasih semoga kedepan lbh baik lagi"
"5.0","Porsinya banyak, enak.."
"5.0","Mantab, betul-betul tanpa kulit dan dagingnya bakar matang."
"4.0","bumbunya dikit banget coba banyakan pasti lebih enak"
"4.0","tongseng kurang garam"
"4.0","tongseng kurang garam sedikit 😁"
"5.0","bumbu nya agak dibanyakin"
"1.0","saya sering makan tongseng, tp baru kali ini beli disini..rasanya ga enaak. tongseng kog kuahnya rasa kecap asin!!!"
"4.0","sateny enak empuk.. bumbu kcgnya kurang byk.."
"2.0","bau daging kambingnya masih tercium"
"4.0","bumbu kacangnya jgn terlalu encer"
"5.0","lumayan enak, cuman belum khas solo bgt"
"3.0","kurang kering bakarnya"
"3.0","terlalu banyak lemaknya"
"3.0","tongsengnya kurang kental. saus kacang sudah sangit."