"ml-1","break-words"
"5.0","Alhamdulillah anak saya doyan banget sate kelinci nya kebetulan buat Obat asma anak saya doain biar cepat sembuh asma anak saya sekali terima kasih. klo bisa harga satu tusuknya di kurangin gtu om"
"2.0","daging sapi nya sangat sedikit dan rasa nya pun kurang."
"5.0","porsi sop nya kurang banyak..😁"
"1.0","Bu tongseng daging sapi nya masih keras alot...sate ayam nya enak tanpa kulit ayam."
"2.0","Daging alot, tidak sesuai dengan harga nya"
"4.0","tongsengnya keasinan dikit"
"3.0","dagingnya keras"
"3.0","pesen tongseng kambing dikasih tongseng ayam. kurang pedes... soal nya cabe nya di iris bukan ny diuleg...."
"4.0","Tongseng dagingnya sedikit"
"5.0","bikin nagih bangettttt...lagi sakit aja terasa enaknya"
"5.0","mantap syekaleeee"
"5.0","rasanya pas banget..mantap .saya direkomendasiin sama adek saya...baru makan tongseng seenak ini...terima kasih"
"3.0","Porsinya terlalu sedikit"
"5.0","enak bangettt pak rasanya tapi ayamnya sendikit hehehe"
"2.0","porsi nya ga sesuai dengan harga aslinya.."
"5.0","rasa nya pas,seger,"
"5.0","very delicious. thank you"
"3.0","porsi tongsengnya kurang"
"3.0","beli 5 pors tp yg 2 satenya kurang..penjual gak teliti dan tidak jujur"
"3.0","baru pernah coba, ternyata makanan nya ga enak."