"ml-1","break-words"
"5.0","great 👍🏻👍🏻👍🏻👍🏻👍🏻"
"2.0","tahunya udah dingin"
"2.0","pas makanan nyampe udah dingin"
"3.0","Msh alot tepung nya , gak garing. Kurang lama di goreng"
"3.0","Tahu sdh tidak hangat dan kriuk lagi.. 
habis di goreng ulang tapi sdh dingin lagi.."
"2.0","Tahunya dingin, kayaknya udh digoreng duluan. Gak seperti biasanya"
"3.0","Sdh diberi notes spy dikirim yg baru digoreng, tp dikirim yg sdh tdk panas. Pdhl jarak sgt dkt. Tdk sebagus yg di Kalibata."
"1.0","worst tahu kriuk ever, served super cold, sticked to each others, and hard to chew.., feels like eating rocks"
"3.0","Tahu nya udah melempem banget jadi keras, biasanya beli baru digoreng enak."
"2.0","kali ini saya kecewa krna tahu yg dipesan dingin, pdhal sebelumnya kalau saya pesan selalu dalam kondisi hangat"
"1.0","tahu belum matang or tepung salah bahan?"
"3.0","Keras tidak spt biasanya"
"3.0","sudah dingin dan banyak minyak"
"1.0","Tahunya dingin, jadi ga enak"
"3.0","Tahunya enak, haya kenapa cabe rawit nya ada yg bekas gigitan ya?"
"2.0","dikirim dlm keadaan dingin."
"1.0","Tahu nya dingin semua"
"3.0","Tahunya alot karena digoreng ulang."
"4.0","sesuai request, baru dan panas, tp sedikit asin"
"4.0","rasanya kurang krunchi seperti Tahu Kriuk cabang kebagusan"
"1.0","Minta yg panas cuma gym dibagikan atas nya yg panas yg di bawah ga panas dan ga kriuk ,aneh padahal nama nya tahu kriuk?!"
"2.0","tahunya udah dingin dan alot. padahal saya tulis di note untuk minta yang panas dan baru digoreng... kecewa!"
"5.0","Selalu dapat tahu yang panas dan bukan angetan, enak, terima kasih 🙏🙏"
"5.0","Yang ini sukses karena saya minta dimasak dari awal jadi enak. Yang kemaren2 digoreng ulang jadi alot. Malah pernah dikasih yang udah dingin padahal beli 2box yang isi 15 biji. Ampun deh!"
"3.0","maaf sy ksh 3 star yaa krn tahunya gag crispy, dingin (gak panas) dan  agak sedikit asam.. 🙏"
"5.0","Beli tahu kriyuk disini selalu dapat tahu yang baru di goreng (bukan gorengan yg di angetin) masih panas dan rasa nya enak banget, rekomen deh 👍👍"
"2.0","udh dingin, jadinya alot dan ga krispy"
"1.0","Minta yg panas ga di kasi yg panas!!!"
"3.0","Tahunya harusnya panas. Psti lebih enak. Ini dingin bgt. Bikin pegel ngunyah"
"5.0","alamatny tahu kriuk dimana jatipadangswbelah mana"
"2.0","tahu gak pake cabe rawit tu gimanaa ????"
"1.0","Yg bawah ga keriuk dan ga panas,kecewa NTT sih!!!"
"5.0","Rasanya enak apalagi pans2. packaging juga bagus 👍👍"
"4.0","pesennya isi 15, nyampenya 10"
"3.0","terlalu berminyak"
"5.0","boxnya bagus, tp sayang masih pake kantong plastik. smoga kedepannya ada solusi lain yg lebih ramah lingkungan ya. kita dukung program pemerintah. Semangat!!"
"1.0","banyak yang bau tahunya tlg dijaga kualitasnya br kali ini order tahu nya banyak yg bau"
"3.0","Tahu nya gak panas, keras, gak fresh.. pdhl dulu gak begini.."
"3.0","Td yg masak tahu jam 17.07 beda org kyknya. Tahunya keras, gak kyk biasanya. Kyknya salah racikan atau salah goreng. Mohon utk mempertahankan kualitas tahunya yaa"
"3.0","Pesen yg isi 15harga 27rb,,,tp isina cuma 14"
"3.0","tahunya udah digoreng beberapa kali :(
warnanya kehitaman"
"3.0","kenapa tahunya lengket atau menyatu ya setelah digoreng"
"5.0","Enak tp sayang tdk dikasih cabe rawit"
"4.0","kalo hangat enak banget"
"4.0","Seringnya dapatnya udah gak kriuk, krn udah kelamaan digorengnya"
"2.0","beli paket 50 + 15 = 65 in total. tp isi paket yg diberikan kpd gojek/pelanggan hanya 61."
"4.0","Enak. Tapi balutan tepungnya kurang kriuk dibandingkan outlet lainnya."
"3.0","ga seenak tahu kriuk cabang laen"
"3.0","mesen udang balado datengnya daging"
"1.0","tidak sesuai ekspestasi,tahu nya kecil dan agak keras."
"2.0","Kulitnya ga crispy kyk di cabang2 lain.."
"2.0","cabe nya manaaaaaaaaaaaaaaaa😒 jangan sampe lupa donk, org kan mau makan tahu pake rawit nya juga... tadi rada kecewa karna lumayan berminyak juga, makasih"
"1.0","mana cabe rawitnyaaaaa 🤦🏻‍♀️"
"4.0","Gak diksh cabe rawit (mungkin habis)"
"2.0","cabe rawit nya bnyak yg busuk. yg ngga busuk juga bau dan lembab. apakah pengaruh banjir?"
"2.0","Barangnya sdh lama lalu digoreng lagi jadi keras . Tdk bagus jadi kecewa"
"3.0","Kriuknya terlalu keras."
"4.0","Gak sedia yg isi 15 pcs. Cuma punya 10 pcs. Klo mau nambah jadi 15 pcs harus nunggu 45 menit kata abang gojeknya. What the hell"
"3.0","sudah tidak panas, tahu digoreng terlalu lama jadi susah digigit juga"
"1.0","Tahunya bau bgt :( gakaya biasanya"
"5.0","kriuk nya mantap"
"2.0","ga dikasih CABE!!"
"5.0","Cemilan favorit keluarga"
"4.0","how to have them warm , cause it'll be a little bit hard to bite when they getting cold."
"5.0","Kriuk yes terenak seasia tenggara"
"5.0","baru abis digoreng..jadi endes..cuma agak lama."
"4.0","tolong minyaknya hrs sering diganti"
"5.0","enak tahunya kalau dimakan panas2"
"5.0","ini enaknya gak manusiawi ih, masa 25tahu abis buat 3org doang :(( oiya rawitnya dooong banyakin hehehehe asli ini enak sih klo yg dipinggir jalan kan ukurannya kecil2 ini versi mediumnya lah yaaaaa"
"5.0","Enak banget kriuknya woy gaboong"
"3.0","minyaknya baru bos?"
"3.0","tahu nya enak, tapi sepertinya harus tunggu digoreng terlalu lama"
"4.0","çabe nya lupa d ksh ya😀"
"3.0","tahunya udah dingin and kerassss aloott... T_T"
"1.0","tahunya keras. nyaris gosong. kayak udh digoreng berkali2"
"3.0","pesan tahu yang isinya 25 tapi cabenya cuma dikasih 12"
"3.0","enak bgt tp sayang ga dikasih cabe. mana enak tahu doang gapake apa2. semoga kedepannya stock cabe yg banyak"
"5.0","rasanya seperti tahu, sy suka"
"4.0","mungkin bisa di tambah bumbu bubuk rasa2. terutama pedas. pasti lebih nampol rasanya"
"5.0","Tahu kriuk enaaak favorit bangettt"
"5.0","saya suka.. rasanya seperti tahu 👌👌👌"