"ml-1","break-words"
"3.0","ayam gak kerasa bumbu"
"2.0","kurang enak ayamnya sepwrti kmrin"
"2.0","ayam nya seperti kemarin rasanya udh beda dengan yg dulu"
"2.0","tidak sesuai permintaan cust padahal audah dikasih note."
"4.0","kulit dan dagingnya masih kurang krispi"
"3.0","Pesanan tidak sesuai"
"2.0","Ayamnya ada hitam biru gitu... 😢😢😢"
"5.0","nice soooooo much"
"5.0","Super super pedes 
cocok untuk lagi puyeng"
"5.0","ayamnya crunchy dan msh panas"
"4.0","di dalam minuman terdapat butiran nasi, nasi nya sangat sedikit sekali. terus tingkatkan kualitasmu"
"1.0","Pesanan tidak sesuai padahal udah dijelasin berkali2"
"1.0","Ko bibir jd jeding makan ini?"
"3.0","Isi paketnya Ada yang kurang (teh botol nya tidak Ada) kalau memang tidak Ada seharusnya di infokan"
"1.0","pesan dada malah sayam"
"5.0","ayamnya di perhatian..rasanya enak pas..tapi ayamya sedikit bau..sebelum di masak di perhatikan ayamnya.."
"2.0","ayam nya pahit..terlalu mateng"
"3.0","saran saja, sebaiknya ayam yg dijual walopun pesanan online, dipertahankan mengenai kesegaran ayam, jangan dagangan kemarin digoreng ulang dan dijual lagi, terlihat hitam didalamnya. padahal rasanya enak"
"1.0","masakanya sama sekali ga Fresh"
"3.0","rasa chicken nya agak pahit2"
"5.0","Please add for spicy souce"
"1.0","kecewa buger nya tidak ada sayuran nya"
"3.0","Sausnya satu doang wkwk"
"3.0","ayamnya kecil beeud"