"ml-1","break-words"
"1.0","sangat mengecewakan"
"4.0","seger banget abis minton minum jus"
"2.0","kedepannya kurangi es nya ,banyakin buah nya ya,, biar lebih terasa buah nya, bukan es nya yg lebih terasa ,terima kasih🙏"
"1.0","Mahal nya doang, rasanya di bawah standar"
"1.0","yg d pesan apa,yg d krm apa... sangat kecewa"
"1.0","Sop buah duriannya tidak sesuai foto. Yang datang malah sop buah kuah durian, duriannya juga tidak terasa. Ganti aja fotonya"
"2.0","jus nya kaya ngga pake buah fresh, terlalu banyak air. SOP buahnya juga terlalu banyak air dan ngga ada rasanya"
"1.0","Mohon maaf yaa saya coment agar meningkatkan kwalitas, bu atau pak ini jusnya kebanyakan air apalahi sop buahnya bukan sop tapi air kasian banyak yg kecewa terima kasih"
"1.0","Jus mangganya tidak di kirim!!!!"
"3.0","jusnya gak fr3sh"