Rating,Review,Hasil Perbandingan
5,nasinya kurang banyak,Positive
4,ayamnya kurang enak karna bumbunya gak terasa sama sekali,Negative
1,ayam bakar nya hambar dan kurang matang,Negative
5,"Enak mba,pedess🤤🤩",Positive
5,suka sama rasa ayam bakar nya..pertahankan ya ka,Positive
3,"di nasinya ada rambut, tempe dan tahunya kurang matang",Negative
4,"sambel kecapnya terlalu manis, gatau mau dibikin sambel kecap atau kecap doang. tempenya kurang ada rasa gurih gtu, trs sambel merahnya menurut saya kurang pedes tp untuk ayam bakarnya lembutttt bgtt suka. makasih",Negative
5,"ayamnyaaa enakk bngttt
empuk",Positive
5,enak bgt sambelnya!!,Positive
2,pesennya yg ada tahu tempe.  tp pas dateng ga ada.  tolong lebih teliti lgi,Negative
5,always referensi..,Positive
5,wah enak dimakan hangat2..,Positive
5,"ga pernah bosen pesan menu disini, enak, ayamnya gede gede..",Positive
3,Pesen sambel kemangi tapi malah dikasih sambel kecap,Negative
5,"endulll bangeet 
enaaaaak bangettttzzzzz",Positive
4,"sambal terongnya sedikit lebih asin, meski rasanya enak",Negative
5,"malam ini ayam bakar lebih enak dari kemaren sllu tingkatx kualitas rasa,semangat semoga makin lancar usahax",Positive
5,pokokx enak banget ..next insta Allah order ghe....skses trus ea,Positive
5,TEH PUCUK NYA TIDAK DI BERIKAN,Positive
5,nikmat yang hakiki,Positive
5,"mantap, gasken.",Positive
5,"Porsinya banyak bangettt. Kirain tempe 5rb itu 1, ternyata 4. Terongnya juga banyak bangettt",Positive
5,top ayam bakarnya,Positive
5,udah pasti enak deh,Positive
5,ini makanan hari hari keluarga saya...ayamnya seger banget...bumbu kecapnya berasaaaaaaaa banget...enak,Positive
5,ayam bakar nya enak banget sambel nya top,Positive
5,"enak bikin nagih,",Positive
5,enaaak sukaaaa banget,Positive
5,bagus enak suka banget hahaahhaa,Positive
4,"sebenernya rasa sama.. enak, cuma nasi.. nasi masaknya kurang air jadi gak enak..  next nasinya dibenahi lagi.. maaf bintang 4",Negative
4,porsi nya kurang 😝tp rasa nya enak koq,Negative
3,"porsinya kurang Bapak/Ibu,Mas/Mbak.. hehe",Negative
2,kenyataan TDK sesuai dgn gambar dan hrg terlalu mahal untuk sekedar 1/8 potong ayam..dan pembeli tidak membaca note pemesan,Negative
3,ayam n nasi nya kok keras ya?,Negative
5,buat pak gofood maaf pak saya pikir gofood bisa pakai tips...tahu gt tadi saya kasih lgsg soalnya radi saya sedang diluar..maaf ya pak,Positive
2,"ini sih bikan ayam bakar, lebih sperti ayam goremg yg ujungnya hangus, nasinya kurang bagus.",Negative
5,pedasnnya benar2 mantabs,Positive
5,enak sabel krg byk dikit,Positive
5,mantab restonya..pertahankan,Positive
5,"enak bgt ayam bakarnya bukan yg manis gt, tp lbh ke gurih sedep. recommended!!",Positive
1,"asin.... banget ,semua nya...  tahu tempe kayak udah basi,maaf ya..",Negative
4,"nasi rada kering sedikit, sambelnya enak",Negative
2,ayam bakarnya gosong,Negative
3,Kurang lama bakar nya,Negative
5,"Porsinyaaaa jumboooo....
Rasanya tambahin sedikit gurihnya ya saayyyy... Mantuuullll...",Positive
4,nasi goreng minta tidak pedas kok pedas ya anak saya tdk bisa makan,Negative
3,pesen 4 mcm yg dtng cm 3 mcm,Negative
3,kecewanya sewaktu pesen satu porsi tiba2 order jadi dua porsi  di cancel berkali kali ga bisa2,Negative
4,lumayan lah enak.,Negative
1,"udah mahal, baksonya benyek bgt, isi dikit bgt.",Negative
4,"tolong perhatiin lagi telurnya, pesen bakso urat yg ada bakso telurnya juga, tekstur telur dalam baksonya keras, alot. semoga diperbaiki",Negative
5,patennnnnnn,Positive
5,patennnnnnnnn,Positive
5,enak murah lg nanti beli lagi next time beli LG,Positive
1,mienya lembek bgt ga seger rasanya.lengket pula,Negative
5,"Basonya enaaakkk, coba kalau ada soun makin enak. kuahnya enaaakk, mie ayamnya juga cocok. bakal repeat order lg 👌",Positive
1,"Pas dibuka mie nya bau kurang enak, kaya bau dr ayammya aga amis😭",Negative
5,"enakk bgttt, tpi mie ayamnya aga keasinan, basonya gurih",Positive
2,"belom ready tp orderan aplikasi udh dibuka, jdi harus nunggu 45menit lebih. belom lagi, pesanan yg dateng ga sesuai.",Negative
4,keasinan waktu itu. yang lainnya udah oke,Negative
2,"mie yamin manis banget
mie ayam nya asin bangett",Negative
5,kuahnya kurang asin. porsi mie nya banyak,Positive
5,"mantap harga murah meriah dapet banyak, cuman agak kurang asin",Positive
1,"tiga kali pesan selalu berubah2 rasanya. awal beli enak, full dapet mie, bakso 2, yamin 2, sama KUAH. pas yg kedua kali, gak dapet kuah, dan asinnya kaya upil. yang ketiga kali, gak dapet yaminnya, gak dapet kuah padahal udah dinote, dan gak dapet saos dan tidak ada sayurannya. saya sangat kecewa, karena tidak konsisten jualannya. mohon diperbaiki kualitas jualan anda ya ibu ataupun bapak. karena donoloyo itu terkenal enak, jadi jangan merusak citra yang baik. trimssss",Negative
4,kuah nya tumpah☹️,Negative
2,"sy gak tau kesalahan dr driver/resto nya,,utk mie Yamin sy terima sdh kebuka,,kebetulan bkn sy yg trima,,klo sy pasti komplen",Negative
5,Hari ini pesan mie Yamin dikasi bonus bakso dan cepet bgt dianterin nya.. makasih ya pak sukses terus restonya,Positive
3,salah pesanan. pesan mie Yamin bakso yg datang mie ayam bakso.. lebih teliti lagi yaa,Negative
3,ayam gak kerasa bumbu,Negative
2,kurang enak ayamnya sepwrti kmrin,Negative
2,ayam nya seperti kemarin rasanya udh beda dengan yg dulu,Negative
2,tidak sesuai permintaan cust padahal audah dikasih note.,Negative
4,kulit dan dagingnya masih kurang krispi,Negative
3,Pesanan tidak sesuai,Negative
2,Ayamnya ada hitam biru gitu... 😢😢😢,Negative
5,nice soooooo much,Positive
5,"Super super pedes 
cocok untuk lagi puyeng",Positive
5,ayamnya crunchy dan msh panas,Positive
4,"di dalam minuman terdapat butiran nasi, nasi nya sangat sedikit sekali. terus tingkatkan kualitasmu",Negative
1,Pesanan tidak sesuai padahal udah dijelasin berkali2,Negative
1,Ko bibir jd jeding makan ini?,Negative
3,Isi paketnya Ada yang kurang (teh botol nya tidak Ada) kalau memang tidak Ada seharusnya di infokan,Negative
1,pesan dada malah sayam,Negative
5,ayamnya di perhatian..rasanya enak pas..tapi ayamya sedikit bau..sebelum di masak di perhatikan ayamnya..,Positive
2,ayam nya pahit..terlalu mateng,Negative
3,"saran saja, sebaiknya ayam yg dijual walopun pesanan online, dipertahankan mengenai kesegaran ayam, jangan dagangan kemarin digoreng ulang dan dijual lagi, terlihat hitam didalamnya. padahal rasanya enak",Negative
1,masakanya sama sekali ga Fresh,Negative
3,rasa chicken nya agak pahit2,Negative
5,Please add for spicy souce,Positive
1,kecewa buger nya tidak ada sayuran nya,Negative
3,Sausnya satu doang wkwk,Negative
3,ayamnya kecil beeud,Negative
2,"siomay rasa tepung.. seperti basi.. tidak seperti pesanan2 saya sebelumnya 
saucenya minta 2 macam.. hanya dikasih 1 macam",Negative
4,More sauce will be better,Negative
1,Sambel kacang nya off banget rasanya. Siomay nya kebanyakan micin nya. Mutu nya sudah menurun...,Negative
4,siomaynya terlalu lembek,Negative
1,kasih pesan minta sendok garpu tp tidak di kasih. minta di potong potong dan campur bumbu tp tidak di lakukan..  ada siomai yg bau sdh basi,Negative
4,bumbunya enak. somaynya kebanyakan aci.,Negative
3,Kayanya kebanyakan aci. Kenyal jadinya.,Negative
4,Kasih sendok/garpu plisssss.... insya Allah ga bikin rugi kok. Asli kerepotan banget kalo makan di luar ga ada itunya.,Negative
3,not complete item siomay not so nice,Negative
5,"ok..mantap, terima kasih ya",Positive
5,mantab dengan songsengnya sampai anak saya suka suka suka,Positive
3,"bumbu satenya encer bgt, rasanya juga hambar tpi satenya beneran full daging no kulit",Negative
5,mantaaaaaab.....,Positive
4,"bumbu kacangnya sedikit, rasa lumayan lah, kalo  rating 1-10 di nilai 7",Negative
5,mantaaaab......,Positive
4,"awal pesan nasinya bkin kaget orang, sedikit bgt...., giliran pesan kedua kali nya ya lumayan lah nasi nya. sate nya potongan ya yg bikin gak nyesel deh... ,enak dimakan selagi panas².cuma kasih masukan ya kak, tolong dikasih sendok(plastik) , klw kita diluar rumah masak iya mau makan gak pakai sendok?.. diutamakan rasa ya kak,pelanggan puas kan pedagangnya juga ikut seneng. sukses selalu smoga lancar trus usahanya.. Amiin, salam dr anak rantau asli solo juga....",Negative
5,"enak mantap sate sama tongseng nya , cuma gak dikasih sendoknya😭",Positive
1,"rasa hambar dan tidak worth it banget dah, isi dagingnya sangat sedikit,",Negative
3,"porsi dagingnya kurang, hehe",Negative
5,Enak deh 🥰 tapi mungkin bisa di tambah ekstra sambal kali yaaa biar makin mantap,Positive
5,satenya belum mateng bang.. bakarnya kurang lamma,Positive
3,"tolong kalau namanya tongseng itu kuahnya ada tp ga banyak, dan tolong di cicip rasanya kurang apa. ini kuahnya banyak tp ga ada rasa sama skali. makasih semoga kedepan lbh baik lagi",Negative
5,"Porsinya banyak, enak..",Positive
5,"Mantab, betul-betul tanpa kulit dan dagingnya bakar matang.",Positive
4,bumbunya dikit banget coba banyakan pasti lebih enak,Negative
4,tongseng kurang garam,Negative
4,tongseng kurang garam sedikit 😁,Negative
5,bumbu nya agak dibanyakin,Positive
1,"saya sering makan tongseng, tp baru kali ini beli disini..rasanya ga enaak. tongseng kog kuahnya rasa kecap asin!!!",Negative
4,sateny enak empuk.. bumbu kcgnya kurang byk..,Negative
2,bau daging kambingnya masih tercium,Negative
4,bumbu kacangnya jgn terlalu encer,Negative
5,"lumayan enak, cuman belum khas solo bgt",Positive
3,kurang kering bakarnya,Negative
3,terlalu banyak lemaknya,Negative
3,tongsengnya kurang kental. saus kacang sudah sangit.,Negative
3,"pesen lumpia Frozen dikasih goreng smua,tau gitu yg pesen 1 goreng ga usah pesen.maksudnya beli Frozen bs dimakan tar tar lagi hmmm",Negative
3,order opor ayam 2 paha dikasih sayap dan ceker 😔,Negative
1,"Baru kali ini ketemu orang jualan “GOBLOKE RAK KARUAN” Anda gak layak dapat bintang.. walaupun cuma satu bintang.. gak lilo aku. Telur asinmu sdh busuk !!! Tetep kamu jual, Iwak mangutmu gak ada rasanya malah sudah ileren (berlendir),.. opor ayammu juga bau !!! Intinya kalau aku ketemu kamu dijalan pingin tak jotosi raimu.. ￼ojo ngaku semarang yen nggapleki koyo kowe",Negative
5,rasanya mantap sekali,Positive
3,"ayam nya alot,, ayam nya dingin,, masih banyak darah di dalam daging,, tolong donk di perhatiin lagi cara masak dan kebersihan nya",Negative
3,nasi goreng ati ampela ny pahit bgt apakah it udj d bersihkan atw d cuci bersih,Negative
4,"Makanannya lumayan enak, porsinya banyak, lengkap bersama kerupuk dan juga cepat pengemasannya",Negative
4,"Pesanan kali ini lumpianya fresh, tapi acarnya disemutin....mohon tolong diperhatikan diperbaiki yaa kebersihannya supaya tetap terjaga kualitasnya 🙏",Negative
1,"ketupatnya sangat bau ,kalau dagang jangan keterlaluan ketupat sudah sangat bau seperti bangkai ayam masih dikasih ke customer !",Negative
5,"Awalnya sempat ragu pesan karena baca bbrp komentar pembeli yg merasa kurang puas utk pesanannya. Tp Alhamdulillah pesanan saya sesuai dgn catatan, fresh dan masih anget banget...acar dan bumbunya jg banyak. Meski agak lama pengirimannya, nggak masalah karena artinya pesanan lumpia dan tahu petisnya dibuat fresh semua. Thank youuu sgt tuk bapak/ibu penjualnya. Next time akan pesan lagi ☺️🙏",Positive
3,"kalo gaada sawi jangan pake daun bawang mas, gapapa kalo ga pake sayuran trs tahunya bau, semoga diperbaiki lagi ya",Negative
1,nasi gorengnya lengket dan lembek seperti nasi sudah tidak layak masak,Negative
3,"Budayakan baca pesanan, tertulis jelas sekali froozen, tp dptnya sdh digoreng",Negative
3,lumpiya kemarin digoreng lagi. Sudah nggak fresh dan gosong.,Negative
1,"merugikan pembeli, main ganti aja tanpa kasih tau ke pembeli, mana harganya kurang dari sebenarnya, cari untung jangan merugikan pembeli, harusnya harga bayar pembeli dikurangi, ini tidak dikurangi, sangat merugikan!!!",Negative
5,pertahankan rasa masakan nya biar tetap bisa jadi langganan,Positive
1,ini ga ada telornya.. gimana sih ..,Negative
2,Nasi nya di semutin!,Negative
5,"mantab nasgor babatnya, cita rasa semarangan",Positive
2,Baru hari ini ada jus alpukat rasanya pedes di tenggorokan.,Negative
2,"Rasa biasa aja. Pesen 2 porsi asem2 daging, dikirimnya 1 porsi asem2 & 1 porsi gule (tanpa konfirmasi). Daging nya semua uaalott banget, akhirnya hampir semuanya ga kemakan..😔",Negative
1,Daging dan ampela keras. Seperti ngunyah sendal jepit.,Negative
1,"asem ga fresh, ga kemakan, dibuang",Negative
5,Tahu Petisnya the best,Positive
5,mantaaaap betuuul,Positive
5,Tahu petisnya enak banget dan masih hangat…bakal jadi langanan nih…,Positive
3,"pastel hambar, kulitnya agak keras",Negative
5,"saya kasi bintang 5 biar g ngrusak ratting. 
makanannya aneh. ini mah bukan rawon. 
gambarnya rawon tp yg dtg bukan rawon. entah rawon versi apa itu. udh gtu rasanya manis doang. 
sosis solonya juga no banget. 
first and last beli di resto ini.",Positive
5,Rasa enak dan porsi banyak juga (masih bisa untuk 2 orang).,Positive
5,Rasanya enak2. Tapiii kmrn pesen telor pindang yg datang telor dadar. Tumben salah dan ga info sblmnya.,Positive
2,"Pesan bakso mercon 2 porsi, tp kayaknya karena habis diganti pangsit goreng tanpa konfirmasi dulu..",Negative
5,"mangutnya oke, babat gongso nya juga",Positive
5,Selalu puas beli disini....enak2....,Positive
5,"porsi rawon, asem2 buncis, gongso ati dan dagingnya besar sekali utk harga segitu. kadung beli 2 porsi, bisa utk makan 4 orang siang dan malam.
rasa lumayan.",Positive
3,Bakso tahunya perlu ditingkatkan. Rasa daging baksonya tidak ada sama sekali.,Negative
2,gunakanlah bahan2 yg berkualitas biar tidak mubazir terbuang percuma.,Negative
4,blm dicoba Krn puasa kyny enak,Negative
3,"Nasi goreng babat iso : nasinya banyak, ngenyangin, tp babatnya sdkit & potongannya kecil2, iso nya cuma 3 iris keci aja.Malah di ksh ati ayam yg gk sesuai dgn judul menunya.
Ati ampela gongsonya lumayan.
Pangsit gorengnya sangat mengecewakan.Ini mah bukan pangsit, tp lbh mirip tekwan ukuran sedang yg di rebus.Ganti aja nama menunya : tekwan goreng.
Yg paling mengesalkan sy pesan emping yg dtg kerupuk udang 1 lembar.Plis bedain kelasnya, masa iya emping yg enak dan mahall di sejajarkan sm kerupuk udang.
Finally : no recommended!",Negative
1,kurang cermat dalam melihat riqwes pembeli dan pangsit yg saia pesan msh mentah rasanya hambar begitupun rawonya 🤦🤦 lain kali di teliti lagi riqwesan pembeli,Negative
5,nasi gorengnya mantap,Positive
5,"sesuai pesanan MANTUL
yess yess yess",Positive
5,"suka bgt babat gongsonya, eanaaaak..",Positive
4,porsinya kecil. rawon sedikit daging banyak kuah. rasa cukup. Semoga bisa ditingkatkan untuk porsi dan daging yang lebih empuk untuk dimakan. terimakasih.,Negative
3,"tolong kalo makanan sdh tidak layak dimakan, jangan dijual lg.
tahu bacemnya rasa tengik
saya pesan 3 telor muda
yang saya terima hanya 2 tusuk
yang 1 nya telur puyuh
kalo tinggal 2, ya yang 1 nya batal saja
saya pilih telur muda krn memang butuh. gak butuh telur puyuh",Negative
4,mie bihunnya kurang cocok keras sm porsinya toge harusnya sama...tadi sama sekali toge cuma bisa dihitung... maaf...🙏,Negative
1,"Telur pindangnya asem gak fresh, jus alpukatnya bau, pait, aneh rasanya gak karuan, gulai sapinya rasanya aneh dagingnya juga alot banget.",Negative
1,"saya pesan ketan yg dtang kue bolu sm getuk, seharusnya konfirmsi lewat abang gojeknya yg ambil.. mohon diperbaiki",Negative
3,"Babatnya bau pas di makan 😭 jadi enek, ayam bakar lumayan. Coba diilangin dulu baunya sebelum dimasak",Negative
4,"sy pesan gembus 2 & bakwan 3, tp yg datang gembus 5? bakwannya kemana yaa? sy jd bingung, tdnya sy mo ksh bintang 5 lohh, tp krna pesanan sy tdk lengkap jd sorry banget yaa bintangnya sy kurangi 🙏🏻",Negative
5,asem2 nya asem seger og...babat gongsonya manis pedes juga .. kangen jajanan semarangan terobati ndaa...maturnuwun,Positive
4,yg ceker pedasnya lumayan enak..tp yg tongseng sapinya gak enak rasanya aneh.. bnyk bumbu tp gak masuk rasanya..soalnya sy kuliner dan pcinta tongseng..br ini rasa tongseng agak aneh..,Negative
3,kuahnya kurang berasa kaldu ato bumbu.. tipis skali rasanya.. hanya kebantu rasa bawang putih goreng,Negative
5,mangut nya enak.,Positive
5,"gudeg nya masih kurang empuk, padahal bumbunya enak",Positive
4,asem ny kurang ... kurang lekok,Negative
2,rasanya jauh dari standar mangut semarang,Negative
3,"Rawon kurang rasa, daging sedikit. Mie asin dan terlalu benyek dan minyak. Semoga bs improve rasa ya",Negative
3,"minta tahu tempe bacem 1 tahu 1, dikasihnya 2 tahu (ga ada tempe). itu yg mengecewakan",Negative
1,tulang semua kepalanya...,Negative
2,Maaf tapi Jus buah segar nya seperti dari buah tidak segar. Rasanya tidak segar dan aneh.,Negative
2,kebanyakan usus,Negative
5,"Mantab banget!!! Rekomend buat yang kangen pulkam. Sudah coba nasgor babat, mangut, soto, rawon, babat gongso. Aslik!!!",Positive
5,"Uenak, sueger, muraaah",Positive
5,kuahnya seger banget,Positive
5,Kalo bisa packagingnya jangan pake styrofoam.,Positive
4,"isinya sotonya mi doang, ayamnya dikiiitt bgt",Negative
4,terlalu kental untuk ukuran rawon. atau mungkin semarangan memang demikian?,Negative
1,gimana mau makan gojeknya salah naruh alamat.ga bisa dihubungi gojeknya,Negative
3,Saya pesan gudeg krecek telor tp g ada telornya,Negative
2,"rasa berubah banyak sejak terakhir beli,sayang sekali tdk konsisten",Negative
4,"bumbu kuahnya anyep, kurang sedep",Negative
3,"bau, biasanya bau ga menyengat gitu",Negative
3,Sotonya ok. Tetapi lumpianya kurang enak asin banget rebung nya tdk terasa .. rebon nya yg menonjol,Negative
1,maaf pesenan saya ko kuahnya tumpah ke plastik,Negative
5,i enjoyed every bite,Positive
4,Gongsonya enak..serba pedas..sampe pesan nasi goreng tidak pedaspun dibikinin pedas..semoga lebih baik lagi & lebih ramah anak (diperbanyak pilihan menu tidak pedas)..goodluck..,Negative
1,rasanya : AMAT SANGAT TIDAK ENAK !!!,Negative
5,Lumayanlah buat seger2...,Positive
2,"sotonya hambar kurang enak, pesen nasi goreng babat sisa minyak banyak banget jd takut mau makannya...overall cukup sekali nyobain",Negative
4,"Makanan khas semarang bgt, tp proses masaknya cukup lama.",Negative
1,"kuah hambar, sepertinya lupa dikasi garam dll.",Negative
3,gulai sapi nya anehhh rasa nya... gulai koq bening,Negative
1,"Saya pesan soto ayam kampung, tp isinya cuma nasi & kuah",Negative
1,"emping , TIDAK BISA D MAKAN KERAS D JUAL , SAMBAL BASI  , NASI PUTIH  PYUR   nasinya jelek ,, BENER2  ASAL JUAL TDK MLIHAT   BS D MKAN TDK , klas nya yg beli kuli ,,tdk bs d beli mengah dikit , tahu Asam ,.blac list .",Negative
1,telor pindangnya asem dan bau,Negative
4,cuma mau saran aja kalau beli gudeg taro disterofoam tumpah2 terus apalgi kuahnya yg ada jd bececeran kena lauk2 lain. mending kecampur diplastik aja gudeg kreceknya deh tp ga tumpah2 kuahnya.,Negative
1,tahu nya basiii,Negative
4,my avocado juice was bitter so much,Negative
1,soto ayam kok tidak ada ayamya?!,Negative
5,kalau bisa ditambah nasi putih😁,Positive
2,ayamnya klewat dikit,Negative
4,Kuahnya kebanyakan air jadi hambar ga terasa bumbu,Negative
3,buat saya yg gak suka gurih dan garam.ini cocok,Negative
2,ini soto ayam atau soto bihun? ayamnya ga keliatan... banyakan bihun nyaaa dan kuah nyaaa. aaargh ga puas.,Negative
1,saya beli jus alpukat warna nya hitam dan pahit.. sangat kecewa,Negative
3,"mungkin porsi ayamnya bisa dibanyakin, ini saya seperti makan bihun doang, suwiran ayamnya terlalu kecil dan sedikit.",Negative
3,sotonya enak. hanya risolnya gak fresh spt mau basi lalu telur di dalam pastel juga bukan telur rebus melainkan telurnya gudeg yg coklat dan keras.,Negative
3,ayamnya terlalu sedikit mungkin harga perlu dinaikin biar ayamnya lebih banyak,Negative
5,yg penting kebersihan nya pasti langganan dech🙏,Positive
4,Suwiran ayamnya alus banget sampe ga keliatan. Kuahnya kebanyakan. Kurang asin sedikit.,Negative
4,agak kurang asin,Negative
2,"kuahnya bnyak bget, rasa kurang, ayamnya gakda😭",Negative
1,"Soto ayam, tp ga ada ayam nya",Negative
1,isi nya cuma bihun dan toge aja sama jauh nggak ada daging ayamnya,Negative
2,mana ayam kampung nya? kebanyakan soun sm airnya aja.. gmn sih? suwiran ayam kampung apa cuma remahan.. gak kliatan daging ayam nya dmn,Negative
3,"Porsinya Lumayan banyak, sayang sekali Rasanya kurang mohon di tingkatkan lagi Kualitas Rasanya ya......",Negative
5,enak banget rasanya,Positive
5,Rasa dan porsi Terbaik,Positive
3,Napa makin kesini porsinya berkurang yaaaaa?,Negative
1,"mie nya dalam kata kurang enak dan kwitiaw nya kategori yang ga enak samsek kebanyakan kol harga 35k berasa beli harga yg 15k lebih mending beli yg 15k deh daripada ini. Mana ada kwitiaw seafood dan mie Surabaya seafood, mana ada seafood nya udangnya juga ga fresh cumi nya apalagi. ga banget deh pokoknya....",Negative
4,rasanya kurang pas agak sedikit asin,Negative
3,Kurang lengkap seafood dan rasanya sangat asin. ( sangat tidak cocok untuk penyakit darah tinggi dan kebersihan kurang .mhn agar di tingkatkan Kualitasnya.tks,Negative
5,Depot Mie Surabaya Juaranya,Positive
3,Pesan tanpa sayur malah dibuatkan dengan sayur banyak selali,Negative
5,"manteeep, biasaamakan ditempat ini langganan pakde 👍👍👍👍👍",Positive
5,Rasanya pas dilidah,Positive
2,rasanya kecap doang😞🙏,Negative
5,terlalu asin dan gak ada sambal atau acar cabenya,Positive
5,porsi nya beda jauh sm mie surabaya ibu ayu pisangan baru gg. skip,Positive
3,topping ayamnya/ati ampela dan bakso potongannya kekecilan..,Negative
5,"enakk, porsinya banyakk",Positive
1,Capcaynya kok amis ya. Jd mual gak selera makan.,Negative
5,Langganan banget disini opsi tepat kalau laper pengen makan banyak tapi murah dan enak,Positive
5,muraahhh bangeeettttttttttt,Positive
5,porsinya mantap rasanya mantul beud,Positive
5,porsinya mantap rasanya mantul,Positive
5,Rasanya Mantul beud...,Positive
4,kurang asin sedikit sama kurang pedes ..,Negative
3,capcay nya asin banget trus isinya sawi doang 😥,Negative
3,"porsi tidak sesuai deskripsi dan porsi mie surabaya grup pada umumnya. rasanya juga kurang manis, beda seperti biasanya.",Negative
1,kurang lengkap tidak ada kerupuk saus dan sedikit porsinya,Negative
5,rasanya mantap dan drivernya sangat sopan.,Positive
5,makasih chef menu favorit ...selalu enakkk☺️,Positive
5,"Perdana pesan, rasa cocok enak. sayang nya nasi nya kebanyakan walo minta dikurangi. Next pesan lagi, moga rasa tetap enak dan cocok. terimakasih chef.",Positive
5,"Nasi goreng dendengnya unik. Tapi mie goreng nyemek menurut saya yang tidak kuat pedas, sangat pedas. Seingat saya pesan pedasnya original saja.",Positive
5,mantaabbb. tinggal diasinin dikit lagi dan ditambah manis nya maknyusss,Positive
5,"mantabbbb.
simply the best nasgor with the relatively affordable price.
thank you.",Positive
2,dendengnya gosong bgt 😭😭 nasinya enak padahal tp dendengnya ga berasa apa apa,Negative
5,enak dilidah saya lah pokoknya...,Positive
3,"so so nothing else to say,",Negative
3,"Soal rasa menurut saya Enak, tapi entah kenapa daging nya Masih alot ya.
andaikan empuk pasti lebih nyaman di mulut 😊",Negative
3,"untuk porsi 28 k sih lumayan kecil ya, potongan daging dendengnya biasa, untuk rasa...lumayan",Negative
1,"saya pesan telur dadar, tp pas dibuka gk ada telurnya?!!?!",Negative
1,"Telor ceploknya mannnaaa woiii, lumayan 7500",Negative
1,"pesanan salah. pesen nasgor dendeng cola + dendeng lemak, datengnya nasgor dendeng biasa + telor. Nasinya hambar kurang garam, telornya gosong. ada sedikit rasa pahit di nasinya mungkin karena gosong",Negative
3,"lemak nya terlalu kering, gaada aroma lemak, nasgor kurang gurih",Negative
4,Sepertinya ada penurunan kualitas pada rasa,Negative
3,A bit too dry...,Negative
5,pas.....................,Positive
4,kombinasi abonnya bikin agak zonk karena jadi terlalu manis,Negative
5,"Kaya rempah enak gurih bumbu, dendeng lemak mantap, porsi banyak, beras perah enak banget buat nasgor",Positive
5,Mantap porsi banyak rasa kaya rempah dahsyat,Positive
3,Nasinya pera dan terlalu kering,Negative
4,untuk yg suka nasi goreng asin mungkin oke tapi kalo saya kurang suka lebih suka nasi goreng yg manis,Negative
5,maknyus bener rasanya,Positive
5,kapan kapan akan order lagi,Positive
1,"Udah bayar extra telur dadar, pas sampe cuma nasgor tok! Uang saya kebuang percuma",Negative
3,"terlalu berminyak, kurang pas di saya",Negative
5,"thanks cheff, mantul..",Positive
4,"Enakk, agak keasinan, cuma pricey yaa",Negative
5,"yah lumayan enak, tapi isin dendengnya kurang banyak",Positive
1,Gimana ceritanya gw pesan nasi goreng dendeng lemak malah dendeng lemaknya g ada? Mending gausah diterima orderan gw.,Negative
4,Resepnya udah asli tp too salty for my taste.,Negative
5,"enak, berbumbu, ngga terlalu berminyak, pedas original nya pas ga terlalu pedas buat saya yg ga suka pedas, porsi pas tapi kalo harga kalah dari nasgor abang2 *peace*",Positive
4,"Terlalu asin, kurang cocok dengan selera saya",Negative
3,Nasgornya terlalu manis dan dendengnya kecil2 dan sedikit,Negative
5,delicious and great,Positive
5,Selalu enak. Tetap jaga kualitas,Positive
5,always great and delicious,Positive
5,Enak as always!,Positive
5,maknyoosss bosquuu,Positive
5,Ini enaaaaak banget! 👍🏼,Positive
1,"harganya tambah mahal, rasanya makin ga jelas",Negative
5,nyo baro mie aceh samudra,Positive
5,"ini baru mie Aceh samudra yg seperti dulu
semenjak koki baru rasanya sangat nagih
dan kemasan nya pun sudah pakai sterofom",Positive
4,untuk rasa ok cuman untuk kemasan sedapatnya mengunakan Styrofoam dan disertai alatmakan,Negative
5,chef nya ramah dan baik,Positive
3,porsinya banyak banget tapi rasanya kurang dari segi bumbu,Negative
2,Martabak telor kecil banget. Kaya telor dadar biasa dikasih acar,Negative
2,kurang sisening ~ hambar,Negative
4,"maaf sya jujur untuk mngoreksi rasa dri restoran agar lbih berkmbng lgi..
rasanya kurang warna terlalu pucat..
 mgkin bumbu mie acehnya terlalu sedikit",Negative
2,rasaya hambar sama sekali gak ada rasa garam atau apapun,Negative
5,"dari bumbu nya udah khas Aceh. 
selanjutnya biar bintang yg berbicara. 
terimakasih.",Positive
4,"tidak standar,tempo hari rasanya enak bgt porsi besar,pesanan hr ini rasa kurang,teh tarik rasanya juga aneh",Negative
3,Kirain martabak yg di kotak taunya digulung.,Negative
5,"di tampilan menu mie goreng basahnya ada topping kacang, tp pas menu nya datang ga ada kacangnya.. martabak telornya lebih mirip omelette atau telor dadar sih... porsi cukup puas lah...",Positive
2,"saya pesan es teh tarik dateng nya gak ada es nya sama sekali malah hangat dan tumpah minuman nya, gak di kasih sendok pula",Negative
4,sudah pas dr segi rempah. namun menurut lidah saya kurang asin sedikit sehingga inilah kenapa orang2 bilang rasanya hambar.  untuk porsi cukup banyak yaaa orang biasa kudu saya bagi 2 wkwkkw soalnya lg gak laper2 bgt.,Negative
5,hebat dj chef nya baik hati enak bangettt puas deh malasih bnyk Chef nya bkn hanya rasa porsi cukup buat 3 orang good lah bisa bagi bersama keluarga slama masih Pandemi agar lebih romantis,Positive
1,"rasa ga enak sumpah mending lu tutup
waktu itu mesen es teh tarik rasanya pahit,kaga ada es nya...",Negative
1,"rasa hambar,jadi ga kemakan",Negative
1,"sama sekali ga enak, tawar, abis gitu ga di kasih kuah kuah buat penguat rasa",Negative
4,"nasgor enak...
mi nyaa nih kek ada kurang passss gtuuuuu apaa yaa, pokoke moga lbihbbaik yo",Negative
3,Agak hambar rasanya,Negative
4,1. rasanya berubah.. coba deh dikoreksi rasa lagii hihi 2. kemasan gurih sm manis lain kali di pisah yaa. tengkyuu,Negative
2,"porsinya dikit, rasa kurang, harga agak mahal",Negative
3,porsi mie kebyakan jd ga berasa bumbu aceh khas nya.maaf ya tolong tingkatkan lagi citarasanya.mks,Negative
4,"bumbu nya di sesuaikan dgn porsi biar rasa lebih mantab, ini bumbu kurang testi rasa asinnya kurang sedikit lagi",Negative
5,"mantapp sih ga pesen mie yg grg tp dptt huhuuu....
rasa mah bbajaa tp porssi kuliii bett",Positive
1,rasanya sma sekali tidak enak,Negative
3,canenya keras. mie kuahnya lumayan.,Negative
5,enak mie acehnya euy 🤗 yang penasaran ayo pesen aja.,Positive
1,Mie nya pedes bgt ga enak! MAHAL DOANG TAPI KUALITAS RASA PAYAH,Negative
5,mashallah manteb bgt mie acehnya mantul....murah banget dpt hrga promo 9500 per porsi kenyang buangetttt porsinya banyak...berkah ya mie aceh samudra passe moga makin laris dagangannya🥰🥰,Positive
4,"ya biasa aja, jd ya lumanyun",Negative
3,minta menu kuah tapi dikiiiiit bgt kuahnya kecewa :(,Negative
3,Gda telor dadar nya,Negative
1,rasa kecewaaaaaaaaaa sekali ... gak ada rasanya roti caknainya keras kaya batu kali. teh tariknya bau sekali. tolong gojek kalau sudah rating jelek tutup aja tokonya.,Negative
1,ga ada rasanya cuma pedes doang,Negative
4,"maaf bumbunya tdk terasa, mhn dibenahi ya agar jualannya sukses aamiin",Negative
5,"langganan, enak bangetttt",Positive
1,"tidak sesuai ekspektasi:)
jus nya tidak manis sama sekali.
pelanggan kecewa",Negative
5,klo mw TLP orgnya lgi bagaimana ya,Positive
5,Manggat that that bang,Positive
3,tidak sesuai gambar ada kacangnya dan acar nya sedilit sekali,Negative
2,"Dagingnya dikit bgt, ga sesuai harga",Negative
1,kalau jualan yg sesuai jangan bohongi pembeli,Negative
1,"kerupuk ga ada 
kuah kering mie doang sajian apa ini..kapok",Negative
1,Bad and not worth the money and it’s small potion even not make baby full,Negative
1,"paraah bgt rasanyaaaaa, pedes doang. beli mie aceh goreng daging, dagingnya cuma 2 biji segede kuku. beli martabak telor yang dateng telor dadar isi cabe, harganya 20rb tapi telornya juga cuma 1 butir kayanya. parah bgt pedagang kaya gini, mentang2 jualanya ga tatap2an sama pembeli, jangan kaya gitu juga doooong. kecewaa bgtbgt",Negative
1,"saya beli yang mie aceh istimewa tapi ga ada istimewa nya uda cuma 1 daging ga ada,cumi ga ada ....walaupun promo harusnya tetap dong isinya sesuai dengan yg penjual cantumkan,rasa kurang ,martabak nya juga aduhhhh itu mah bukan martabak tapi telur dadar,timun juga 1 iris ckckckckck...kata nya paling laku menu yg saya beli,itu yg paling laku customer lain rasain nya gimana yaaaaa...???",Negative
1,"Pesen Nasi goreng, Mie goreng, Mie Kusah.
Porsinya sedikit, rasanya ga enak, nasinya ambyar.
Sangat buruk, super kecewa.
Klo niat jualan tolong diperbaiki, parah.
mubazir ga kemakan.",Negative
3,Gak ada kerupuknya dan Es Teh Tariknya gak ada rasanya.,Negative
2,Saya order mie aceh daging tapi isinya ga ada daging. Terima kasih,Negative
5,Siip untuk msk nya,Positive
1,"Berbeda dari gambar, rasa hambar, pokonya tidak sesuai",Negative
5,sesuai ekspektasi dan harga,Positive
1,luar biasa asinnya...😪😪😪😪tolong di rasa lagi ya...sebelum dikiirm..,Negative
1,"nasi goreng seafood ga ada rasa nya, tawar seperti ga di kasih kecap dan ga dapet krupuk",Negative
3,kurang bumbu !! sayang banget,Negative
3,Bumbunya kurang nendang.. Kurang asin juga.. Yg istimewa topping nya dikiiiiiit bgt.. Tp porsi lumayan besar sih.. Martabak acehnya lumayan jg..,Negative
1,"Kurang garam, daging sapinya cuma 3 slice aja banyakan mie sisanya. Maaf reviewnya jelek, tp nyesel banget rasanya hambar banget, packaging kurang minuman smpe tunpah",Negative
1,"pertama tadi enak kuah ny kental..trus saya pesan lagi jadi kuah ny bnyak banget.
inti ny enak yg pertama",Negative
1,"minta pedes gak pedes, pesen kuah nya bnyak malah kya mkn mie goreng gda kuah sama sekali gk lengkap juga kerupuk gda kacang gda jeruk nipis nya juga secuil doank. parah ini mah",Negative
1,kurang bumbu rasanya,Negative
1,Nasi goreng aceh terburuk yg pernah saya makan .. maaf🙏,Negative
1,Gak sama kaya dulu rasanya otentik dan gak dapet acar,Negative
3,"mi acehnya enak dan porsinya banyak tapi roti canenya nggak banget. kejunya dikit, mesesnya dikit, susu kentalnya jg dikit.",Negative
1,"nasi goreng Aceh yg paling kaga enak sepanjang sy hidup, martabak asin , mie pucat. beda sama tukang masak yg lalu, sy lama langganan dengan pengelola yg lama. tukang masaknya lebih baik pulang kampung aja lah ke Aceh, bikin malu orang Aceh yg ada di Jakarta.",Negative
2,"martabak telurnya ga enak, itu seperti omelet / telur dadar",Negative
3,"kedepannya kalo pesen lewat go food, kasih sendok sama sterofoam. kasihan klo yg pesen lagi di tempat urgent",Negative
5,mie nya enak bikin nagih,Positive
2,"Nasinya belum matang, masih seperti makan beras :((

tlg diperhatikan ya..
trims..",Negative
1,"nasi goreng cumi, daging cuminya hanya 2 potong",Negative
2,"Rasa dan kualits tdk sesuai dgn harga.. pertama ini mie aceh tdk memuaskan, semoga kedepannya lbh improve lg",Negative
3,keasinan kebanyakan garam,Negative
3,nggak ada dagingnya!!!!,Negative
2,"saya pesan pedasnya sedang, malah tidak ada rasa pedas sama sekali
yg kuat rasa asinnya
bumbunya sangat kurang",Negative
2,coba cek pesanan customer donk...biar supaya lebih oke,Negative
2,martabaknya tidak ada acar rawitnya,Negative
1,"bukan mie Aceh ,tapi mie biasa...acar bawang nya jg ga ada utk martabaknya",Negative
1,cumi nya msh amis gk di masak dgn benar,Negative
5,mantap mie spesialnya,Positive
4,"roti cane nya ,, agak gimn gitu rasanya,,, kykny frozen foodny terlalu lama maybe",Negative
2,pesan nasi goreng di bungkusin mie goreng,Negative
5,enaaakkk .. 7thn di jkt akhir a rasain mie aceh khas aceh a. mantap,Positive
1,pesanan tidak sesuai,Negative
4,2 hr yg lalu mesen enak.. mantap.. nah oesanan yg ini agak asin,Negative
4,ngga ada sambel bawangNya,Negative
2,nasi nya kurang mateng. .  jdi makan nasi goreng kaya nasi mentah .. 😢,Negative
4,pedes banget.. sampe g kuat..,Negative
5,udah nya kurang banyak ka muhehehe,Positive
5,Kop brat mangat,Positive
2,"Bu...kok asin bgt ,gak kya pesen sebelumnya hadeeeuh",Negative
4,"rasanya enak..tpi gk sesuai di gmbar,di foto ada emping sma kcg goreng ny. Tolong si sesuaikan gambar ,thnks .",Negative
2,Rasa kurang enak mgk krn petisnya yg memang krg enak & kurang higienis ada rambut di makanannya,Negative
4,petis nya kurang nampol,Negative
3,"sorry, saya baru pertama ini makan rujak cingur, dan rasanya lumayan enak , 
tapi kalau boleh saran, berani modal dikit lagi untuk mewadahi bumbu kacangnya, karna gak semua pesanan dimakan langsung 
dan efek dari bumbu tidak di pisah, dalam perjalanan pasti gak selalu nemu jalan mulus, ada goyangan dan bumbu pun tumpah dari wadahnya, jadi terkesan si kurir yang lalai
padahal ya faktor kemasan
ini cuma bisa ngasih saran aja sih,kalau rasa ya oke oke aja sih",Negative
4,"bumbunya rasanya kurang medok, petisnya ga berasa",Negative
2,saus nya rujak tumpah semua diplastik . rasa kacangnya kurang .kantong plastik tidak di zip tied.,Negative
4,"lengkap dg buah tp bumbu petis kurang medok, tingkatkan lagi ya!",Negative
2,Saus petisnya kurang,Negative
5,Cpt bgt pick UP nya. Pedagang ramah. Kirain toko ternyata warung nya drmh. Sukses y mas,Positive
2,"saya pesan yg Mozarella,tp gak di kasih Mozarella nya.. tahunya jg gak ada cuma tempe doang. lain x diperhatikan pesanan customer.thx",Negative
1,gak ada rasanya...ambyarrrr,Negative
2,Ayam bakar nya maaf aja gak enak.. Bumbunya gak meresap kedalam dagingnya.. Dagingnya pas digigit basah mungkin abis di rebus trus langsung dibakar jadi berasa air aja gitu,Negative
3,kubis gorengnya rawan kanker,Negative
1,pesanan tidak di antar,Negative
4,"Terlalu berminyak, lauk dan sambelnya. tolong dikurangi.",Negative
2,20rb belom pkek nasi 😭,Negative
1,Rasanya lumayan tp Ayam nya seperti terlihat sedikit dagingnya lebih banyak temping nya. Kol goreng nya gosoong :(,Negative
2,kol gosong.. cabe nya kaya cabe bubuk,Negative
3,Rasanya kurang..kurang gurih kurang asin..,Negative
2,"too long preparation, side dish overcooked all black, the rice is not well-cooked",Negative
3,The taste not so yummy,Negative
1,"Hambar, ga enak  akhirnya dibuang. Sayang, pdhal cukup mahal",Negative
2,rasanya kurang enak,Negative
1,"ayam geprek ga ada dagingnya, tulang doang. beneran tulang,, Krn kulitnya pun ga ada. tulang pake cabe.",Negative
2,tidak ada rasa..apa lupa tambahin garam.tawar,Negative
1,"tepe nya gosok,ayam nya kulit doang,dagingnya ga ada",Negative
5,Alhamdulillah anak saya doyan banget sate kelinci nya kebetulan buat Obat asma anak saya doain biar cepat sembuh asma anak saya sekali terima kasih. klo bisa harga satu tusuknya di kurangin gtu om,Positive
2,daging sapi nya sangat sedikit dan rasa nya pun kurang.,Negative
5,porsi sop nya kurang banyak..😁,Positive
1,Bu tongseng daging sapi nya masih keras alot...sate ayam nya enak tanpa kulit ayam.,Negative
2,"Daging alot, tidak sesuai dengan harga nya",Negative
4,tongsengnya keasinan dikit,Negative
3,dagingnya keras,Negative
3,pesen tongseng kambing dikasih tongseng ayam. kurang pedes... soal nya cabe nya di iris bukan ny diuleg....,Negative
4,Tongseng dagingnya sedikit,Negative
5,bikin nagih bangettttt...lagi sakit aja terasa enaknya,Positive
5,mantap syekaleeee,Positive
5,rasanya pas banget..mantap .saya direkomendasiin sama adek saya...baru makan tongseng seenak ini...terima kasih,Positive
3,Porsinya terlalu sedikit,Negative
5,enak bangettt pak rasanya tapi ayamnya sendikit hehehe,Positive
2,porsi nya ga sesuai dengan harga aslinya..,Negative
5,"rasa nya pas,seger,",Positive
5,very delicious. thank you,Positive
3,porsi tongsengnya kurang,Negative
3,beli 5 pors tp yg 2 satenya kurang..penjual gak teliti dan tidak jujur,Negative
3,"baru pernah coba, ternyata makanan nya ga enak.",Negative
5,"ok..mantap, terima kasih ya",Positive
5,mantab dengan songsengnya sampai anak saya suka suka suka,Positive
3,"bumbu satenya encer bgt, rasanya juga hambar tpi satenya beneran full daging no kulit",Negative
5,mantaaaaaab.....,Positive
4,"bumbu kacangnya sedikit, rasa lumayan lah, kalo  rating 1-10 di nilai 7",Negative
5,mantaaaab......,Positive
4,"awal pesan nasinya bkin kaget orang, sedikit bgt...., giliran pesan kedua kali nya ya lumayan lah nasi nya. sate nya potongan ya yg bikin gak nyesel deh... ,enak dimakan selagi panas².cuma kasih masukan ya kak, tolong dikasih sendok(plastik) , klw kita diluar rumah masak iya mau makan gak pakai sendok?.. diutamakan rasa ya kak,pelanggan puas kan pedagangnya juga ikut seneng. sukses selalu smoga lancar trus usahanya.. Amiin, salam dr anak rantau asli solo juga....",Negative
5,"enak mantap sate sama tongseng nya , cuma gak dikasih sendoknya😭",Positive
1,"rasa hambar dan tidak worth it banget dah, isi dagingnya sangat sedikit,",Negative
3,"porsi dagingnya kurang, hehe",Negative
5,Enak deh 🥰 tapi mungkin bisa di tambah ekstra sambal kali yaaa biar makin mantap,Positive
5,satenya belum mateng bang.. bakarnya kurang lamma,Positive
3,"tolong kalau namanya tongseng itu kuahnya ada tp ga banyak, dan tolong di cicip rasanya kurang apa. ini kuahnya banyak tp ga ada rasa sama skali. makasih semoga kedepan lbh baik lagi",Negative
5,"Porsinya banyak, enak..",Positive
5,"Mantab, betul-betul tanpa kulit dan dagingnya bakar matang.",Positive
4,bumbunya dikit banget coba banyakan pasti lebih enak,Negative
4,tongseng kurang garam,Negative
4,tongseng kurang garam sedikit 😁,Negative
5,bumbu nya agak dibanyakin,Positive
1,"saya sering makan tongseng, tp baru kali ini beli disini..rasanya ga enaak. tongseng kog kuahnya rasa kecap asin!!!",Negative
4,sateny enak empuk.. bumbu kcgnya kurang byk..,Negative
2,bau daging kambingnya masih tercium,Negative
4,bumbu kacangnya jgn terlalu encer,Negative
5,"lumayan enak, cuman belum khas solo bgt",Positive
3,kurang kering bakarnya,Negative
3,terlalu banyak lemaknya,Negative
3,tongsengnya kurang kental. saus kacang sudah sangit.,Negative
1,sangat mengecewakan,Negative
4,seger banget abis minton minum jus,Negative
2,"kedepannya kurangi es nya ,banyakin buah nya ya,, biar lebih terasa buah nya, bukan es nya yg lebih terasa ,terima kasih🙏",Negative
1,"Mahal nya doang, rasanya di bawah standar",Negative
1,"yg d pesan apa,yg d krm apa... sangat kecewa",Negative
1,"Sop buah duriannya tidak sesuai foto. Yang datang malah sop buah kuah durian, duriannya juga tidak terasa. Ganti aja fotonya",Negative
2,"jus nya kaya ngga pake buah fresh, terlalu banyak air. SOP buahnya juga terlalu banyak air dan ngga ada rasanya",Negative
1,"Mohon maaf yaa saya coment agar meningkatkan kwalitas, bu atau pak ini jusnya kebanyakan air apalahi sop buahnya bukan sop tapi air kasian banyak yg kecewa terima kasih",Negative
1,Jus mangganya tidak di kirim!!!!,Negative
3,jusnya gak fr3sh,Negative
5,great 👍🏻👍🏻👍🏻👍🏻👍🏻,Positive
2,tahunya udah dingin,Negative
2,pas makanan nyampe udah dingin,Negative
3,"Msh alot tepung nya , gak garing. Kurang lama di goreng",Negative
3,"Tahu sdh tidak hangat dan kriuk lagi.. 
habis di goreng ulang tapi sdh dingin lagi..",Negative
2,"Tahunya dingin, kayaknya udh digoreng duluan. Gak seperti biasanya",Negative
3,"Sdh diberi notes spy dikirim yg baru digoreng, tp dikirim yg sdh tdk panas. Pdhl jarak sgt dkt. Tdk sebagus yg di Kalibata.",Negative
1,"worst tahu kriuk ever, served super cold, sticked to each others, and hard to chew.., feels like eating rocks",Negative
3,"Tahu nya udah melempem banget jadi keras, biasanya beli baru digoreng enak.",Negative
2,"kali ini saya kecewa krna tahu yg dipesan dingin, pdhal sebelumnya kalau saya pesan selalu dalam kondisi hangat",Negative
1,tahu belum matang or tepung salah bahan?,Negative
3,Keras tidak spt biasanya,Negative
3,sudah dingin dan banyak minyak,Negative
1,"Tahunya dingin, jadi ga enak",Negative
3,"Tahunya enak, haya kenapa cabe rawit nya ada yg bekas gigitan ya?",Negative
2,dikirim dlm keadaan dingin.,Negative
1,Tahu nya dingin semua,Negative
3,Tahunya alot karena digoreng ulang.,Negative
4,"sesuai request, baru dan panas, tp sedikit asin",Negative
4,rasanya kurang krunchi seperti Tahu Kriuk cabang kebagusan,Negative
1,"Minta yg panas cuma gym dibagikan atas nya yg panas yg di bawah ga panas dan ga kriuk ,aneh padahal nama nya tahu kriuk?!",Negative
2,tahunya udah dingin dan alot. padahal saya tulis di note untuk minta yang panas dan baru digoreng... kecewa!,Negative
5,"Selalu dapat tahu yang panas dan bukan angetan, enak, terima kasih 🙏🙏",Positive
5,Yang ini sukses karena saya minta dimasak dari awal jadi enak. Yang kemaren2 digoreng ulang jadi alot. Malah pernah dikasih yang udah dingin padahal beli 2box yang isi 15 biji. Ampun deh!,Positive
3,"maaf sy ksh 3 star yaa krn tahunya gag crispy, dingin (gak panas) dan  agak sedikit asam.. 🙏",Negative
5,"Beli tahu kriyuk disini selalu dapat tahu yang baru di goreng (bukan gorengan yg di angetin) masih panas dan rasa nya enak banget, rekomen deh 👍👍",Positive
2,"udh dingin, jadinya alot dan ga krispy",Negative
1,Minta yg panas ga di kasi yg panas!!!,Negative
3,Tahunya harusnya panas. Psti lebih enak. Ini dingin bgt. Bikin pegel ngunyah,Negative
5,alamatny tahu kriuk dimana jatipadangswbelah mana,Positive
2,tahu gak pake cabe rawit tu gimanaa ????,Negative
1,"Yg bawah ga keriuk dan ga panas,kecewa NTT sih!!!",Negative
5,Rasanya enak apalagi pans2. packaging juga bagus 👍👍,Positive
4,"pesennya isi 15, nyampenya 10",Negative
3,terlalu berminyak,Negative
5,"boxnya bagus, tp sayang masih pake kantong plastik. smoga kedepannya ada solusi lain yg lebih ramah lingkungan ya. kita dukung program pemerintah. Semangat!!",Positive
1,banyak yang bau tahunya tlg dijaga kualitasnya br kali ini order tahu nya banyak yg bau,Negative
3,"Tahu nya gak panas, keras, gak fresh.. pdhl dulu gak begini..",Negative
3,"Td yg masak tahu jam 17.07 beda org kyknya. Tahunya keras, gak kyk biasanya. Kyknya salah racikan atau salah goreng. Mohon utk mempertahankan kualitas tahunya yaa",Negative
3,"Pesen yg isi 15harga 27rb,,,tp isina cuma 14",Negative
3,"tahunya udah digoreng beberapa kali :(
warnanya kehitaman",Negative
3,kenapa tahunya lengket atau menyatu ya setelah digoreng,Negative
5,Enak tp sayang tdk dikasih cabe rawit,Positive
4,kalo hangat enak banget,Negative
4,"Seringnya dapatnya udah gak kriuk, krn udah kelamaan digorengnya",Negative
2,beli paket 50 + 15 = 65 in total. tp isi paket yg diberikan kpd gojek/pelanggan hanya 61.,Negative
4,Enak. Tapi balutan tepungnya kurang kriuk dibandingkan outlet lainnya.,Negative
3,ga seenak tahu kriuk cabang laen,Negative
3,mesen udang balado datengnya daging,Negative
1,"tidak sesuai ekspestasi,tahu nya kecil dan agak keras.",Negative
2,Kulitnya ga crispy kyk di cabang2 lain..,Negative
2,"cabe nya manaaaaaaaaaaaaaaaa😒 jangan sampe lupa donk, org kan mau makan tahu pake rawit nya juga... tadi rada kecewa karna lumayan berminyak juga, makasih",Negative
1,mana cabe rawitnyaaaaa 🤦🏻‍♀️,Negative
4,Gak diksh cabe rawit (mungkin habis),Negative
2,cabe rawit nya bnyak yg busuk. yg ngga busuk juga bau dan lembab. apakah pengaruh banjir?,Negative
2,Barangnya sdh lama lalu digoreng lagi jadi keras . Tdk bagus jadi kecewa,Negative
3,Kriuknya terlalu keras.,Negative
4,Gak sedia yg isi 15 pcs. Cuma punya 10 pcs. Klo mau nambah jadi 15 pcs harus nunggu 45 menit kata abang gojeknya. What the hell,Negative
3,"sudah tidak panas, tahu digoreng terlalu lama jadi susah digigit juga",Negative
1,Tahunya bau bgt :( gakaya biasanya,Negative
5,kriuk nya mantap,Positive
2,ga dikasih CABE!!,Negative
5,Cemilan favorit keluarga,Positive
4,"how to have them warm , cause it'll be a little bit hard to bite when they getting cold.",Negative
5,Kriuk yes terenak seasia tenggara,Positive
5,baru abis digoreng..jadi endes..cuma agak lama.,Positive
4,tolong minyaknya hrs sering diganti,Negative
5,enak tahunya kalau dimakan panas2,Positive
5,"ini enaknya gak manusiawi ih, masa 25tahu abis buat 3org doang :(( oiya rawitnya dooong banyakin hehehehe asli ini enak sih klo yg dipinggir jalan kan ukurannya kecil2 ini versi mediumnya lah yaaaaa",Positive
5,Enak banget kriuknya woy gaboong,Positive
3,minyaknya baru bos?,Negative
3,"tahu nya enak, tapi sepertinya harus tunggu digoreng terlalu lama",Negative
4,çabe nya lupa d ksh ya😀,Negative
3,tahunya udah dingin and kerassss aloott... T_T,Negative
1,tahunya keras. nyaris gosong. kayak udh digoreng berkali2,Negative
3,pesan tahu yang isinya 25 tapi cabenya cuma dikasih 12,Negative
3,enak bgt tp sayang ga dikasih cabe. mana enak tahu doang gapake apa2. semoga kedepannya stock cabe yg banyak,Negative
5,"rasanya seperti tahu, sy suka",Positive
4,mungkin bisa di tambah bumbu bubuk rasa2. terutama pedas. pasti lebih nampol rasanya,Negative
5,Tahu kriuk enaaak favorit bangettt,Positive
5,saya suka.. rasanya seperti tahu 👌👌👌,Positive
5,"packing sangat bagus dan makanannya sangat enak , kebersihan packingnya juga terjaga dan pengiriman cepat",Positive
1,ga ada saus keju,Negative
4,Kurang pas saucenya,Negative
3,saos coklat kaya uda basi..bau asam ragi gt..ga kaya biasanya. Tahu nya pun kulit nya tipis banget ampir ga kliatan kulit tepung nya,Negative
4,can't taste the salted egg sauce. maybe you need to upsize the sauce... :),Negative
3,"salted egg taste ""basi""",Negative
5,Delicious👍🏻👍🏻👍🏻,Positive
4,dalem isi tahu nya dingin kaya abis dari kulkas,Negative
2,driver nunggu terlalu lama,Negative
3,Terlalu gurih dan msg,Negative
4,rasany enak.. trimksh,Negative
4,"terlalu kering, but masih cukup enak",Negative
1,"udah sering beli tapi kecewa sekarang bakso dan isian pangsit nya jadi ngeres, tidak lembut lagi. udah gitu dumpling jadi cuma 2. kalau pembelian berikutnya masih kaya gini, fix ga mau beli lagi.",Negative
3,rasanya jadi beda ): dulu enak banget + daging pangsitnya gaada tulang ikannya skrg ada ): aku sedih,Negative
5,enak yang goreng,Positive
5,"Baru nyobain sekali dan gk nyesel ternyata rasanya enak banget, pasti bakal jadi langganan kalo lagi kepengen pangsit goreng sih 😁😁",Positive
5,"Pertama kali beli disini, beli pangsit goreng dan dumpling kuah dua-duanya manteppp!! (bakal jd langganan kalo bm pangsit lagi) hehe. Disini pangsitnya enakkk, biasanya di yang lain suka kerasa asem ini ga sama sekali, bumbu nya pas. Kuah dumpling juga the best!😭 Terus disini pake ciwis bukan sawi, ternyata lebih oke karena biasanya kalo pake sawi suka kerasa agak pait. Mungkin masukan aja di pangsit gorengnya ditambahin toge hehe. Dan bisa sekalian jualan minumannya biar bisa sekalian order makanan & minuman jadi ga order di 2 tempat. Thank you!!~",Positive
1,"jualannya yg amanah, udh mahal gak sesuai gambar, rasa gak ada . hilang selera",Negative
5,Enaaakkk bangeettt gurih jugaa yang pangsit rebusnya... Kalau pangsit gorengnya kyknya kurang saos tiram+gula sikit... over all enak...,Positive
5,"Enak sekali... rasanya enak gurih, bahan2nya fresh...",Positive
5,enak banget gak bosan selalu pesan,Positive
5,"Baru pertama kali beli karna pengen pangsit goreng , rasa nya enak kok , okee lah",Positive
5,rasanya muantulll top markotop,Positive
5,"blm pernah kecewa beli pangsit di sini. rasanya enak, porsinya pas, kuah dan sayurnya seger. semoga selalu konsisten kualitasnya dan harganya ga makin mahal.",Positive
2,saya pesan dumpling kuah & pangsit kuah spesial tapi yang datang dumpling kuah & pangsit goreng,Negative
4,kurang porsinya...,Negative
2,"mohon maaf pesenan tidak sesuai dengan deskripsi yang diinginakan.. saya minta tidak pedas sama sekali, tapii pas di buka semua pedas. terima kasih.",Negative
5,sesuai pesanan .trimakasih,Positive
5,"saran untuk pangsit gulung ori ditambahkan saus asam manis untuk pelengkapnya, terima kasih",Positive
5,selalu enaaakk..👍,Positive
3,sayuran nya dikit sekali tidak seperti di foto. untuk pangsit rasanya lumayan 8/10,Negative
4,porsinya kurng hehehehe,Negative
4,saran aja si udah enak bgtt klo di tambah touge pasti lebih enak hahaha,Negative
5,pangsit gorengnya enak banget. pasti bikin ngangenin kalau aku udh balik surabaya.,Positive
5,enak bgt ini sihhhh.. bumbunya tuh hbs makan ga ninggalin bekas..pedessnya nampoll.. suka banget. dah 3x order berturut2,Positive
5,"Enak banget, kirain dimana taunya deket banget sama rumah mertua",Positive
3,"bingung, baru pertama makan pangsit nya kok kering bgt, ga kaya pangsit2 lain, udah gt kaya sawi nya cmn dicemplungin 3 biji aja.
tolong lebih diperbaiki penyajiannya",Negative
5,enak banget dan cocok banget buat sarapan... beneran ini menu terenak dan murah,Positive
4,"isinya gak sesuai bukan ayam malah otak², rasanya hambarr, tapii sesuai sama request, porsi lumayan puas lahh.. next isinya ayam yaa jgn otak².. suksess ☺",Negative
3,"gak sama seperti di menu,
pangsit kata nya isi ayam cincang,
kok malah isi nya bakso,",Negative
4,Rasa Enak. Tapi porsi kuran banyak 🙈,Negative
5,Enak tapi itu daun apasih kalo boleh tau,Positive
3,pangsit nya enak .tapi kalo bisa pedes nya jangan di campur sama cabe bubuk..rasa nya jadi ok nya. berkurang..untu steek nya enak seperti fishroll...terimakasih untuk makannya.,Negative
4,Kantong plastik mohon di ikat dgn kabel strap,Negative
1,dikit cuman dpet 5 pangsit,Negative
5,pangsit goreng yang enaaaaakkk bangeettt,Positive
5,kurang banyak porsinya 🤭,Positive
1,"porsi sedikit, tdk sesuai gambar makanan yg dtg, rasa hambar",Negative
4,"kaget pas liat isi dlm bungkusan nyaa, ga sesuai dg gambar.. tapi rasa boleh lahh..",Negative
3,tidak mirip di gambar,Negative
5,"di tambah sebusan toge pasti tambah makyos... """,Positive
1,Gak sesuai gambar dan rasanya asin bgt,Negative
3,pangsitnya asin,Negative
3,Terlalu asin dan ada rambut di dlm pangsit,Negative
1,gak mateng asin bangt lagi,Negative
3,peyek ga dateng,Negative
1,pesan kelapa 2 hanya di kasih 1,Negative
1,bakso ny agak bau,Negative
4,kerupuk nya sudah lama/basi,Negative
5,Mantuuulll…bakal langganan nih…,Positive
3,"peyek saya udh order udh di bayar tapi ga di masukin, trs bakso nya dalemnya msh mentah, maaf ya bintang nya segituu",Negative
1,"pesen es kelapa jeruk 4 porsi, yg diterima hanya es kelapa saja tanpa dikasih jeruk 👎",Negative
4,rasa kuahnya kurang asin dan gurih. baksonya mantapppp pollllllllll. sama kurang gajih,Negative
3,"pesen banyak malah kuantitas berkurang 👎
berkurang 1/3 dari yg biasanya, sepertinya jeruknya juga dikurangi karena airnya tidak kuning .... tidak seperti biasanya",Negative
5,kelapa ijo nya kecil,Positive
3,"massa di es kelapa nya ada semut 
sih ya walaupun semut juga harus di jaga kebersihan pesanan pelanggan trima ksh",Negative
4,dimenu tertulis pakai mie..pas dtg ga pakai mie,Negative
5,"nyoba pesen ternyata enak banget, kemasan nya bersih dan sambal ijonya mantap segar pedasnya cukup. recommended puolll.",Positive
5,"makanan enak, gurih, puas, untuk abang kurir nya, baik, sabar, semoga di tambah rezeki nya, terima kasih",Positive
5,murah tapi rada keasinan,Positive
5,"good, makanan enak",Positive
3,Ga ada sayur ijonya?? Atau karna udah sore kali ya udah abiss.. cuma kacang panjang doang yg ijo.. tahu sama kentang dadu berapa biji sisanya kol labusiam toge timun doang banyak..manisnya pake kecap bukan pake gula merah.. tp ok lah..,Negative
4,"enak, sayang ga dikasih kerupuk",Negative
5,"banyakin porsi lalap, nasi & sambel",Positive
3,pesanan kurang tepat,Negative
4,Lumayan enak. Porsinya udah lengkap sepaket gitu. Ayamnya bumbunya meresap. Tipikal makanan yg bakal aku repeat order soalnya suka yg udh lengkap gt,Negative
2,dadanya ga ada sayapnya dan kecil,Negative
3,Murah tapi ayamnya kecil gak seperti yang ditunjukkan. Gak merasa puas saya,Negative
4,tumben tahunya kurang bumbu,Negative
4,"ayamnya tidak sesuai gambar , kala
u bisa harus sesuai gambar harga . terima kasih",Negative
3,sotony kurang seger  rasanya hambar maaf ya cm kasih saran aja kuah ny kurang berasa   rasanya anyep 🙏,Negative
4,"keep up the good taste, kang Adang👍🙏",Negative
5,Koq harganya naik?....,Positive
4,"terimakasih, bungkus nasinya sdh kembali memakai dsun pisang..👍👍👍",Negative
5,keep up the good taste!👍🙏,Positive
5,keep up the good taste👌👍,Positive
5,Smoga bisa menjaga kwalitas makanannya👍👌,Positive
5,keep up  the quality👌,Positive
5,thanks for making the good food...keep up tje quality!👌,Positive
5,"Good food, good taste!",Positive
5,Smoga bisa terus menjaga kualitas makanannya ya👌,Positive
1,"Tahunya bau basi, tempenya spt nya digoreng 2x, ayam minta paha dikasih dada🤦‍♀️ cukup nyobain sekali aja. Tidak sesuai dg fotonya. Semoga bisa jadi masukan.",Negative
5,Terima kasih. pesanannya di lebihin..,Positive
5,Tadi siang sambalnya kurang 1 cuman ada 2 hadewww pie to mas mass,Positive
3,"mohon agar sblm mrngiim pesanan, dicek dulu...sebab suka ada yg ketinggalan...🤔",Negative
5,"enak, cma sambelnya kurang pedes hee",Positive
3,nasinya kurang bagus seperti mau basi 🙏,Negative
3,sambalnya kalau bisa diulek manual supaya maknyoss👍,Negative
2,"kirain nasi timbel, ternyata nasi putih dibungkus plastik. ayam paha nya kecil, lalapan minimalis (cuma potongan timun dan kol). sambal ga menarik.",Negative
2,ayamnya masih ada bulunya dan sambelnya asem banget lebih seperti cuka pedes,Negative
3,sambelnya kurang mantap,Negative
3,"ikan sm ayam nya enak..tp gk sesuai gambar nasinya,bukan nasi timbel..pdhl udh angan""",Negative
4,"pesanan tdk sesuai, blgny nasi timbel koq dtgnya nasi biasa , digmbr ada ikan asinnya pesanan tdk ada",Negative
4,"Rasanya enak dan ngebungkusnya sudah bagus. Tapi sayangnya sudah request potongan dada, dikasihnya paha. Mendingan gak usah ditulis pilihan ayamnya.",Negative
3,Tempenya ilang,Negative
5,Sambel nya seger bgt pas bgt di lidah saya,Positive
4,over all sedap dan pas..hanya sayang sambelnya tidak pas..ngak sedap..terlalu asam kecut...,Negative
4,"Nasinya keras, sambal enak. Overall Ok. Sesuai harga...",Negative
1,"Nasi nya basi ,bau ..kaya nasi kemaren ,nggak niat jualan nya ,padahal lg laper banget lg nunggu ibu di rs lagi sakit ,jadi nggak kemakan mubazir ...parah parah nggak niat jualan",Negative
3,Maaf Nasi timbelnya kurang matang,Negative
3,"Makanan yg datang tdk sesuai dg pesanan!...yg dipesan paket bawal komplit, yg datang paket ayam komplit!",Negative
4,sambalnya kurang mantap,Negative
4,"pertama kali pesan nasinya masih di bungkus daun, 2 kali pesanan terakhir sdh dibungkus kertas..jd sdh bkn nasi timbel lagi..😁",Negative
3,nasi timbel kok bungkusnya plastik? hrsnya pake daun pisang dunk,Negative
5,Taste good & value for money!...,Positive
2,"tahunya gk ada rasanya,ayamnya kurang kering",Negative
2,sambel nya kurang enak,Negative
1,nasinya ga enak sambelnya gaenak ampun dah,Negative
1,Nasinya bau magic jar yg kelamaan,Negative
4,Sayurnya layu sebelum berkembang..,Negative
1,"sambel ya agak 
. asem kaya basi gt",Negative
1,"kemasannya jgn kaya gitu lah.. masa ikan ayam dan tahu di bungkus jd satu smpe tahunya gepeng... udh ditu dimasukin dlm plastik asoy pulak, mending pake kertas aja satu2... 
perlu perbaikan lagi utk kemasan apy nampak lnh higienis dan menarik.. untuk rasa makanan STD (alias standar).. untuk sambal.. kok bukan smbal.terasi sprti smbal kebanyakan ya.. gak ada rasa terasinya jg gula garamnya😅",Negative
5,enak...enak.....,Positive
5,nasi nya dimatengkan sedikit lagi. terima kasih,Positive
3,ikan bawalnya bau tanah,Negative
4,"kirain nasinya di bungkus daun pisang , trnyata aslinya tidak",Negative
4,"Klo mberikan pilihan utk potongan ayam, sbaiknya diberikan yg diorder oleh customer. Sy minta dada, dikasih sayap😣",Negative
2,"sambal bau udh basi digoreng lagi, tahu kurang matang, sangat tidak rekomend👎👎👎. lele jg kurang fresh dan ada pahit",Negative
2,minuman es temulawak nya berasa es orson,Negative
3,"Nasinya blm terlalu mateng,,pera, ayamnya kecil bgt",Negative
4,"1.Rasa harus ditambah krn ayam, tempe, & tahu kurang berasa bumbu (hambar). 2. Klo mberikan pilihan ayam, sbaiknya diberikan yg dipesan customer. Tadi sy pesannya dada ayam, dikasihnya sayap.",Negative
2,nasinya belum matang,Negative
5,"mlm tutup jam berapa?
makanan ya pas banget 👍👍👍🙏🙏🙏😍😍",Positive
5,mayos banget Sambel ya mantap 👍👍👍,Positive
4,nasi timbelnya mana...? cuma nasi biasa...,Negative
3,fotonya tdk sesuai dg kenyataannya.,Negative
5,"Bagus juru masaknya hebat, terima kasih ya.",Positive
3,kok nasinya sdh tdk dibungkus daun pisang lagi?,Negative
3,"Nasinya nasi putih biasa, ngga sesuai deskripsi",Negative
2,"tempe sama tahu nya klu bisa fi kasih garem biar ada rasa nya.
goreng ayam nya juga klu bisa sampe warna coklat .. 
thanks",Negative
3,yg di kirim sama foto nya beda.. di foto nasi di bungkus daun pisang.. kaya nasi liwet.. aslinya nasi putih di bungkus plastik,Negative
3,rasa sambelnya emg agak kecut2 kaya basi gitu ya?,Negative
2,nasi timbel seharunya pakai daun,Negative
1,"sambel buah ga banget, kaya sambel ga fresh",Negative
1,tidak sesuai dg katalog. nasi tdk di bungkus dg daon pisang. Kemasan pun kenapa ayam goreng dan lauk pakai plastik.Rasa pun jauh dari ekspektasi,Negative
3,nasinya kerass,Negative
3,bungkus nasinya keblik jdi yg licin di blkang.,Negative
1,nasinya bau kecoa dan keras,Negative
4,Nasinya terasa agak kurang matang.,Negative
1,tidak sesuai dgn pesanan tertulis nasi timbel ternyata nasi biasa,Negative
5,minuman tolong sesuai aplikasi,Positive
1,sambelnya ga enak,Negative
5,Semoga Allah yang mencipta manusia memberkati semua.,Positive
5,cukup enak dimakan,Positive
3,"gak sesuai gambar dan keterangan , cuma dapet paha ayam, tahu, nasi putih biasa sama lalapan, sambel, gak ada yg istime",Negative
5,sambalnya kurang nampol,Positive
3,"taste untuk ayam nd gorengannya kurang, untuk sambel ohk, klau bumbu lebih banyak nd dibuat meresap pasti lebih ohkkk",Negative
2,sambalnya gak enak,Negative
2,Sambalnya ketinggalan...,Negative
3,"Lelenya kurang garing, ada beberapa bagian kurang mateng. Seladanya layu, item2 gitu, ngk bisa dimakan.",Negative
4,tahunya hambar.. ayam bumbu kurang meresap.. yg lain ok,Negative
1,ayam gak ada rasanya.. Belum mateng sudah di angkat..,Negative
4,Lalapanya kurang seger,Negative
4,maaf. nasi nya kurang mateng.,Negative
2,nasi kurang matang,Negative
4,"tempenya asin,, overall enak rasanya",Negative
4,kalo ada ikan asin lebih mantap,Negative
2,"pesanan tidak sesuai, mengecewakan sudah menunggu lama",Negative
5,enak makanannya jg masih sambel ok ada rasanya ga cuma pedes doang👍🏽,Positive
2,"Order salah, pesanya paket indomi, dikasinya paket nasi",Negative
1,"Pesan nya mie sama nasi tapi yang datang mie semua, sama pesan 2 es teh manis tapi yang datang es teh tawar semua. Lain kali di perhatikan lagi pesanan nya sesuai aplikasi kok.",Negative
1,"Nasi basi lembek , ayam nya itu yg baru dihangatkan , teh manis ga manis , tahu geprek gada sambal",Negative
2,2 kali pembelian NOTE selalu TIDAK di perhatikan sambal pisah tapi yang dtg selalu saja SALAH... pdhl buat note juga dgn kata yang sopan,Negative
3,Minta tambahan bawang yg ditambah cabenya. Pesen kol goreng yg dateng tempe😭😭,Negative
4,kurang banyak :),Negative
5,terima kasih,Positive
4,"ayamnya enak,, porsi pass.. tp sambalnya gk dikasih daun jerukk... pasti lebih enak.. dan gda lalapan.. tp ttep ok lh",Negative
2,mienya cuma setengah. porsi terong sedikit. telornya tidak sesuai request. jamurnya terlalu banyak minyak,Negative
1,Pesanan Kurang teliti,Negative
1,Ayam ny kaya basi gaenk nasi ny kerass jamur ny alott tahu basah sambel ny paitt ga recomen bngt,Negative
2,sambalnya gak ada,Negative
1,"udh mah pesanannya lma nyampe abang gojeknya kesel nungguin lama bgt ,ngga di kasih sambel ,pesenan ayamnya ga sesuai ,tolong dong kalo layanin yang beli tuh lebih teliti lagi masa saya makan ayamnya doang ga ada sambelnya !",Negative
2,"pesanan kurang 1 ayam. 
Yang paket ayam krispy & ayam pedas hanya dikirim 1 bh. yg ayam pedas",Negative
3,"pesanan tdk sesuai rekues. minta level 0, tdk pakai cabe dan paha atas, malah dikasih pedes dan dada. gak bs saya makan krn saya tdk suka pedes. tlg baca order dg lbh baik",Negative
5,"ok dan ok deh, ya ok gitu",Positive
1,"kurang menu tahu geprek, ayam spicy bukan paha atas.. jadi selera mkn berkurang",Negative
2,"level nya tidak tertera
tepung ayamnya sedikit keras",Negative
3,"Nasinya keras, sambelnya udh gaenak sorry",Negative
3,Cabe nya dikit bgt. Tp rasa oke lah,Negative
