Review,Hasil Perbandingan
['nasinya'],Positive
"['ayamnya', 'enak', 'karna', 'bumbunya', 'gak']",Negative
"['ayam', 'bakar', 'hambar', 'matang']",Negative
"['enak', 'mbapedess']",Positive
"['suka', 'ayam', 'bakar', 'nyapertahankan', 'ya', 'ka']",Positive
"['nasinya', 'rambut', 'tempe', 'tahunya', 'matang']",Negative
"['sambel', 'kecapnya', 'manis', 'gatau', 'dibikin', 'sambel', 'kecap', 'kecap', 'doang', 'tempenya', 'gurih', 'gtu', 'trs', 'sambel', 'merahnya', 'pes', 'ayam', 'bakarnya', 'lembutttt', 'bgtt', 'suka', 'makasih']",Negative
"['ayamnyaaa', 'enakk', 'bngttt', 'empuk']",Positive
"['enak', 'sambelnya']",Positive
"['pesennya', 'tempe', 'pa', 'dateng', 'ga', 'tolong', 'teliti', 'lgi']",Negative
"['always', 'referensi']",Positive
"['enak', 'dimakan', 'hangat']",Positive
"['ga', 'bosen', 'pesan', 'menu', 'enak', 'ayamnya', 'gede', 'gede']",Positive
"['pesen', 'sambel', 'kemangi', 'dikasih', 'sambel', 'kecap']",Negative
"['endulll', 'bangeet', 'enaaaaak', 'bangettttzzzzz']",Positive
"['sambal', 'terongnya', 'asin', 'enak']",Negative
"['malam', 'ayam', 'bakar', 'enak', 'kemaren', 'sllu', 'tingkatx', 'kualitas', 'rasasemangat', 'semoga', 'lancar', 'usahax']",Positive
"['pokokx', 'enak', 'banget', 'next', 'insta', 'allah', 'order', 'gheskses', 'trus', 'ea']",Positive
"['teh', 'pucuk']",Positive
"['nikmat', 'hakiki']",Positive
"['mantap', 'gasken']",Positive
"['porsinya', 'bangettt', 'kirain', 'tempe', 'rb', '', '', 'terongnya', 'bangettt']",Positive
"['top', 'ayam', 'bakarnya']",Positive
"['udah', 'enak']",Positive
"['makanan', 'keluarga', 'sayaayamnya', 'seger', 'bangetbumbu', 'kecapnya', 'berasaaaaaaaa', 'bangetenak']",Positive
"['ayam', 'bakar', 'enak', 'banget', 'sambel', 'top']",Positive
"['enak', 'bikin', 'nagih']",Positive
"['enaaak', 'sukaaaa', 'banget']",Positive
"['bagus', 'enak', 'suka', 'banget', 'hahaahhaa']",Positive
"['sebenernya', 'enak', 'nasi', 'nasi', 'masaknya', 'air', 'gak', 'enak', 'next', 'nasinya', 'dibenahi', 'maaf', 'bintang', '']",Negative
"['porsi', 'enak', 'koq']",Negative
"['porsinya', 'bapakibumasmbak', 'hehe']",Negative
"['kenyataan', 'sesuai', 'gambar', 'hrg', 'mahal', 'sekedar', '', 'potong', 'ayamdan', 'pembeli', 'membaca', 'note', 'pemesan']",Negative
"['ayam', 'n', 'nasi', 'kera', 'ya']",Negative
"['gofood', 'maaf', 'pikir', 'gofood', 'pakai', 'tipstahu', 'gt', 'kasih', 'lgsg', 'radi', 'diluarmaaf', 'ya']",Positive
"['bikan', 'ayam', 'bakar', 'sperti', 'ayam', 'goremg', 'ujungnya', 'hangus', 'nasinya', 'bagus']",Negative
"['pedasnnya', 'benar', 'mantabs']",Positive
"['enak', 'sabel', 'byk', 'dikit']",Positive
"['mantab', 'restonyapertahankan']",Positive
"['enak', 'ayam', 'bakarnya', 'manis', 'gt', 'lbh', 'gurih', 'sedep', 'recommended']",Positive
"['asin', 'banget', 'tempe', 'kayak', 'udah', 'basimaaf', 'ya']",Negative
"['nasi', 'rada', 'kering', 'sambelnya', 'enak']",Negative
"['ayam', 'bakarnya', 'gosong']",Negative
['bakar'],Negative
"['porsinyaaaa', 'jumboooo', 'tambahin', 'gurihnya', 'ya', 'saayyyy', 'mantuuullll']",Positive
"['nasi', 'goreng', 'pedas', 'pedas', 'ya', 'anak', 'makan']",Negative
"['pesen', '', 'mcm', 'dtng', 'cm', '', 'mcm']",Negative
"['kecewanya', 'pesen', 'porsi', 'tiba', 'order', 'porsi', 'cancel', 'berkali', 'kali', 'ga', 'bisa']",Negative
"['lumayan', 'enak']",Negative
"['udah', 'mahal', 'baksonya', 'benyek', 'isi', 'dikit']",Negative
"['tolong', 'perhatiin', 'telurnya', 'pesen', 'bakso', 'urat', 'bakso', 'telurnya', 'tekstur', 'telur', 'baksonya', 'kera', 'alot', 'semoga', 'diperbaiki']",Negative
['patennnnnnn'],Positive
['patennnnnnnnn'],Positive
"['enak', 'murah', 'lg', 'beli', 'next', 'time', 'beli', 'lg']",Positive
"['mienya', 'lembek', 'ga', 'seger', 'rasanyalengket']",Negative
"['basonya', 'enaaakkk', 'coba', 'soun', 'enak', 'kuahnya', 'enaaakk', 'mie', 'ayamnya', 'cocok', 'repeat', 'order', 'lg']",Positive
"['pa', 'dibuka', 'mie', 'bau', 'enak', 'kaya', 'bau', 'dr', 'ayammya', 'aga', 'amis']",Negative
"['enakk', 'bgttt', 'mie', 'ayamnya', 'aga', 'keasinan', 'basonya', 'gurih']",Positive
"['belom', 'ready', 'orderan', 'aplikasi', 'dibuka', 'jdi', 'nunggu', 'menit', 'belom', 'pesanan', 'dateng', 'ga', 'sesuai']",Negative
"['keasinan', 'udah', 'oke']",Negative
"['mie', 'yamin', 'manis', 'banget', 'mie', 'ayam', 'asin', 'bangett']",Negative
"['kuahnya', 'asin', 'porsi', 'mie']",Positive
"['mantap', 'harga', 'murah', 'meriah', 'dapet', 'cuman', 'asin']",Positive
"['kali', 'pesan', 'berubah', 'beli', 'enak', 'full', 'dapet', 'mie', 'bakso', '', 'yamin', '', 'kuah', 'pa', 'kali', 'gak', 'dapet', 'kuah', 'asinnya', 'kaya', 'upil', 'ketiga', 'kali', 'gak', 'dapet', 'yaminnya', 'gak', 'dapet', 'kuah', 'udah', 'dinote', 'gak', 'dapet', 'saos', 'sayurannya', 'kecewa', 'konsisten', 'jualannya', 'mohon', 'diperbaiki', 'kualitas', 'jualan', 'ya', 'donoloyo', 'terkenal', 'enak', 'merusak', 'citra', 'trim']",Negative
"['kuah', 'tumpah']",Negative
"['gak', 'tau', 'kesalahan', 'dr', 'driverresto', 'nyautk', 'mie', 'yamin', 'terima', 'sdh', 'kebukakebetulan', 'bkn', 'trimaklo', 'komplen']",Negative
"['pesan', 'mie', 'yamin', 'dikasi', 'bonus', 'bakso', 'cepet', 'dianterin', 'makasih', 'ya', 'sukses', 'restonya']",Positive
"['salah', 'pesanan', 'pesan', 'mie', 'yamin', 'bakso', 'mie', 'ayam', 'bakso', 'teliti', 'yaa']",Negative
"['ayam', 'gak', 'kerasa', 'bumbu']",Negative
"['enak', 'ayamnya', 'sepwrti', 'kmrin']",Negative
"['ayam', 'kemarin', 'beda']",Negative
"['sesuai', 'permintaan', 'cust', 'audah', 'dikasih', 'note']",Negative
"['kulit', 'dagingnya', 'krispi']",Negative
"['pesanan', 'sesuai']",Negative
"['ayamnya', 'hitam', 'biru', 'gitu']",Negative
"['nice', 'soooooo', 'much']",Positive
"['super', 'super', 'pes', 'cocok', 'puyeng']",Positive
"['ayamnya', 'crunchy', 'msh', 'panas']",Positive
"['minuman', 'butiran', 'nasi', 'nasi', 'tingkatkan', 'kualitasmu']",Negative
"['pesanan', 'sesuai', 'udah', 'dijelasin', 'berkali']",Negative
"['ko', 'bibir', 'jd', 'jeding', 'makan']",Negative
"['isi', 'paketnya', 'teh', 'botol', 'infokan']",Negative
"['pesan', 'dada', 'sayam']",Negative
"['ayamnya', 'perhatianrasanya', 'enak', 'pastapi', 'ayamya', 'bausebelum', 'masak', 'perhatikan', 'ayamnya']",Positive
"['ayam', 'pahitterlalu', 'mateng']",Negative
"['saran', 'ayam', 'dijual', 'walopun', 'pesanan', 'online', 'dipertahankan', 'kesegaran', 'ayam', 'dagangan', 'kemarin', 'digoreng', 'ulang', 'dijual', 'hitam', 'didalamnya', 'enak']",Negative
"['masakanya', 'ga', 'fresh']",Negative
"['chicken', 'pahit']",Negative
"['please', 'add', 'for', 'spicy', 'souce']",Positive
"['kecewa', 'buger', 'sayuran']",Negative
"['sausnya', 'doang', 'wkwk']",Negative
"['ayamnya', 'beeud']",Negative
"['siomay', 'tepung', 'basi', 'pesanan', 'saucenya', '', 'dikasih', '']",Negative
"['more', 'sauce', 'will', 'be', 'better']",Negative
"['sambel', 'kacang', 'off', 'banget', 'siomay', 'kebanyakan', 'micin', 'mutu', 'menurun']",Negative
"['siomaynya', 'lembek']",Negative
"['kasih', 'pesan', 'sendok', 'garpu', 'kasih', 'potong', 'potong', 'campur', 'bumbu', 'lakukan', 'siomai', 'bau', 'sdh', 'basi']",Negative
"['bumbunya', 'enak', 'somaynya', 'kebanyakan', 'aci']",Negative
"['kayanya', 'kebanyakan', 'aci', 'kenyal']",Negative
"['kasih', 'sendokgarpu', 'plisssss', 'insya', 'allah', 'ga', 'bikin', 'rugi', 'asli', 'kerepotan', 'banget', 'kalo', 'makan', 'ga', 'itunya']",Negative
"['not', 'complete', 'item', 'siomay', 'not', 'so', 'nice']",Negative
"['okmantap', 'terima', 'kasih', 'ya']",Positive
"['mantab', 'songsengnya', 'anak', 'suka', 'suka', 'suka']",Positive
"['bumbu', 'satenya', 'encer', 'hambar', 'satenya', 'beneran', 'full', 'daging', 'no', 'kulit']",Negative
['mantaaaaaab'],Positive
"['bumbu', 'kacangnya', 'lumayan', 'kalo', 'rating', '', 'nilai', '']",Negative
['mantaaaab'],Positive
"['pesan', 'nasinya', 'bkin', 'kaget', 'orang', 'giliran', 'pesan', 'kali', 'ya', 'lumayan', 'nasi', 'sate', 'potongan', 'ya', 'bikin', 'gak', 'nyesel', 'enak', 'dimakan', 'selagi', 'panas²cuma', 'kasih', 'masukan', 'ya', 'kak', 'tolong', 'dikasih', 'sendokplastik', 'klw', 'diluar', 'rumah', 'masak', 'iya', 'makan', 'gak', 'pakai', 'sendok', 'diutamakan', 'ya', 'kakpelanggan', 'puas', 'pedagangnya', 'seneng', 'sukses', 'smoga', 'lancar', 'trus', 'usahanya', 'amiin', 'salam', 'dr', 'anak', 'rantau', 'asli', 'solo']",Negative
"['enak', 'mantap', 'sate', 'tongseng', 'gak', 'dikasih', 'sendoknya']",Positive
"['hambar', 'worth', 'it', 'banget', 'dah', 'isi', 'dagingnya']",Negative
"['porsi', 'dagingnya', 'hehe']",Negative
"['enak', 'ekstra', 'sambal', 'kali', 'yaaa', 'biar', 'mantap']",Positive
"['satenya', 'mateng', 'bang', 'bakarnya', 'lamma']",Positive
"['tolong', 'namanya', 'tongseng', 'kuahnya', 'ga', 'tolong', 'cicip', 'kuahnya', 'ga', 'skali', 'makasih', 'semoga', 'kedepan', 'lbh']",Negative
"['porsinya', 'enak']",Positive
"['mantab', 'betulbetul', 'kulit', 'dagingnya', 'bakar', 'matang']",Positive
"['bumbunya', 'dikit', 'banget', 'coba', 'banyakan', 'enak']",Negative
"['tongseng', 'garam']",Negative
"['tongseng', 'garam']",Negative
"['bumbu', 'dibanyakin']",Positive
"['makan', 'tongseng', 'kali', 'beli', 'disinirasanya', 'ga', 'enaak', 'tongseng', 'kog', 'kuahnya', 'kecap', 'asin']",Negative
"['sateny', 'enak', 'empuk', 'bumbu', 'kcgnya', 'byk']",Negative
"['bau', 'daging', 'kambingnya', 'tercium']",Negative
"['bumbu', 'kacangnya', 'jgn', 'encer']",Negative
"['lumayan', 'enak', 'cuman', 'khas', 'solo']",Positive
"['kering', 'bakarnya']",Negative
['lemaknya'],Negative
"['tongsengnya', 'kental', 'saus', 'kacang', 'sangit']",Negative
"['pesen', 'lumpia', 'frozen', 'dikasih', 'goreng', 'smuatau', 'gitu', 'pesen', '', 'goreng', 'ga', 'pesenmaksudnya', 'beli', 'frozen', 'b', 'dimakan', 'tar', 'tar', 'hmmm']",Negative
"['order', 'opor', 'ayam', '', 'paha', 'dikasih', 'sayap', 'ceker']",Negative
"['kali', 'ketemu', 'orang', 'jualan', 'gobloke', 'rak', 'karuan', 'gak', 'layak', 'bintang', 'bintang', 'gak', 'lilo', 'telur', 'asinmu', 'sdh', 'busuk', 'tetep', 'jual', 'iwak', 'mangutmu', 'gak', 'ileren', 'berlendir', 'opor', 'ayammu', 'bau', 'intinya', 'ketemu', 'dijalan', 'pingin', 'jotosi', 'raimu', 'ojo', 'ngaku', 'semarang', 'yen', 'nggapleki', 'koyo', 'kowe']",Negative
['mantap'],Positive
"['ayam', 'alot', 'ayam', 'dingin', 'darah', 'daging', 'tolong', 'donk', 'perhatiin', 'masak', 'kebersihan']",Negative
"['nasi', 'goreng', 'ati', 'ampela', 'ny', 'pahit', 'it', 'udj', 'd', 'bersihkan', 'atw', 'd', 'cuci', 'bersih']",Negative
"['makanannya', 'lumayan', 'enak', 'porsinya', 'lengkap', 'kerupuk', 'cepat', 'pengemasannya']",Negative
"['pesanan', 'kali', 'lumpianya', 'fresh', 'acarnya', 'disemutinmohon', 'tolong', 'diperhatikan', 'diperbaiki', 'yaa', 'kebersihannya', 'terjaga', 'kualitasnya']",Negative
"['ketupatnya', 'bau', 'dagang', 'ketupat', 'bau', 'bangkai', 'ayam', 'dikasih', 'customer']",Negative
"['ragu', 'pesan', 'baca', 'bbrp', 'komentar', 'pembeli', 'puas', 'pesanannya', 'alhamdulillah', 'pesanan', 'sesuai', 'catatan', 'fresh', 'anget', 'bangetacar', 'bumbunya', 'pengirimannya', 'nggak', 'pesanan', 'lumpia', 'petisnya', 'fresh', 'thank', 'youuu', 'sgt', 'tuk', 'bapakibu', 'penjualnya', 'next', 'time', 'pesan']",Positive
"['kalo', 'gaada', 'sawi', 'pake', 'daun', 'bawang', 'ma', 'gapapa', 'kalo', 'ga', 'pake', 'sayuran', 'trs', 'tahunya', 'bau', 'semoga', 'diperbaiki', 'ya']",Negative
"['nasi', 'gorengnya', 'lengket', 'lembek', 'nasi', 'layak', 'masak']",Negative
"['budayakan', 'baca', 'pesanan', 'tertulis', 'froozen', 'dptnya', 'sdh', 'digoreng']",Negative
"['lumpiya', 'kemarin', 'digoreng', 'nggak', 'fresh', 'gosong']",Negative
"['merugikan', 'pembeli', 'main', 'ganti', 'aja', 'kasih', 'tau', 'pembeli', 'harganya', 'cari', 'untung', 'merugikan', 'pembeli', 'harga', 'bayar', 'pembeli', 'dikurangi', 'dikurangi', 'merugikan']",Negative
"['pertahankan', 'masakan', 'biar', 'langganan']",Positive
"['ga', 'telornya', 'gimana']",Negative
"['nasi', 'semutin']",Negative
"['mantab', 'nasgor', 'babatnya', 'cita', 'semarangan']",Positive
"['jus', 'alpukat', 'pes', 'tenggorokan']",Negative
"['aja', 'pesen', '', 'porsi', 'asem', 'daging', 'dikirimnya', '', 'porsi', 'asem', '', 'porsi', 'gule', 'konfirmasi', 'daging', 'uaalott', 'banget', 'ga', 'kemakan']",Negative
"['daging', 'ampela', 'kera', 'ngunyah', 'sendal', 'jepit']",Negative
"['asem', 'ga', 'fresh', 'ga', 'kemakan', 'dibuang']",Negative
"['petisnya', 'the', 'best']",Positive
"['mantaaaap', 'betuuul']",Positive
"['petisnya', 'enak', 'banget', 'hangatbakal', 'langanan', 'nih']",Positive
"['pastel', 'hambar', 'kulitnya', 'kera']",Negative
"['kasi', 'bintang', '', 'biar', 'ngrusak', 'ratting', 'makanannya', 'aneh', 'mah', 'rawon', 'gambarnya', 'rawon', 'dtg', 'rawon', 'rawon', 'versi', 'gtu', 'manis', 'doang', 'sosis', 'solonya', 'no', 'banget', 'first', 'and', 'last', 'beli', 'resto']",Positive
"['enak', 'porsi', '', 'orang']",Positive
"['enak', 'tapiii', 'kmrn', 'pesen', 'telor', 'pindang', 'telor', 'dadar', 'tumben', 'salah', 'ga', 'info', 'sblmnya']",Positive
"['pesan', 'bakso', 'mercon', '', 'porsi', 'kayaknya', 'habis', 'diganti', 'pangsit', 'goreng', 'konfirmasi']",Negative
"['mangutnya', 'oke', 'babat', 'gongso']",Positive
"['puas', 'beli', 'disinienak']",Positive
"['porsi', 'rawon', 'asem', 'buncis', 'gongso', 'ati', 'dagingnya', 'harga', 'segitu', 'kadung', 'beli', '', 'porsi', 'makan', '', 'orang', 'siang', 'malam', 'lumayan']",Positive
"['bakso', 'tahunya', 'ditingkatkan', 'daging', 'baksonya']",Negative
"['gunakanlah', 'bahan', 'berkualitas', 'biar', 'mubazir', 'terbuang']",Negative
"['blm', 'dicoba', 'krn', 'puasa', 'kyny', 'enak']",Negative
"['nasi', 'goreng', 'babat', 'iso', 'nasinya', 'ngenyangin', 'babatnya', 'sdkit', 'potongannya', 'kecil', 'iso', '', 'iris', 'keci', 'ajamalah', 'ksh', 'ati', 'ayam', 'sesuai', 'judul', 'menunya', 'ati', 'ampela', 'gongsonya', 'lumayan', 'pangsit', 'gorengnya', 'mengecewakanini', 'mah', 'pangsit', 'lbh', 'tekwan', 'ukuran', 'rebusganti', 'aja', 'nama', 'menunya', 'tekwan', 'goreng', 'mengesalkan', 'pesan', 'emping', 'dtg', 'kerupuk', 'udang', '', 'lembarplis', 'bedain', 'kelasnya', 'iya', 'emping', 'enak', 'mahall', 'sejajarkan', 'sm', 'kerupuk', 'udang', 'finally', 'no', 'recommended']",Negative
"['cermat', 'riqwes', 'pembeli', 'pangsit', 'saia', 'pesan', 'msh', 'mentah', 'hambar', 'rawonya', 'kali', 'teliti', 'riqwesan', 'pembeli']",Negative
"['nasi', 'gorengnya', 'mantap']",Positive
"['sesuai', 'pesanan', 'mantul', 'yes', 'yes', 'yes']",Positive
"['suka', 'babat', 'gongsonya', 'eanaaaak']",Positive
"['porsinya', 'rawon', 'daging', 'kuah', 'semoga', 'ditingkatkan', 'porsi', 'daging', 'empuk', 'dimakan', 'terimakasih']",Negative
"['tolong', 'kalo', 'makanan', 'sdh', 'layak', 'dimakan', 'dijual', 'lg', 'bacemnya', 'tengik', 'pesan', '', 'telor', 'muda', 'terima', '', 'tusuk', '', 'telur', 'puyuh', 'kalo', 'tinggal', '', 'ya', '', 'batal', 'pilih', 'telur', 'muda', 'krn', 'butuh', 'gak', 'butuh', 'telur', 'puyuh']",Negative
"['mie', 'bihunnya', 'cocok', 'kera', 'sm', 'porsinya', 'toge', 'samatadi', 'toge', 'dihitung', 'maaf']",Negative
"['telur', 'pindangnya', 'asem', 'gak', 'fresh', 'jus', 'alpukatnya', 'bau', 'pait', 'aneh', 'gak', 'karuan', 'gulai', 'sapinya', 'aneh', 'dagingnya', 'alot', 'banget']",Negative
"['pesan', 'ketan', 'dtang', 'kue', 'bolu', 'sm', 'getuk', 'konfirmsi', 'abang', 'gojeknya', 'ambil', 'mohon', 'diperbaiki']",Negative
"['babatnya', 'bau', 'pa', 'makan', 'enek', 'ayam', 'bakar', 'lumayan', 'coba', 'diilangin', 'baunya', 'dimasak']",Negative
"['pesan', 'gembus', '', 'bakwan', '', 'gembus', '', 'bakwannya', 'kemana', 'yaa', 'jd', 'bingung', 'tdnya', 'mo', 'ksh', 'bintang', '', 'lohh', 'krna', 'pesanan', 'lengkap', 'jd', 'sorry', 'banget', 'yaa', 'bintangnya', 'kurangi']",Negative
"['asem', 'asem', 'seger', 'ogbabat', 'gongsonya', 'manis', 'pes', 'kangen', 'jajanan', 'semarangan', 'terobati', 'ndaamaturnuwun']",Positive
"['ceker', 'pedasnya', 'lumayan', 'enaktp', 'tongseng', 'sapinya', 'gak', 'enak', 'aneh', 'bnyk', 'bumbu', 'gak', 'masuk', 'rasanyasoalnya', 'kuliner', 'pcinta', 'tongsengbr', 'tongseng', 'aneh']",Negative
"['kuahnya', 'berasa', 'kaldu', 'ato', 'bumbu', 'tipi', 'skali', 'kebantu', 'bawang', 'putih', 'goreng']",Negative
"['mangut', 'enak']",Positive
"['gudeg', 'empuk', 'bumbunya', 'enak']",Positive
"['asem', 'ny', 'lekok']",Negative
"['standar', 'mangut', 'semarang']",Negative
"['rawon', 'daging', 'mie', 'asin', 'benyek', 'minyak', 'semoga', 'b', 'improve', 'ya']",Negative
"['tempe', 'bacem', '', '', 'dikasihnya', '', 'ga', 'tempe', 'mengecewakan']",Negative
"['tulang', 'kepalanya']",Negative
"['maaf', 'jus', 'buah', 'segar', 'buah', 'segar', 'segar', 'aneh']",Negative
"['kebanyakan', 'usus']",Negative
"['mantab', 'banget', 'rekomend', 'kangen', 'pulkam', 'coba', 'nasgor', 'babat', 'mangut', 'soto', 'rawon', 'babat', 'gongso', 'aslik']",Positive
"['uenak', 'sueger', 'muraaah']",Positive
"['kuahnya', 'seger', 'banget']",Positive
"['kalo', 'packagingnya', 'pake', 'styrofoam']",Positive
"['isinya', 'sotonya', 'mi', 'doang', 'ayamnya', 'dikiiitt']",Negative
"['kental', 'ukuran', 'rawon', 'semarangan']",Negative
"['gimana', 'makan', 'gojeknya', 'salah', 'naruh', 'alamatga', 'dihubungi', 'gojeknya']",Negative
"['pesan', 'gudeg', 'krecek', 'telor', 'telornya']",Negative
"['berubah', 'belisayang', 'konsisten']",Negative
"['bumbu', 'kuahnya', 'anyep', 'sedep']",Negative
"['bau', 'bau', 'ga', 'menyengat', 'gitu']",Negative
"['sotonya', 'ok', 'lumpianya', 'enak', 'asin', 'banget', 'rebung', 'rebon', 'menonjol']",Negative
"['maaf', 'pesenan', 'ko', 'kuahnya', 'tumpah', 'plastik']",Negative
"['i', 'enjoyed', 'every', 'bite']",Positive
"['gongsonya', 'enakserba', 'pedassampe', 'pesan', 'nasi', 'goreng', 'pedaspun', 'dibikinin', 'pedassemoga', 'ramah', 'anak', 'diperbanyak', 'pilihan', 'menu', 'pedasgoodluck']",Negative
['enak'],Negative
"['lumayanlah', 'seger']",Positive
"['sotonya', 'hambar', 'enak', 'pesen', 'nasi', 'goreng', 'babat', 'sisa', 'minyak', 'banget', 'jd', 'takut', 'makannyaoverall', 'nyobain']",Negative
"['makanan', 'khas', 'semarang', 'prose', 'masaknya']",Negative
"['kuah', 'hambar', 'lupa', 'dikasi', 'garam']",Negative
"['gulai', 'sapi', 'anehhh', 'gulai', 'koq', 'bening']",Negative
"['pesan', 'soto', 'ayam', 'kampung', 'isinya', 'nasi', 'kuah']",Negative
"['emping', 'd', 'makan', 'kera', 'd', 'jual', 'sambal', 'basi', 'nasi', 'putih', 'pyur', 'nasinya', 'jelek', 'bener', 'jual', 'mlihat', 'b', 'd', 'mkan', 'klas', 'beli', 'kuli', 'b', 'd', 'beli', 'mengah', 'dikit', 'asam', 'blac', 'list']",Negative
"['telor', 'pindangnya', 'asem', 'bau']",Negative
"['saran', 'aja', 'beli', 'gudeg', 'taro', 'disterofoam', 'tumpah', 'apalgi', 'kuahnya', 'jd', 'bececeran', 'kena', 'lauk', 'mending', 'kecampur', 'diplastik', 'aja', 'gudeg', 'kreceknya', 'ga', 'tumpah', 'kuahnya']",Negative
['basiii'],Negative
"['my', 'avocado', 'juice', 'wa', 'bitter', 'so', 'much']",Negative
"['soto', 'ayam', 'ayamya']",Negative
"['ditambah', 'nasi', 'putih']",Positive
"['ayamnya', 'klewat', 'dikit']",Negative
"['kuahnya', 'kebanyakan', 'air', 'hambar', 'ga', 'bumbu']",Negative
"['gak', 'suka', 'gurih', 'garamini', 'cocok']",Negative
"['soto', 'ayam', 'soto', 'bihun', 'ayamnya', 'ga', 'keliatan', 'banyakan', 'bihun', 'nyaaa', 'kuah', 'nyaaa', 'aaargh', 'ga', 'puas']",Negative
"['beli', 'jus', 'alpukat', 'warna', 'hitam', 'pahit', 'kecewa']",Negative
"['porsi', 'ayamnya', 'dibanyakin', 'makan', 'bihun', 'doang', 'suwiran', 'ayamnya']",Negative
"['sotonya', 'enak', 'risolnya', 'gak', 'fresh', 'spt', 'basi', 'telur', 'pastel', 'telur', 'rebus', 'telurnya', 'gudeg', 'coklat', 'kera']",Negative
"['ayamnya', 'harga', 'dinaikin', 'biar', 'ayamnya']",Negative
"['kebersihan', 'langganan', 'dech']",Positive
"['suwiran', 'ayamnya', 'alus', 'banget', 'sampe', 'ga', 'keliatan', 'kuahnya', 'kebanyakan', 'asin']",Negative
['asin'],Negative
"['kuahnya', 'bnyak', 'bget', 'ayamnya', 'gakda']",Negative
"['soto', 'ayam', 'ga', 'ayam']",Negative
"['isi', 'bihun', 'toge', 'aja', 'nggak', 'daging', 'ayamnya']",Negative
"['ayam', 'kampung', 'kebanyakan', 'soun', 'sm', 'airnya', 'aja', 'gmn', 'suwiran', 'ayam', 'kampung', 'remahan', 'gak', 'kliatan', 'daging', 'ayam']",Negative
"['porsinya', 'lumayan', 'sayang', 'mohon', 'tingkatkan', 'kualitas', 'ya']",Negative
"['enak', 'banget']",Positive
"['porsi', 'terbaik']",Positive
"['napa', 'kesini', 'porsinya', 'berkurang', 'yaaaaa']",Negative
"['mie', 'enak', 'kwitiaw', 'kategori', 'ga', 'enak', 'samsek', 'kebanyakan', 'kol', 'harga', 'k', 'berasa', 'beli', 'harga', 'k', 'mending', 'beli', 'k', 'kwitiaw', 'seafood', 'mie', 'surabaya', 'seafood', 'seafood', 'udangnya', 'ga', 'fresh', 'cumi', 'ga', 'banget', 'pokoknya']",Negative
"['pa', 'asin']",Negative
"['lengkap', 'seafood', 'asin', 'cocok', 'penyakit', 'darah', 'kebersihan', 'mhn', 'tingkatkan', 'kualitasnyatks']",Negative
"['depot', 'mie', 'surabaya', 'juaranya']",Positive
"['pesan', 'sayur', 'dibuatkan', 'sayur', 'selali']",Negative
"['manteeep', 'biasaamakan', 'ditempat', 'langganan', 'pakde']",Positive
"['pa', 'dilidah']",Positive
"['kecap', 'doang']",Negative
"['asin', 'gak', 'sambal', 'acar', 'cabenya']",Positive
"['porsi', 'beda', 'sm', 'mie', 'surabaya', 'ayu', 'pisangan', 'gg', 'skip']",Positive
"['topping', 'ayamnyaati', 'ampela', 'bakso', 'potongannya', 'kekecilan']",Negative
"['enakk', 'porsinya', 'banyakk']",Positive
"['capcaynya', 'amis', 'ya', 'jd', 'mual', 'gak', 'selera', 'makan']",Negative
"['langganan', 'banget', 'opsi', 'laper', 'pengen', 'makan', 'murah', 'enak']",Positive
"['muraahhh', 'bangeeettttttttttt']",Positive
"['porsinya', 'mantap', 'mantul', 'beud']",Positive
"['porsinya', 'mantap', 'mantul']",Positive
"['mantul', 'beud']",Positive
"['asin', 'pes']",Negative
"['capcay', 'asin', 'banget', 'trus', 'isinya', 'sawi', 'doang']",Negative
"['porsi', 'sesuai', 'deskripsi', 'porsi', 'mie', 'surabaya', 'grup', 'manis', 'beda']",Negative
"['lengkap', 'kerupuk', 'saus', 'porsinya']",Negative
"['mantap', 'drivernya', 'sopan']",Positive
"['makasih', 'chef', 'menu', 'favorit', 'enakkk']",Positive
"['perdana', 'pesan', 'cocok', 'enak', 'sayang', 'nasi', 'kebanyakan', 'walo', 'dikurangi', 'next', 'pesan', 'moga', 'enak', 'cocok', 'terimakasih', 'chef']",Positive
"['nasi', 'goreng', 'dendengnya', 'unik', 'mie', 'goreng', 'nyemek', 'kuat', 'pedas', 'pedas', 'pesan', 'pedasnya', 'original']",Positive
"['mantaabbb', 'tinggal', 'diasinin', 'dikit', 'ditambah', 'manis', 'maknyusss']",Positive
"['mantabbbb', 'simply', 'the', 'best', 'nasgor', 'with', 'the', 'relatively', 'affordable', 'price', 'thank', 'you']",Positive
"['dendengnya', 'gosong', 'nasinya', 'enak', 'dendengnya', 'ga', 'berasa']",Negative
"['enak', 'dilidah', 'pokoknya']",Positive
"['so', 'so', 'nothing', 'else', 'to', 'say']",Negative
"['enak', 'daging', 'alot', 'ya', 'andaikan', 'empuk', 'nyaman', 'mulut']",Negative
"['porsi', '', 'k', 'lumayan', 'ya', 'potongan', 'daging', 'dendengnya', 'rasalumayan']",Negative
"['pesan', 'telur', 'dadar', 'pa', 'dibuka', 'telurnya']",Negative
"['telor', 'ceploknya', 'mannnaaa', 'woiii', 'lumayan', '']",Negative
"['pesanan', 'salah', 'pesen', 'nasgor', 'dendeng', 'cola', 'dendeng', 'lemak', 'datengnya', 'nasgor', 'dendeng', 'telor', 'nasinya', 'hambar', 'garam', 'telornya', 'gosong', 'pahit', 'nasinya', 'gosong']",Negative
"['lemak', 'kering', 'gaada', 'aroma', 'lemak', 'nasgor', 'gurih']",Negative
"['penurunan', 'kualitas']",Negative
"['a', 'bit', 'too', 'dry']",Negative
['pa'],Positive
"['kombinasi', 'abonnya', 'bikin', 'zonk', 'manis']",Negative
"['kaya', 'rempah', 'enak', 'gurih', 'bumbu', 'dendeng', 'lemak', 'mantap', 'porsi', 'beras', 'perah', 'enak', 'banget', 'nasgor']",Positive
"['mantap', 'porsi', 'kaya', 'rempah', 'dahsyat']",Positive
"['nasinya', 'pera', 'kering']",Negative
"['suka', 'nasi', 'goreng', 'asin', 'oke', 'kalo', 'suka', 'suka', 'nasi', 'goreng', 'manis']",Negative
"['maknyus', 'bener']",Positive
['order'],Positive
"['udah', 'bayar', 'extra', 'telur', 'dadar', 'pa', 'sampe', 'nasgor', 'tok', 'uang', 'kebuang']",Negative
"['berminyak', 'pa']",Negative
"['thanks', 'cheff', 'mantul']",Positive
"['enakk', 'keasinan', 'pricey', 'yaa']",Negative
"['yah', 'lumayan', 'enak', 'isin', 'dendengnya']",Positive
"['gimana', 'ceritanya', 'gw', 'pesan', 'nasi', 'goreng', 'dendeng', 'lemak', 'dendeng', 'lemaknya', 'mending', 'gausah', 'diterima', 'orderan', 'gw']",Negative
"['resepnya', 'udah', 'asli', 'too', 'salty', 'for', 'my', 'taste']",Negative
"['enak', 'berbumbu', 'ngga', 'berminyak', 'pedas', 'original', 'pa', 'ga', 'pedas', 'ga', 'suka', 'pedas', 'porsi', 'pa', 'kalo', 'harga', 'kalah', 'nasgor', 'abang', 'peace']",Positive
"['asin', 'cocok', 'selera']",Negative
"['nasgornya', 'manis', 'dendengnya', 'kecil']",Negative
"['delicious', 'and', 'great']",Positive
"['enak', 'jaga', 'kualitas']",Positive
"['always', 'great', 'and', 'delicious']",Positive
"['enak', 'a', 'always']",Positive
"['maknyoosss', 'bosquuu']",Positive
"['enaaaaak', 'banget']",Positive
"['harganya', 'mahal', 'ga']",Negative
"['nyo', 'baro', 'mie', 'aceh', 'samudra']",Positive
"['mie', 'aceh', 'samudra', 'semenjak', 'koki', 'nagih', 'kemasan', 'pakai', 'sterofom']",Positive
"['ok', 'cuman', 'kemasan', 'sedapatnya', 'mengunakan', 'styrofoam', 'disertai', 'alatmakan']",Negative
"['chef', 'ramah']",Positive
"['porsinya', 'banget', 'segi', 'bumbu']",Negative
"['martabak', 'telor', 'banget', 'kaya', 'telor', 'dadar', 'dikasih', 'acar']",Negative
"['sisening', 'hambar']",Negative
"['maaf', 'sya', 'jujur', 'mngoreksi', 'dri', 'restoran', 'lbih', 'berkmbng', 'lgi', 'warna', 'pucat', 'mgkin', 'bumbu', 'mie', 'acehnya']",Negative
"['rasaya', 'hambar', 'gak', 'garam', 'apapun']",Negative
"['bumbu', 'udah', 'khas', 'aceh', 'biar', 'bintang', 'berbicara', 'terimakasih']",Positive
"['standartempo', 'enak', 'porsi', 'besarpesanan', 'hr', 'kurangteh', 'tarik', 'aneh']",Negative
"['kirain', 'martabak', 'kotak', 'taunya', 'digulung']",Negative
"['tampilan', 'menu', 'mie', 'goreng', 'basahnya', 'topping', 'kacang', 'pa', 'menu', 'ga', 'kacangnya', 'martabak', 'telornya', 'omelette', 'telor', 'dadar', 'porsi', 'puas']",Positive
"['pesan', 'e', 'teh', 'tarik', 'dateng', 'gak', 'e', 'hangat', 'tumpah', 'minuman', 'gak', 'kasih', 'sendok']",Negative
"['pa', 'dr', 'segi', 'rempah', 'lidah', 'asin', 'orang', 'bilang', 'hambar', 'porsi', 'yaaa', 'orang', 'kudu', '', 'wkwkkw', 'lg', 'gak', 'laper']",Negative
"['hebat', 'dj', 'chef', 'hati', 'enak', 'bangettt', 'puas', 'malasih', 'bnyk', 'chef', 'bkn', 'porsi', '', 'orang', 'good', 'keluarga', 'slama', 'pandemi', 'romantis']",Positive
"['ga', 'enak', 'sumpah', 'mending', 'lu', 'tutup', 'mesen', 'e', 'teh', 'tarik', 'pahitkaga', 'e']",Negative
"['hambarjadi', 'ga', 'kemakan']",Negative
"['ga', 'enak', 'tawar', 'abis', 'gitu', 'ga', 'kasih', 'kuah', 'kuah', 'penguat']",Negative
"['nasgor', 'enak', 'mi', 'nyaa', 'nih', 'kek', 'pass', 'gtuuuuu', 'apaa', 'yaa', 'pokoke', 'moga', 'lbihbbaik', 'yo']",Negative
['hambar'],Negative
"['', 'berubah', 'coba', 'dikoreksi', 'lagii', 'hihi', '', 'kemasan', 'gurih', 'sm', 'manis', 'kali', 'pisah', 'yaa', 'tengkyuu']",Negative
"['porsinya', 'dikit', 'harga', 'mahal']",Negative
"['porsi', 'mie', 'kebyakan', 'jd', 'ga', 'berasa', 'bumbu', 'aceh', 'khas', 'nyamaaf', 'ya', 'tolong', 'tingkatkan', 'citarasanyamks']",Negative
"['bumbu', 'sesuaikan', 'porsi', 'biar', 'mantab', 'bumbu', 'testi', 'asinnya']",Negative
"['mantapp', 'ga', 'pesen', 'mie', 'grg', 'dptt', 'huhuuu', 'mah', 'bbajaa', 'porssi', 'kuliii', 'bett']",Positive
"['sma', 'enak']",Negative
"['canenya', 'kera', 'mie', 'kuahnya', 'lumayan']",Negative
"['enak', 'mie', 'acehnya', 'euy', 'penasaran', 'ayo', 'pesen', 'aja']",Positive
"['mie', 'pes', 'ga', 'enak', 'mahal', 'doang', 'kualitas', 'payah']",Negative
"['mashallah', 'manteb', 'mie', 'acehnya', 'mantulmurah', 'banget', 'dpt', 'hrga', 'promo', '', 'porsi', 'kenyang', 'buangetttt', 'porsinya', 'banyakberkah', 'ya', 'mie', 'aceh', 'samudra', 'passe', 'moga', 'lari', 'dagangannya']",Positive
"['ya', 'aja', 'jd', 'ya', 'lumanyun']",Negative
"['menu', 'kuah', 'dikiiiiit', 'kuahnya', 'kecewa']",Negative
"['gda', 'telor', 'dadar']",Negative
"['kecewaaaaaaaaaa', 'gak', 'roti', 'caknainya', 'kera', 'kaya', 'batu', 'kali', 'teh', 'tariknya', 'bau', 'tolong', 'gojek', 'rating', 'jelek', 'tutup', 'aja', 'tokonya']",Negative
"['ga', 'pes', 'doang']",Negative
"['maaf', 'bumbunya', 'mhn', 'dibenahi', 'ya', 'jualannya', 'sukses', 'aamiin']",Negative
"['langganan', 'enak', 'bangetttt']",Positive
"['sesuai', 'ekspektasi', 'jus', 'manis', 'pelanggan', 'kecewa']",Negative
"['mw', 'tlp', 'orgnya', 'lgi', 'ya']",Positive
"['manggat', 'that', 'that', 'bang']",Positive
"['sesuai', 'gambar', 'kacangnya', 'acar', 'sedilit']",Negative
"['dagingnya', 'dikit', 'ga', 'sesuai', 'harga']",Negative
"['jualan', 'sesuai', 'bohongi', 'pembeli']",Negative
"['kerupuk', 'ga', 'kuah', 'kering', 'mie', 'doang', 'sajian', 'inikapok']",Negative
"['bad', 'and', 'not', 'worth', 'the', 'money', 'and', 'it', 'small', 'potion', 'even', 'not', 'make', 'baby', 'full']",Negative
"['paraah', 'rasanyaaaaa', 'pes', 'doang', 'beli', 'mie', 'aceh', 'goreng', 'daging', 'dagingnya', '', 'biji', 'segede', 'kuku', 'beli', 'martabak', 'telor', 'dateng', 'telor', 'dadar', 'isi', 'cabe', 'harganya', 'rb', 'telornya', '', 'butir', 'kayanya', 'parah', 'pedagang', 'kaya', 'gini', 'mentang', 'jualanya', 'ga', 'tatapan', 'pembeli', 'kaya', 'gitu', 'doooong', 'kecewaa', 'bgtbgt']",Negative
"['beli', 'mie', 'aceh', 'istimewa', 'ga', 'istimewa', 'uda', '', 'daging', 'ga', 'adacumi', 'ga', 'promo', 'isinya', 'sesuai', 'penjual', 'cantumkanrasa', 'martabak', 'aduhhhh', 'mah', 'martabak', 'telur', 'dadartimun', '', 'iris', 'ckckckckckkata', 'laku', 'menu', 'beliitu', 'laku', 'customer', 'rasain', 'gimana', 'yaaaaa']",Negative
"['pesen', 'nasi', 'goreng', 'mie', 'goreng', 'mie', 'kusah', 'porsinya', 'ga', 'enak', 'nasinya', 'ambyar', 'buruk', 'super', 'kecewa', 'niat', 'jualan', 'tolong', 'diperbaiki', 'parah', 'mubazir', 'ga', 'kemakan']",Negative
"['gak', 'kerupuknya', 'e', 'teh', 'tariknya', 'gak']",Negative
"['order', 'mie', 'aceh', 'daging', 'isinya', 'ga', 'daging', 'terima', 'kasih']",Negative
"['siip', 'msk']",Positive
"['berbeda', 'gambar', 'hambar', 'pokonya', 'sesuai']",Negative
"['sesuai', 'ekspektasi', 'harga']",Positive
"['asinnyatolong', 'yasebelum', 'dikiirm']",Negative
"['nasi', 'goreng', 'seafood', 'ga', 'tawar', 'ga', 'kasih', 'kecap', 'ga', 'dapet', 'krupuk']",Negative
"['bumbu', 'sayang', 'banget']",Negative
"['bumbunya', 'nendang', 'asin', 'istimewa', 'topping', 'dikiiiiiit', 'porsi', 'lumayan', 'martabak', 'acehnya', 'lumayan']",Negative
"['garam', 'daging', 'sapinya', '', 'slice', 'aja', 'banyakan', 'mie', 'sisanya', 'maaf', 'reviewnya', 'jelek', 'nyesel', 'banget', 'hambar', 'banget', 'packaging', 'minuman', 'smpe', 'tunpah']",Negative
"['enak', 'kuah', 'ny', 'kentaltrus', 'pesan', 'kuah', 'ny', 'bnyak', 'banget', 'inti', 'ny', 'enak']",Negative
"['pes', 'gak', 'pes', 'pesen', 'kuah', 'bnyak', 'kya', 'mkn', 'mie', 'goreng', 'gda', 'kuah', 'lengkap', 'kerupuk', 'gda', 'kacang', 'gda', 'jeruk', 'nipis', 'secuil', 'doank', 'parah', 'mah']",Negative
['bumbu'],Negative
"['nasi', 'goreng', 'aceh', 'terburuk', 'makan', 'maaf']",Negative
"['gak', 'kaya', 'otentik', 'gak', 'dapet', 'acar']",Negative
"['mi', 'acehnya', 'enak', 'porsinya', 'roti', 'canenya', 'nggak', 'banget', 'kejunya', 'dikit', 'mesesnya', 'dikit', 'susu', 'kentalnya', 'dikit']",Negative
"['nasi', 'goreng', 'aceh', 'kaga', 'enak', 'hidup', 'martabak', 'asin', 'mie', 'pucat', 'beda', 'tukang', 'masak', 'langganan', 'pengelola', 'tukang', 'masaknya', 'pulang', 'kampung', 'aja', 'aceh', 'bikin', 'malu', 'orang', 'aceh', 'jakarta']",Negative
"['martabak', 'telurnya', 'ga', 'enak', 'omelet', 'telur', 'dadar']",Negative
"['kedepannya', 'kalo', 'pesen', 'go', 'food', 'kasih', 'sendok', 'sterofoam', 'kasihan', 'pesen', 'urgent']",Negative
"['mie', 'enak', 'bikin', 'nagih']",Positive
"['nasinya', 'matang', 'makan', 'beras', 'tlg', 'diperhatikan', 'ya', 'trim']",Negative
"['nasi', 'goreng', 'cumi', 'daging', 'cuminya', '', 'potong']",Negative
"['kualits', 'sesuai', 'harga', 'mie', 'aceh', 'memuaskan', 'semoga', 'kedepannya', 'lbh', 'improve', 'lg']",Negative
"['keasinan', 'kebanyakan', 'garam']",Negative
"['nggak', 'dagingnya']",Negative
"['pesan', 'pedasnya', 'pedas', 'kuat', 'asinnya', 'bumbunya']",Negative
"['coba', 'cek', 'pesanan', 'customer', 'donkbiar', 'oke']",Negative
"['martabaknya', 'acar', 'rawitnya']",Negative
"['mie', 'aceh', 'mie', 'biasaacar', 'bawang', 'ga', 'martabaknya']",Negative
"['cumi', 'msh', 'amis', 'masak']",Negative
"['mantap', 'mie', 'spesialnya']",Positive
"['roti', 'cane', 'gimn', 'gitu', 'kykny', 'frozen', 'foodny', 'maybe']",Negative
"['pesan', 'nasi', 'goreng', 'bungkusin', 'mie', 'goreng']",Negative
"['enaaakkk', 'thn', 'jkt', 'a', 'rasain', 'mie', 'aceh', 'khas', 'aceh', 'a', 'mantap']",Positive
"['pesanan', 'sesuai']",Negative
"['', 'hr', 'mesen', 'enak', 'mantap', 'oesanan', 'asin']",Negative
"['ngga', 'sambel', 'bawangnya']",Negative
"['nasi', 'mateng', 'jdi', 'makan', 'nasi', 'goreng', 'kaya', 'nasi', 'mentah']",Negative
"['pes', 'banget', 'sampe', 'kuat']",Negative
"['udah', 'ka', 'muhehehe']",Positive
"['kop', 'brat', 'mangat']",Positive
"['bukok', 'asin', 'gak', 'kya', 'pesen', 'hadeeeuh']",Negative
"['enaktpi', 'sesuai', 'gmbardi', 'foto', 'emping', 'sma', 'kcg', 'goreng', 'ny', 'tolong', 'si', 'sesuaikan', 'gambar', 'thnks']",Negative
"['enak', 'mgk', 'krn', 'petisnya', 'enak', 'higienis', 'rambut', 'makanannya']",Negative
"['petis', 'nampol']",Negative
"['sorry', 'makan', 'rujak', 'cingur', 'lumayan', 'enak', 'saran', 'berani', 'modal', 'dikit', 'mewadahi', 'bumbu', 'kacangnya', 'karna', 'gak', 'pesanan', 'dimakan', 'langsung', 'efek', 'bumbu', 'pisah', 'perjalanan', 'gak', 'nemu', 'jalan', 'mulus', 'goyangan', 'bumbu', 'tumpah', 'wadahnya', 'terkesan', 'si', 'kurir', 'lalai', 'ya', 'faktor', 'kemasan', 'ngasih', 'saran', 'aja', 'sihkalau', 'ya', 'oke', 'oke', 'aja']",Negative
"['bumbunya', 'medok', 'petisnya', 'ga', 'berasa']",Negative
"['saus', 'rujak', 'tumpah', 'diplastik', 'kacangnya', 'kantong', 'plastik', 'zip', 'tied']",Negative
"['lengkap', 'buah', 'bumbu', 'petis', 'medok', 'tingkatkan', 'ya']",Negative
"['saus', 'petisnya']",Negative
"['cpt', 'pick', 'up', 'pedagang', 'ramah', 'kirain', 'toko', 'warung', 'drmh', 'sukses', 'y', 'ma']",Positive
"['pesan', 'mozarellatp', 'gak', 'kasih', 'mozarella', 'tahunya', 'gak', 'tempe', 'doang', 'x', 'diperhatikan', 'pesanan', 'customerthx']",Negative
"['gak', 'rasanyaambyarrrr']",Negative
"['ayam', 'bakar', 'maaf', 'aja', 'gak', 'enak', 'bumbunya', 'gak', 'meresap', 'kedalam', 'dagingnya', 'dagingnya', 'pa', 'digigit', 'basah', 'abis', 'rebus', 'trus', 'langsung', 'dibakar', 'berasa', 'air', 'aja', 'gitu']",Negative
"['kubis', 'gorengnya', 'rawan', 'kanker']",Negative
['pesanan'],Negative
"['berminyak', 'lauk', 'sambelnya', 'tolong', 'dikurangi']",Negative
"['rb', 'belom', 'pkek', 'nasi']",Negative
"['lumayan', 'ayam', 'dagingnya', 'temping', 'kol', 'goreng', 'gosoong']",Negative
"['kol', 'gosong', 'cabe', 'kaya', 'cabe', 'bubuk']",Negative
"['kurangkurang', 'gurih', 'asin']",Negative
"['too', 'long', 'preparation', 'side', 'dish', 'overcooked', 'all', 'black', 'the', 'rice', 'is', 'not', 'wellcooked']",Negative
"['the', 'taste', 'not', 'so', 'yummy']",Negative
"['hambar', 'ga', 'enak', 'dibuang', 'sayang', 'pdhal', 'mahal']",Negative
['enak'],Negative
"['ayam', 'geprek', 'ga', 'dagingnya', 'tulang', 'doang', 'beneran', 'tulang', 'krn', 'kulitnya', 'ga', 'tulang', 'pake', 'cabe']",Negative
"['rasaapa', 'lupa', 'tambahin', 'garamtawar']",Negative
"['tepe', 'gosokayam', 'kulit', 'doangdagingnya', 'ga']",Negative
"['alhamdulillah', 'anak', 'doyan', 'banget', 'sate', 'kelinci', 'obat', 'asma', 'anak', 'doain', 'biar', 'cepat', 'sembuh', 'asma', 'anak', 'terima', 'kasih', 'harga', 'tusuknya', 'kurangin', 'gtu', 'om']",Positive
"['daging', 'sapi']",Negative
"['porsi', 'sop']",Positive
"['bu', 'tongseng', 'daging', 'sapi', 'kera', 'alotsate', 'ayam', 'enak', 'kulit', 'ayam']",Negative
"['daging', 'alot', 'sesuai', 'harga']",Negative
"['tongsengnya', 'keasinan', 'dikit']",Negative
"['dagingnya', 'kera']",Negative
"['pesen', 'tongseng', 'kambing', 'dikasih', 'tongseng', 'ayam', 'pes', 'cabe', 'iris', 'ny', 'diuleg']",Negative
"['tongseng', 'dagingnya']",Negative
"['bikin', 'nagih', 'bangetttttlagi', 'sakit', 'aja', 'enaknya']",Positive
"['mantap', 'syekaleeee']",Positive
"['pa', 'bangetmantap', 'direkomendasiin', 'adek', 'sayabaru', 'makan', 'tongseng', 'seenak', 'initerima', 'kasih']",Positive
['porsinya'],Negative
"['enak', 'bangettt', 'ayamnya', 'sendikit', 'hehehe']",Positive
"['porsi', 'ga', 'sesuai', 'harga', 'aslinya']",Negative
['passeger'],Positive
"['very', 'delicious', 'thank', 'you']",Positive
"['porsi', 'tongsengnya']",Negative
"['beli', '', 'pors', '', 'satenya', 'kurangpenjual', 'gak', 'teliti', 'jujur']",Negative
"['coba', 'makanan', 'ga', 'enak']",Negative
"['okmantap', 'terima', 'kasih', 'ya']",Positive
"['mantab', 'songsengnya', 'anak', 'suka', 'suka', 'suka']",Positive
"['bumbu', 'satenya', 'encer', 'hambar', 'satenya', 'beneran', 'full', 'daging', 'no', 'kulit']",Negative
['mantaaaaaab'],Positive
"['bumbu', 'kacangnya', 'lumayan', 'kalo', 'rating', '', 'nilai', '']",Negative
['mantaaaab'],Positive
"['pesan', 'nasinya', 'bkin', 'kaget', 'orang', 'giliran', 'pesan', 'kali', 'ya', 'lumayan', 'nasi', 'sate', 'potongan', 'ya', 'bikin', 'gak', 'nyesel', 'enak', 'dimakan', 'selagi', 'panas²cuma', 'kasih', 'masukan', 'ya', 'kak', 'tolong', 'dikasih', 'sendokplastik', 'klw', 'diluar', 'rumah', 'masak', 'iya', 'makan', 'gak', 'pakai', 'sendok', 'diutamakan', 'ya', 'kakpelanggan', 'puas', 'pedagangnya', 'seneng', 'sukses', 'smoga', 'lancar', 'trus', 'usahanya', 'amiin', 'salam', 'dr', 'anak', 'rantau', 'asli', 'solo']",Negative
"['enak', 'mantap', 'sate', 'tongseng', 'gak', 'dikasih', 'sendoknya']",Positive
"['hambar', 'worth', 'it', 'banget', 'dah', 'isi', 'dagingnya']",Negative
"['porsi', 'dagingnya', 'hehe']",Negative
"['enak', 'ekstra', 'sambal', 'kali', 'yaaa', 'biar', 'mantap']",Positive
"['satenya', 'mateng', 'bang', 'bakarnya', 'lamma']",Positive
"['tolong', 'namanya', 'tongseng', 'kuahnya', 'ga', 'tolong', 'cicip', 'kuahnya', 'ga', 'skali', 'makasih', 'semoga', 'kedepan', 'lbh']",Negative
"['porsinya', 'enak']",Positive
"['mantab', 'betulbetul', 'kulit', 'dagingnya', 'bakar', 'matang']",Positive
"['bumbunya', 'dikit', 'banget', 'coba', 'banyakan', 'enak']",Negative
"['tongseng', 'garam']",Negative
"['tongseng', 'garam']",Negative
"['bumbu', 'dibanyakin']",Positive
"['makan', 'tongseng', 'kali', 'beli', 'disinirasanya', 'ga', 'enaak', 'tongseng', 'kog', 'kuahnya', 'kecap', 'asin']",Negative
"['sateny', 'enak', 'empuk', 'bumbu', 'kcgnya', 'byk']",Negative
"['bau', 'daging', 'kambingnya', 'tercium']",Negative
"['bumbu', 'kacangnya', 'jgn', 'encer']",Negative
"['lumayan', 'enak', 'cuman', 'khas', 'solo']",Positive
"['kering', 'bakarnya']",Negative
['lemaknya'],Negative
"['tongsengnya', 'kental', 'saus', 'kacang', 'sangit']",Negative
['mengecewakan'],Negative
"['seger', 'banget', 'abis', 'minton', 'minum', 'jus']",Negative
"['kedepannya', 'kurangi', 'e', 'banyakin', 'buah', 'ya', 'biar', 'buah', 'e', 'terima', 'kasih']",Negative
"['mahal', 'doang', 'standar']",Negative
"['d', 'pesan', 'apayg', 'd', 'krm', 'kecewa']",Negative
"['sop', 'buah', 'duriannya', 'sesuai', 'foto', 'sop', 'buah', 'kuah', 'durian', 'duriannya', 'ganti', 'aja', 'fotonya']",Negative
"['jus', 'kaya', 'ngga', 'pake', 'buah', 'fresh', 'air', 'sop', 'buahnya', 'air', 'ngga']",Negative
"['mohon', 'maaf', 'yaa', 'coment', 'meningkatkan', 'kwalitas', 'bu', 'jusnya', 'kebanyakan', 'air', 'apalahi', 'sop', 'buahnya', 'sop', 'air', 'kasian', 'kecewa', 'terima', 'kasih']",Negative
"['jus', 'mangganya', 'kirim']",Negative
"['jusnya', 'gak', 'frsh']",Negative
['great'],Positive
"['tahunya', 'udah', 'dingin']",Negative
"['pa', 'makanan', 'nyampe', 'udah', 'dingin']",Negative
"['msh', 'alot', 'tepung', 'gak', 'garing', 'goreng']",Negative
"['sdh', 'hangat', 'kriuk', 'habis', 'goreng', 'ulang', 'sdh', 'dingin']",Negative
"['tahunya', 'dingin', 'kayaknya', 'digoreng', 'duluan', 'gak']",Negative
"['sdh', 'note', 'spy', 'dikirim', 'digoreng', 'dikirim', 'sdh', 'panas', 'pdhl', 'jarak', 'sgt', 'dkt', 'sebagus', 'kalibata']",Negative
"['worst', 'kriuk', 'ever', 'served', 'super', 'cold', 'sticked', 'to', 'each', 'others', 'and', 'hard', 'to', 'chew', 'feel', 'like', 'eating', 'rock']",Negative
"['udah', 'melempem', 'banget', 'kera', 'beli', 'digoreng', 'enak']",Negative
"['kali', 'kecewa', 'krna', 'dipesan', 'dingin', 'pdhal', 'pesan', 'kondisi', 'hangat']",Negative
"['matang', 'or', 'tepung', 'salah', 'bahan']",Negative
"['kera', 'spt']",Negative
"['dingin', 'minyak']",Negative
"['tahunya', 'dingin', 'ga', 'enak']",Negative
"['tahunya', 'enak', 'haya', 'cabe', 'rawit', 'bekas', 'gigitan', 'ya']",Negative
"['dikirim', 'dlm', 'dingin']",Negative
['dingin'],Negative
"['tahunya', 'alot', 'digoreng', 'ulang']",Negative
"['sesuai', 'request', 'panas', 'asin']",Negative
"['krunchi', 'kriuk', 'cabang', 'kebagusan']",Negative
"['panas', 'gym', 'dibagikan', 'panas', 'ga', 'panas', 'ga', 'kriuk', 'aneh', 'nama', 'kriuk']",Negative
"['tahunya', 'udah', 'dingin', 'alot', 'tulis', 'note', 'panas', 'digoreng', 'kecewa']",Negative
"['panas', 'angetan', 'enak', 'terima', 'kasih']",Positive
"['sukses', 'dimasak', 'enak', 'kemaren', 'digoreng', 'ulang', 'alot', 'dikasih', 'udah', 'dingin', 'beli', 'box', 'isi', '', 'biji', 'ampun']",Positive
"['maaf', 'ksh', '', 'star', 'yaa', 'krn', 'tahunya', 'gag', 'crispy', 'dingin', 'gak', 'panas', 'asam']",Negative
"['beli', 'kriyuk', 'goreng', 'gorengan', 'angetin', 'panas', 'enak', 'banget', 'rekomen']",Positive
"['dingin', 'alot', 'ga', 'krispy']",Negative
"['panas', 'ga', 'kasi', 'panas']",Negative
"['tahunya', 'panas', 'psti', 'enak', 'dingin', 'bikin', 'pegel', 'ngunyah']",Negative
"['alamatny', 'kriuk', 'dimana', 'jatipadangswbelah']",Positive
"['gak', 'pake', 'cabe', 'rawit', 'tu', 'gimanaa']",Negative
"['ga', 'keriuk', 'ga', 'panaskecewa', 'ntt']",Negative
"['enak', 'pans', 'packaging', 'bagus']",Positive
"['pesennya', 'isi', '', 'nyampenya', '']",Negative
['berminyak'],Negative
"['boxnya', 'bagus', 'sayang', 'pake', 'kantong', 'plastik', 'smoga', 'kedepannya', 'solusi', 'ramah', 'lingkungan', 'ya', 'dukung', 'program', 'pemerintah', 'semangat']",Positive
"['bau', 'tahunya', 'tlg', 'dijaga', 'kualitasnya', 'br', 'kali', 'order', 'bau']",Negative
"['gak', 'panas', 'kera', 'gak', 'fresh', 'pdhl', 'gak']",Negative
"['td', 'masak', 'jam', '', 'beda', 'org', 'kyknya', 'tahunya', 'kera', 'gak', 'kyk', 'kyknya', 'salah', 'racikan', 'salah', 'goreng', 'mohon', 'mempertahankan', 'kualitas', 'tahunya', 'yaa']",Negative
"['pesen', 'isi', 'harga', 'rbtp', 'isina', '']",Negative
"['tahunya', 'udah', 'digoreng', 'kali', 'warnanya', 'kehitaman']",Negative
"['tahunya', 'lengket', 'menyatu', 'ya', 'digoreng']",Negative
"['enak', 'sayang', 'dikasih', 'cabe', 'rawit']",Positive
"['kalo', 'hangat', 'enak', 'banget']",Negative
"['dapatnya', 'udah', 'gak', 'kriuk', 'krn', 'udah', 'digorengnya']",Negative
"['beli', 'paket', '', '', '', 'in', 'total', 'isi', 'paket', 'kpd', 'gojekpelanggan', '']",Negative
"['enak', 'balutan', 'tepungnya', 'kriuk', 'dibandingkan', 'outlet']",Negative
"['ga', 'seenak', 'kriuk', 'cabang', 'laen']",Negative
"['mesen', 'udang', 'balado', 'datengnya', 'daging']",Negative
"['sesuai', 'ekspestasitahu', 'kera']",Negative
"['kulitnya', 'ga', 'crispy', 'kyk', 'cabang']",Negative
"['cabe', 'manaaaaaaaaaaaaaaaa', 'sampe', 'lupa', 'donk', 'org', 'makan', 'pake', 'rawit', 'rada', 'kecewa', 'karna', 'lumayan', 'berminyak', 'makasih']",Negative
"['cabe', 'rawitnyaaaaa']",Negative
"['gak', 'diksh', 'cabe', 'rawit', 'habis']",Negative
"['cabe', 'rawit', 'bnyak', 'busuk', 'ngga', 'busuk', 'bau', 'lembab', 'pengaruh', 'banjir']",Negative
"['barangnya', 'sdh', 'digoreng', 'kera', 'bagus', 'kecewa']",Negative
"['kriuknya', 'kera']",Negative
"['gak', 'sedia', 'isi', '', 'pc', '', 'pc', 'nambah', '', 'pc', 'nunggu', '', 'menit', 'abang', 'gojeknya', 'what', 'the', 'hell']",Negative
"['panas', 'digoreng', 'susah', 'digigit']",Negative
"['tahunya', 'bau', 'gakaya']",Negative
"['kriuk', 'mantap']",Positive
"['ga', 'dikasih', 'cabe']",Negative
"['cemilan', 'favorit', 'keluarga']",Positive
"['how', 'to', 'have', 'them', 'warm', 'cause', 'itll', 'be', 'a', 'little', 'bit', 'hard', 'to', 'bite', 'when', 'they', 'getting', 'cold']",Negative
"['kriuk', 'yes', 'terenak', 'seasia', 'tenggara']",Positive
"['abis', 'digorengjadi', 'endescuma']",Positive
"['tolong', 'minyaknya', 'hr', 'diganti']",Negative
"['enak', 'tahunya', 'dimakan', 'panas']",Positive
"['enaknya', 'gak', 'manusiawi', 'ih', 'tahu', 'abis', 'org', 'doang', 'oiya', 'rawitnya', 'dooong', 'banyakin', 'hehehehe', 'asli', 'enak', 'dipinggir', 'jalan', 'ukurannya', 'kecil', 'versi', 'mediumnya', 'yaaaaa']",Positive
"['enak', 'banget', 'kriuknya', 'woy', 'gaboong']",Positive
"['minyaknya', 'bos']",Negative
"['enak', 'tunggu', 'digoreng']",Negative
"['çabe', 'lupa', 'd', 'ksh', 'ya']",Negative
"['tahunya', 'udah', 'dingin', 'and', 'kera', 'aloott', 't_t']",Negative
"['tahunya', 'kera', 'gosong', 'kayak', 'digoreng', 'berkali']",Negative
"['pesan', 'isinya', '', 'cabenya', 'dikasih', '']",Negative
"['enak', 'sayang', 'ga', 'dikasih', 'cabe', 'enak', 'doang', 'gapake', 'apa', 'semoga', 'kedepannya', 'stock', 'cabe']",Negative
['suka'],Positive
"['bumbu', 'bubuk', 'rasa', 'pedas', 'nampol']",Negative
"['kriuk', 'enaaak', 'favorit', 'bangettt']",Positive
['suka'],Positive
"['packing', 'bagus', 'makanannya', 'enak', 'kebersihan', 'packingnya', 'terjaga', 'pengiriman', 'cepat']",Positive
"['ga', 'saus', 'keju']",Negative
"['pa', 'saucenya']",Negative
"['saos', 'coklat', 'kaya', 'uda', 'basibau', 'asam', 'ragi', 'gtga', 'kaya', 'kulit', 'tipi', 'banget', 'ampir', 'ga', 'kliatan', 'kulit', 'tepung']",Negative
"['cant', 'taste', 'the', 'salted', 'egg', 'sauce', 'maybe', 'you', 'need', 'to', 'upsize', 'the', 'sauce']",Negative
"['salted', 'egg', 'taste', 'basi']",Negative
['delicious'],Positive
"['dalem', 'isi', 'dingin', 'kaya', 'abis', 'kulkas']",Negative
"['driver', 'nunggu']",Negative
"['gurih', 'msg']",Negative
"['rasany', 'enak', 'trimksh']",Negative
"['kering', 'but', 'enak']",Negative
"['udah', 'beli', 'kecewa', 'bakso', 'isian', 'pangsit', 'ngeres', 'lembut', 'udah', 'gitu', 'dumpling', '', 'pembelian', 'kaya', 'gini', 'fix', 'ga', 'beli']",Negative
"['beda', 'enak', 'banget', 'daging', 'pangsitnya', 'gaada', 'tulang', 'ikannya', 'skrg', 'sedih']",Negative
"['enak', 'goreng']",Positive
"['nyobain', 'nyesel', 'enak', 'banget', 'langganan', 'kalo', 'kepengen', 'pangsit', 'goreng']",Positive
"['kali', 'beli', 'beli', 'pangsit', 'goreng', 'dumpling', 'kuah', 'duaduanya', 'manteppp', 'jd', 'langganan', 'kalo', 'bm', 'pangsit', 'hehe', 'pangsitnya', 'enakkk', 'suka', 'kerasa', 'asem', 'ga', 'bumbu', 'pa', 'kuah', 'dumpling', 'the', 'best', 'pake', 'ciwis', 'sawi', 'oke', 'kalo', 'pake', 'sawi', 'suka', 'kerasa', 'pait', 'masukan', 'aja', 'pangsit', 'gorengnya', 'ditambahin', 'toge', 'hehe', 'jualan', 'minumannya', 'biar', 'order', 'makanan', 'minuman', 'ga', 'order', '', 'thank', 'you']",Positive
"['jualannya', 'amanah', 'mahal', 'gak', 'sesuai', 'gambar', 'gak', 'hilang', 'selera']",Negative
"['enaaakkk', 'bangeettt', 'gurih', 'jugaa', 'pangsit', 'rebusnya', 'pangsit', 'gorengnya', 'kyknya', 'saos', 'tiramgula', 'sikit', 'over', 'all', 'enak']",Positive
"['enak', 'enak', 'gurih', 'bahannya', 'fresh']",Positive
"['enak', 'banget', 'gak', 'bosan', 'pesan']",Positive
"['kali', 'beli', 'karna', 'pengen', 'pangsit', 'goreng', 'enak', 'okee']",Positive
"['muantulll', 'top', 'markotop']",Positive
"['blm', 'kecewa', 'beli', 'pangsit', 'enak', 'porsinya', 'pa', 'kuah', 'sayurnya', 'seger', 'semoga', 'konsisten', 'kualitasnya', 'harganya', 'ga', 'mahal']",Positive
"['pesan', 'dumpling', 'kuah', 'pangsit', 'kuah', 'spesial', 'dumpling', 'kuah', 'pangsit', 'goreng']",Negative
['porsinya'],Negative
"['mohon', 'maaf', 'pesenan', 'sesuai', 'deskripsi', 'diinginakan', 'pedas', 'tapii', 'pa', 'buka', 'pedas', 'terima', 'kasih']",Negative
"['sesuai', 'pesanan', 'trimakasih']",Positive
"['saran', 'pangsit', 'gulung', 'ori', 'saus', 'asam', 'manis', 'pelengkapnya', 'terima', 'kasih']",Positive
['enaaakk'],Positive
"['sayuran', 'dikit', 'foto', 'pangsit', 'lumayan', '']",Negative
"['porsinya', 'kurng', 'hehehehe']",Negative
"['saran', 'aja', 'si', 'udah', 'enak', 'bgtt', 'touge', 'enak', 'hahaha']",Negative
"['pangsit', 'gorengnya', 'enak', 'banget', 'bikin', 'ngangenin', 'surabaya']",Positive
"['enak', 'sihhhh', 'bumbunya', 'tuh', 'hb', 'makan', 'ga', 'ninggalin', 'bekaspedessnya', 'nampoll', 'suka', 'banget', 'dah', 'x', 'order', 'berturut']",Positive
"['enak', 'banget', 'kirain', 'dimana', 'taunya', 'deket', 'banget', 'rumah', 'mertua']",Positive
"['bingung', 'makan', 'pangsit', 'kering', 'ga', 'kaya', 'pangsit', 'udah', 'gt', 'kaya', 'sawi', 'cmn', 'dicemplungin', '', 'biji', 'aja', 'tolong', 'diperbaiki', 'penyajiannya']",Negative
"['enak', 'banget', 'cocok', 'banget', 'sarapan', 'beneran', 'menu', 'terenak', 'murah']",Positive
"['isinya', 'gak', 'sesuai', 'ayam', 'otak²', 'hambarr', 'tapii', 'sesuai', 'request', 'porsi', 'lumayan', 'puas', 'lahh', 'next', 'isinya', 'ayam', 'yaa', 'jgn', 'otak²', 'suksess']",Negative
"['gak', 'menu', 'pangsit', 'isi', 'ayam', 'cincang', 'isi', 'bakso']",Negative
"['enak', 'porsi', 'kuran']",Negative
"['enak', 'daun', 'apasih', 'kalo', 'tau']",Positive
"['pangsit', 'enak', 'kalo', 'pes', 'campur', 'cabe', 'bubukrasa', 'ok', 'berkuranguntu', 'steek', 'enak', 'fishrollterimakasih', 'makannya']",Negative
"['kantong', 'plastik', 'mohon', 'ikat', 'kabel', 'strap']",Negative
"['dikit', 'cuman', 'dpet', '', 'pangsit']",Negative
"['pangsit', 'goreng', 'enaaaaakkk', 'bangeettt']",Positive
['porsinya'],Positive
"['porsi', 'sesuai', 'gambar', 'makanan', 'dtg', 'hambar']",Negative
"['kaget', 'pa', 'liat', 'isi', 'dlm', 'bungkusan', 'nyaa', 'ga', 'sesuai', 'gambar', 'lahh']",Negative
['gambar'],Negative
"['sebusan', 'toge', 'makyos']",Positive
"['gak', 'sesuai', 'gambar', 'asin']",Negative
"['pangsitnya', 'asin']",Negative
"['asin', 'rambut', 'dlm', 'pangsit']",Negative
"['gak', 'mateng', 'asin', 'bangt']",Negative
"['peyek', 'ga', 'dateng']",Negative
"['pesan', 'kelapa', '', 'kasih', '']",Negative
"['bakso', 'ny', 'bau']",Negative
"['kerupuk', 'lamabasi']",Negative
"['mantuuulllbakal', 'langganan', 'nih']",Positive
"['peyek', 'order', 'bayar', 'ga', 'masukin', 'trs', 'bakso', 'dalemnya', 'msh', 'mentah', 'maaf', 'ya', 'bintang', 'segituu']",Negative
"['pesen', 'e', 'kelapa', 'jeruk', '', 'porsi', 'diterima', 'e', 'kelapa', 'dikasih', 'jeruk']",Negative
"['kuahnya', 'asin', 'gurih', 'baksonya', 'mantapppp', 'pollllllllll', 'gajih']",Negative
"['pesen', 'kuantitas', 'berkurang', 'berkurang', '', 'jeruknya', 'dikurangi', 'airnya', 'kuning']",Negative
"['kelapa', 'ijo']",Positive
"['massa', 'e', 'kelapa', 'semut', 'ya', 'semut', 'jaga', 'kebersihan', 'pesanan', 'pelanggan', 'trima', 'ksh']",Negative
"['dimenu', 'tertulis', 'pakai', 'miepas', 'dtg', 'ga', 'pakai', 'mie']",Negative
"['nyoba', 'pesen', 'enak', 'banget', 'kemasan', 'bersih', 'sambal', 'ijonya', 'mantap', 'segar', 'pedasnya', 'recommended', 'puolll']",Positive
"['makanan', 'enak', 'gurih', 'puas', 'abang', 'kurir', 'sabar', 'semoga', 'rezeki', 'terima', 'kasih']",Positive
"['murah', 'rada', 'keasinan']",Positive
"['good', 'makanan', 'enak']",Positive
"['ga', 'sayur', 'ijonya', 'karna', 'udah', 'sore', 'kali', 'ya', 'udah', 'abiss', 'kacang', 'doang', 'ijo', 'kentang', 'dadu', 'biji', 'sisanya', 'kol', 'labusiam', 'toge', 'timun', 'doang', 'banyakmanisnya', 'pake', 'kecap', 'pake', 'gula', 'merah', 'ok']",Negative
"['enak', 'sayang', 'ga', 'dikasih', 'kerupuk']",Negative
"['banyakin', 'porsi', 'lalap', 'nasi', 'sambel']",Positive
['pesanan'],Negative
"['lumayan', 'enak', 'porsinya', 'udah', 'lengkap', 'sepaket', 'gitu', 'ayamnya', 'bumbunya', 'meresap', 'tipikal', 'makanan', 'repeat', 'order', 'suka', 'lengkap', 'gt']",Negative
"['dadanya', 'ga', 'sayapnya']",Negative
"['murah', 'ayamnya', 'gak', 'gak', 'puas']",Negative
"['tumben', 'tahunya', 'bumbu']",Negative
"['ayamnya', 'sesuai', 'gambar', 'u', 'sesuai', 'gambar', 'harga', 'terima', 'kasih']",Negative
"['sotony', 'seger', 'hambar', 'maaf', 'ya', 'cm', 'kasih', 'saran', 'aja', 'kuah', 'ny', 'berasa', 'anyep']",Negative
"['keep', 'up', 'the', 'good', 'taste', 'kang', 'adang']",Negative
"['koq', 'harganya']",Positive
"['terimakasih', 'bungkus', 'nasinya', 'sdh', 'memakai', 'dsun', 'pisang']",Negative
"['keep', 'up', 'the', 'good', 'taste']",Positive
"['keep', 'up', 'the', 'good', 'taste']",Positive
"['smoga', 'menjaga', 'kwalitas', 'makanannya']",Positive
"['keep', 'up', 'the', 'quality']",Positive
"['thanks', 'for', 'making', 'the', 'good', 'foodkeep', 'up', 'tje', 'quality']",Positive
"['good', 'food', 'good', 'taste']",Positive
"['smoga', 'menjaga', 'kualitas', 'makanannya', 'ya']",Positive
"['tahunya', 'bau', 'basi', 'tempenya', 'spt', 'digoreng', 'x', 'ayam', 'paha', 'dikasih', 'dada', 'nyobain', 'aja', 'sesuai', 'fotonya', 'semoga', 'masukan']",Negative
"['terima', 'kasih', 'pesanannya', 'lebihin']",Positive
"['siang', 'sambalnya', '', 'cuman', '', 'hadewww', 'pie', 'to', 'ma', 'mass']",Positive
"['mohon', 'sblm', 'mrngiim', 'pesanan', 'dicek', 'dulusebab', 'suka', 'ketinggalan']",Negative
"['enak', 'cma', 'sambelnya', 'pes', 'hee']",Positive
"['nasinya', 'bagus', 'basi']",Negative
"['sambalnya', 'diulek', 'manual', 'maknyoss']",Negative
"['kirain', 'nasi', 'timbel', 'nasi', 'putih', 'dibungkus', 'plastik', 'ayam', 'paha', 'lalapan', 'minimalis', 'potongan', 'timun', 'kol', 'sambal', 'ga', 'menarik']",Negative
"['ayamnya', 'bulunya', 'sambelnya', 'asem', 'banget', 'cuka', 'pes']",Negative
"['sambelnya', 'mantap']",Negative
"['ikan', 'sm', 'ayam', 'enaktp', 'sesuai', 'gambar', 'nasinyabukan', 'nasi', 'timbelpdhl', 'angan']",Negative
"['pesanan', 'sesuai', 'blgny', 'nasi', 'timbel', 'koq', 'dtgnya', 'nasi', 'digmbr', 'ikan', 'asinnya', 'pesanan']",Negative
"['enak', 'ngebungkusnya', 'bagus', 'sayangnya', 'request', 'potongan', 'dada', 'dikasihnya', 'paha', 'mendingan', 'gak', 'ditulis', 'pilihan', 'ayamnya']",Negative
"['tempenya', 'ilang']",Negative
"['sambel', 'seger', 'pa', 'lidah']",Positive
"['over', 'all', 'sedap', 'pashanya', 'sayang', 'sambelnya', 'pasngak', 'sedapterlalu', 'asam', 'kecut']",Negative
"['nasinya', 'kera', 'sambal', 'enak', 'overall', 'ok', 'sesuai', 'harga']",Negative
"['nasi', 'basi', 'bau', 'kaya', 'nasi', 'kemaren', 'nggak', 'niat', 'jualan', 'lg', 'laper', 'banget', 'lg', 'nunggu', 'r', 'sakit', 'nggak', 'kemakan', 'mubazir', 'parah', 'parah', 'nggak', 'niat', 'jualan']",Negative
"['maaf', 'nasi', 'timbelnya', 'matang']",Negative
"['makanan', 'sesuai', 'pesananyg', 'dipesan', 'paket', 'bawal', 'komplit', 'paket', 'ayam', 'komplit']",Negative
"['sambalnya', 'mantap']",Negative
"['kali', 'pesan', 'nasinya', 'bungkus', 'daun', '', 'kali', 'pesanan', 'sdh', 'dibungkus', 'kertasjd', 'sdh', 'bkn', 'nasi', 'timbel']",Negative
"['nasi', 'timbel', 'bungkusnya', 'plastik', 'hrsnya', 'pake', 'daun', 'pisang', 'dunk']",Negative
"['taste', 'good', 'value', 'for', 'money']",Positive
"['tahunya', 'rasanyaayamnya', 'kering']",Negative
"['sambel', 'enak']",Negative
"['nasinya', 'ga', 'enak', 'sambelnya', 'gaenak', 'ampun', 'dah']",Negative
"['nasinya', 'bau', 'magic', 'jar']",Negative
"['sayurnya', 'layu', 'berkembang']",Negative
"['sambel', 'ya', 'asem', 'kaya', 'basi', 'gt']",Negative
"['kemasannya', 'jgn', 'kaya', 'gitu', 'ikan', 'ayam', 'bungkus', 'jd', 'smpe', 'tahunya', 'gepeng', 'ditu', 'dimasukin', 'dlm', 'plastik', 'asoy', 'pulak', 'mending', 'pake', 'kertas', 'aja', 'satu', 'perbaikan', 'kemasan', 'apy', 'nampak', 'lnh', 'higienis', 'menarik', 'makanan', 'std', 'alias', 'standar', 'sambal', 'smbalterasi', 'sprti', 'smbal', 'kebanyakan', 'ya', 'gak', 'terasinya', 'gula', 'garamnya']",Negative
['enakenak'],Positive
"['nasi', 'dimatengkan', 'terima', 'kasih']",Positive
"['ikan', 'bawalnya', 'bau', 'tanah']",Negative
"['kirain', 'nasinya', 'bungkus', 'daun', 'pisang', 'trnyata', 'aslinya']",Negative
"['mberikan', 'pilihan', 'potongan', 'ayam', 'sbaiknya', 'diorder', 'customer', 'dada', 'dikasih', 'sayap']",Negative
"['sambal', 'bau', 'basi', 'digoreng', 'matang', 'rekomend', 'lele', 'fresh', 'pahit']",Negative
"['minuman', 'e', 'temulawak', 'berasa', 'e', 'orson']",Negative
"['nasinya', 'blm', 'matengpera', 'ayamnya']",Negative
"['rasa', 'ditambah', 'krn', 'ayam', 'tempe', 'berasa', 'bumbu', 'hambar', '', 'mberikan', 'pilihan', 'ayam', 'sbaiknya', 'dipesan', 'customer', 'pesannya', 'dada', 'ayam', 'dikasihnya', 'sayap']",Negative
"['nasinya', 'matang']",Negative
"['mlm', 'tutup', 'jam', 'makanan', 'ya', 'pa', 'banget']",Positive
"['mayo', 'banget', 'sambel', 'ya', 'mantap']",Positive
"['nasi', 'timbelnya', 'nasi']",Negative
"['fotonya', 'sesuai', 'kenyataannya']",Negative
"['bagus', 'juru', 'masaknya', 'hebat', 'terima', 'kasih', 'ya']",Positive
"['nasinya', 'sdh', 'dibungkus', 'daun', 'pisang']",Negative
"['nasinya', 'nasi', 'putih', 'ngga', 'sesuai', 'deskripsi']",Negative
"['tempe', 'klu', 'fi', 'kasih', 'garem', 'biar', 'goreng', 'ayam', 'klu', 'sampe', 'warna', 'coklat', 'thanks']",Negative
"['kirim', 'foto', 'beda', 'foto', 'nasi', 'bungkus', 'daun', 'pisang', 'kaya', 'nasi', 'liwet', 'aslinya', 'nasi', 'putih', 'bungkus', 'plastik']",Negative
"['sambelnya', 'emg', 'kecut', 'kaya', 'basi', 'gitu', 'ya']",Negative
"['nasi', 'timbel', 'seharunya', 'pakai', 'daun']",Negative
"['sambel', 'buah', 'ga', 'banget', 'kaya', 'sambel', 'ga', 'fresh']",Negative
"['sesuai', 'katalog', 'nasi', 'bungkus', 'daon', 'pisang', 'kemasan', 'ayam', 'goreng', 'lauk', 'pakai', 'plastikrasa', 'ekspektasi']",Negative
"['nasinya', 'kera']",Negative
"['bungkus', 'nasinya', 'keblik', 'jdi', 'licin', 'blkang']",Negative
"['nasinya', 'bau', 'kecoa', 'kera']",Negative
"['nasinya', 'matang']",Negative
"['sesuai', 'pesanan', 'tertulis', 'nasi', 'timbel', 'nasi']",Negative
"['minuman', 'tolong', 'sesuai', 'aplikasi']",Positive
"['sambelnya', 'ga', 'enak']",Negative
"['semoga', 'allah', 'mencipta', 'manusia', 'memberkati']",Positive
"['enak', 'dimakan']",Positive
"['gak', 'sesuai', 'gambar', 'keterangan', 'dapet', 'paha', 'ayam', 'nasi', 'putih', 'lalapan', 'sambel', 'gak', 'istime']",Negative
"['sambalnya', 'nampol']",Positive
"['taste', 'ayam', 'nd', 'gorengannya', 'sambel', 'ohk', 'klau', 'bumbu', 'nd', 'meresap', 'ohkkk']",Negative
"['sambalnya', 'gak', 'enak']",Negative
"['sambalnya', 'ketinggalan']",Negative
"['lelenya', 'garing', 'mateng', 'seladanya', 'layu', 'item', 'gitu', 'ngk', 'dimakan']",Negative
"['tahunya', 'hambar', 'ayam', 'bumbu', 'meresap', 'ok']",Negative
"['ayam', 'gak', 'mateng', 'angkat']",Negative
"['lalapanya', 'seger']",Negative
"['maaf', 'nasi', 'mateng']",Negative
"['nasi', 'matang']",Negative
"['tempenya', 'asin', 'overall', 'enak']",Negative
"['kalo', 'ikan', 'asin', 'mantap']",Negative
"['pesanan', 'sesuai', 'mengecewakan', 'menunggu']",Negative
"['enak', 'makanannya', 'sambel', 'ok', 'ga', 'pes', 'doang']",Positive
"['order', 'salah', 'pesanya', 'paket', 'indomi', 'dikasinya', 'paket', 'nasi']",Negative
"['pesan', 'mie', 'nasi', 'mie', 'pesan', '', 'e', 'teh', 'manis', 'e', 'teh', 'tawar', 'kali', 'perhatikan', 'pesanan', 'sesuai', 'aplikasi']",Negative
"['nasi', 'basi', 'lembek', 'ayam', 'dihangatkan', 'teh', 'manis', 'ga', 'manis', 'geprek', 'gada', 'sambal']",Negative
"['', 'kali', 'pembelian', 'note', 'perhatikan', 'sambal', 'pisah', 'dtg', 'salah', 'pdhl', 'note', 'sopan']",Negative
"['tambahan', 'bawang', 'ditambah', 'cabenya', 'pesen', 'kol', 'goreng', 'dateng', 'tempe']",Negative
[],Negative
"['terima', 'kasih']",Positive
"['ayamnya', 'enak', 'porsi', 'pas', 'sambalnya', 'dikasih', 'daun', 'jerukk', 'enak', 'gda', 'lalapan', 'ttep', 'ok', 'lh']",Negative
"['mienya', 'porsi', 'terong', 'telornya', 'sesuai', 'request', 'jamurnya', 'minyak']",Negative
"['pesanan', 'teliti']",Negative
"['ayam', 'ny', 'kaya', 'basi', 'gaenk', 'nasi', 'ny', 'kera', 'jamur', 'ny', 'alott', 'basah', 'sambel', 'ny', 'paitt', 'ga', 'recomen', 'bngt']",Negative
"['sambalnya', 'gak']",Negative
"['mah', 'pesanannya', 'lma', 'nyampe', 'abang', 'gojeknya', 'kesel', 'nungguin', 'ngga', 'kasih', 'sambel', 'pesenan', 'ayamnya', 'ga', 'sesuai', 'tolong', 'kalo', 'layanin', 'beli', 'tuh', 'teliti', 'makan', 'ayamnya', 'doang', 'ga', 'sambelnya']",Negative
"['pesanan', '', 'ayam', 'paket', 'ayam', 'krispy', 'ayam', 'pedas', 'dikirim', '', 'bh', 'ayam', 'pedas']",Negative
"['pesanan', 'sesuai', 'rekues', 'level', '', 'pakai', 'cabe', 'paha', 'dikasih', 'pes', 'dada', 'gak', 'b', 'makan', 'krn', 'suka', 'pes', 'tlg', 'baca', 'order', 'lbh']",Negative
"['ok', 'ok', 'ya', 'ok', 'gitu']",Positive
"['menu', 'geprek', 'ayam', 'spicy', 'paha', 'selera', 'mkn', 'berkurang']",Negative
"['level', 'tertera', 'tepung', 'ayamnya', 'kera']",Negative
"['nasinya', 'kera', 'sambelnya', 'gaenak', 'sorry']",Negative
"['cabe', 'dikit', 'oke']",Negative
